title,content
Significance of a Police Clearance Certificate (PCC) in a pending Accident Case,"
A Police Clearance Certificate (PCC) is an official document issued by the Indian Police or government authority in India. It acknowledges any criminal records that an individual may have against their name and, if such records are clear, it issues a clearance certificate, which may be required for Indian or foreign citizens who are currently or have resided in India for the following reasons:

Pursuing professional positions that need independence;
Looking to relocate or obtain visas for other countries;
Taking care of an organization's demand;

A PCC from India does not have the time of legitimacy to back up its assertion. For the most part, it is legal for six months.
Significance of PCC
A valid Police Clearance Certificate, whether for employment, study, or travel, indicates that the individual has no criminal convictions throughout their time or stay in the country. Assume the individual was involved in criminal activity or were apprehended due to a law violation in any manner. In that instance, specific notices from the concerned country will appear on their PCC, including the infringement details. Therefore, possessing a Police Clearance Certificate demonstrates their morality and prudence as guests or residents. Employers and travel specialists may raise concerns if they cannot provide PCC, implying that they are unlikely to be well-behaved citizens of the country.
Definition of Petty case as per Karnataka Police Act
Petty cases
“Petty offence” means any offence punishable only with fine not exceeding one thousand rupees, but does not include any offence so punishable under the Motor Vehicles Act, 1931, or under any other law which provides for convicting the accused person in his absence on a plea of guilty.
Many sections in the Motor Vehicle Act are compoundable. It means if you commit a traffic violation, are booked for the same, and if the offence is compoundable, you can pay fine and get the case closed. Since you have paid fine, doesn’t seem it would affect you in anyway.
Alternative Remedies to come out of pending Moto Vehicle Accident Cases
Alternatively if offences are punishable under sections of 278, 279 and 304A of Indian Penal Code, then the accused may approach the Hon’ble High Court by filing quashing petition under section 482 of Criminal Procedure Code by convincing the complainant and thus such case may be quashed getting clear acquittal for getting PCC.
Components affecting PCC
1) Having a substantial criminal record: If a person has been punished or incarcerated, their PCC will reflect this. It is essential to note that being held for more than a year may affect police checks. Additionally, outstanding advances or service bills would make obtaining a PCC more difficult.
2) Association with a criminal organization: If a person is a member of an association, club, or sorority and has a criminal past, this may impact the credibility of their PCC. Any contribution to the gathering, especially those involving criminal activity, may arouse suspicions.
3) Record of unethical behaviour: A person's lengthy-time records demonstrate their upstanding reputation as a resident. If the experts believe that they are not decent or may threaten the country in any way, shape, or form, they are authorized to reject a police leeway declaration. Individuals seeking an Indian PCC can be divided into the following categories according to their nationality and present residence:
a) Indian citizens residing in India;
b) Indian nationals residing outside of India;
c) Nationals from other countries who have settled in India;
d) Indian citizens residing in India.
For Indian citizens living in India, the Indian government has modified the PCC application process to a self-improved approach in which individuals may apply for a PCC online through the Passport Seva Kendra (PSK).
Impact of Traffic Violations on PCC
In the case of Biju T.C. vs The Station House Officer[1], the Kerala High Court ruled those police officers could not refuse to issue a Police Clearance Certificate (PCC) to a citizen based on his involvement in a criminal case and that the PCC must be given after considering the case's nuances. Justice K Vinod Chandran issued the decision after reviewing an appeal filed by T.C. Biju of Airport Nagar in Vappalassery, Ernakulam. Biju is a taxi driver employed by Cochin International Airport Ltd (CIAL), and CIAL has requested that he construct a PCC to continue working there.
As a result, Biju documented a request before the Nedumbassery police headquarters sub-monitor to get the PCC. Despite this, PCC was denied to him because he was involved in a criminal case. Following this, Biju filed an appeal before the high court, questioning the Police's denial of PCC and designating the sub-overseer and Ernakulam country S.P. as inverse responsible for the situation.
In contrast to the Police's argument that PCC cannot be granted to people involved in criminal proceedings, the court ruled that if the applicant is engaged in wrongdoing, authentication must be provided specifying the nature of the crime the solicitor is involved in. The police authorities cannot refuse the applicant's testimony.
Minor traffic offences (such as speeding and running a stop sign or red light) are often dealt with separately from more severe law violations. Minor tiny criminal offences are punished less harshly, and the judicial procedures are less formal. Furthermore, the municipal court, which hears minor traffic violations, is separate from the criminal court in many jurisdictions.
PCC in case of Pending Accident Case
In the case of The State of Arunachal Pradesh vs Ramchandra Rabidas[2], the Supreme Court ruled that a person who commits offences under the Motor Vehicles Act, such as speeding and reckless driving, can also be charged under the Indian Penal Code because both statutes operate independently. It went on to say that, as India's mechanization accelerates, the number of street traffic accidents and fatalities will rise. A panel of Justices Indu Malhotra and Sanjiv Khanna overturned a December 22, 2008 judgement of the Gauhati High Court holding that an individual was arrested for over-speeding, dangerous driving, and other connected offences under the Motor Vehicles Act could not be charged under the IPC. While, according to Section 6 of the Passports Act, 1967, an individual's identity application may be denied if they have a criminal past or have proceedings pending. It is possible to ensure that they are available for the preliminary duration. If they were involved in a criminal investigation, but the accusations against them were dropped, they may be required to submit an endorsement stating the same. It will also cover circumstances when warrants have been issued in their name.
In any event, Commissioner of Police Dr K Venkatesham warned in 2018 that traffic offenders in Pune would not receive a police declaration (PCC), which is required to obtain a visa. PCC is also required by many firms when employing new employees. Venkatesham stated that they were compiling a list of traffic offenders and would forward their information to the appropriate authorities, adding that such individuals would not be given a PCC.
Conclusion
Road accidents have been a significant source of concern in India; therefore, individuals should double-check and follow traffic laws. A Police Clearance Certificate is essential since it demonstrates that a person does not have a criminal record and also assists an individual in establishing their innocence. However, the procedure of obtaining a PCC certificate is complex, so it is always advisable to contact a professional who can lawfully get such a certificate. In criminal cases, where the hearing is ongoing in court, the Police will refrain from immediately giving a PCC for obtaining a visa until the judgment has been given and the accused has been acquitted.

[1] WP(C). No. 14360 of 2015.
[2][2] Criminal Appeal No. 905 of 2010.





			        ""Loved reading this piece by KISHAN DUTT RETD JUDGE? 
			  Join LAWyersClubIndia's network for daily News Updates, Judgment Summaries, Articles, Forum Threads, Online Law Courses, and MUCH MORE!!""




 Join our Telegram group





 Join our Whatsapp group















Click here to Get More Content on LCI Android App











						Tags :criminal law
"
Recovery Based On Disclosure Statement Made In Another Crime: SC Acquits Accused In Murder Case,"
In a major development with far reaching consequences, the Apex Court has in a recent, robust, rational and refreshing judgment titled Rakesh Rai @Vishal Rai @Purna Rai & Anr vs State of Sikkim in Criminal Appeal No. 172 of 2018 that was delivered finally on December 9, 2021, has opined that recovery under Section 27 of the Evidence Act would not be admissible if the disclosure statement was made in connection to a crime undergoing separate trial, especially when such statement was not made to the jurisdictional police officer. All the courts must adhere to what the three Judge Bench of the Apex Court has held in this leading case! It is worth paying attention that the Bench comprising of Justice UU Lalit, Justice S Ravindra Bhat and Justice Bela M Trivedi upheld the order of the Trial Court acquitting the appellants who were convicted and sentenced to life imprisonment by the High Court, for committing murder.
To start with, the ball is set rolling first and foremost in para 1 wherein it is put forth that, ""This appeal has been preferred by Rakesh Rai alias Vishal Rai alias Purna Rai (original accused No.3) and Tenzing Tamang (original accused No.4), collectively referred to as the appellants, challenging the judgment and order dated 20.04.2012 passed by the High Court of Sikkim at Gangtok in Criminal Appeal No.8 of 2011.""
While mentioning about the charges for which the accused were being tried, the Bench then mentions in para 2 that, ""Four persons, namely, Praveen Subba (original accused No.1), Abishek Rai (original accused No.2), and the appellants were tried in the Court of Sessions, South & West Sikkim at Namchi in Sessions Trial Case No.21 of 2004 for having committed the offences punishable under Section 302 read with 34 of the Indian Penal Code, 1860.""
As we see, the Bench then observes in para 3 that, ""The aforesaid trial was taken up pursuant to the crime registered after lodging of the First Information Report No.25(11)03 dated 28.11.2003 registered with Police Station Kaluk, District Gayzing.""
In hindsight, the Bench then recalls in para 4 that, ""Said reporting was as under:
""Today (i.e. 28.11.03) at around 030 hrs. a telephonic information has been received from I/C Dentam O.P. stating that one male unidentified dead body has found below road near liching basty, W/Sikkim.
On the basis of above information registered Kaluk P.S. U/D. Case No.11(11)03 dated 25.11.03, U/S 174 Cr.P.C. and took investigation.
During investigation inspected place of occurrence the P.O. has found located Dentam to Pelling road at liching busty which is about one Km. far from the B.B. lall suspension bridge of Dentam. In road tooth and blood are found. About 100 foots below the road one unidentified dead body of male person was found lying dead. Later the dead body was identified as Sonam Dadul Bhutia S/o Kinzang Dadul Bhutia of Chumbang, Gayzing, W/Sikkim. Inquest over the dead body was conducted. During inquest injuries are found on his head and tooth of upper Jaw are found missing. One black chunni is also found nearby the P.O.
So far investigation transpired that the deceased Sonam Dadul Bhutia was suspected to murder by same unknown person(s) and thrown below road at liching busty on 27.1.03 at around 1900 hrs.
As such the above U/D case has been converted into criminal case vide F.I.R. No. 25(11)03, dated 28.11.2003, U/S. 302 IPC against unknown person on suomotu for further investigation.""""
Needless to say, the Bench then states in para 5 that, ""After due investigation, the aforesaid four accused persons were sent up for trial.""
It is worth stating here that the Bench then observes in para 8 that, ""It may further be stated here that insofar as the crime concerning the alleged murder of Beena is concerned, separate criminal proceedings being Sessions Trial No.26(S)/04 pursuant to FIR No.331(11)2003 dated 24.12.2003 lodged with Police Station Matigarh, Siliguri, District Darjeeling, in respect of offences under Sections 302/201/34 IPC are going on. In that crime all the four accused stand named in the FIR and the prosecution is still going on.""
For sake of clarity, the Bench then specifies in para 9 that, ""We are however concerned here with the murder of Sonam Dadul Bhutia and not Beena.""
It is worth noting that the Bench then envisages in para 10 that, ""The material against the appellants, for that matter principally against accused No.3 can be categorized as under:

Some of the witnesses had seen Maruti Car No.WNC-0525 at Dentam Bridge.
The Car No.WNC-0525, according to the prosecution, was owned by PW40 but was in the custody and under control of accused No.3 Rakesh Rai.
A girl was seen in the company of accused no.3 Rakesh Rai though the prosecution chose not to establish the identity of that girl.
It was at the pointing out of accused no.3 Rakesh Rai that the body of Beena could be recovered.""

It is also worth paying attention that the Bench then clearly states in para 11 that, ""Considering the entirety of the material on record, the Trial Court by its judgment and order dated 20.05.2011 acquitted all the four accused of the charges levelled against them. The Trial Court did not find the evidence on record adequate to return a finding of guilt against all the four accused.""
As it turned out, the Bench then points out in para 12 that, ""The State did not choose to file any appeal against acquittal of accused Nos.1 and 2 but filed Criminal Appeal No.8 of 2011 challenging the acquittal of the appellants.""
To put things in perspective, the Bench then enunciates in para 13 that, ""By its judgment and order presently under challenge, the High Court accepted the appeal preferred by the State and while reversing the acquittal it recorded conviction against the appellants for the offences with which they were charged. The High Court then sentenced them to imprisonment for life and to pay fine in the sum of Rs.20,000/- each, in default whereof they were directed to suffer further imprisonment of six months.""
Quite significantly, the Bench then hastens to add in para 15 that, ""What emerges from the record is that:

Sonam Dadul Bhutia and Beena, according to the prosecution, were found in the company of accused Nos.1 and 2.
Both accused Nos.1 and 2 were acquitted of the charges levelled against them.

iii. Not a single witness stated that Sonam was seen in the company of the appellants.

Even if it is accepted, at its best, the material on record would thus go to show that a girl was in the company of accused No.3. The identity of that girl was however not established.
It was at the pointing out of A3 Rakesh Rai that the body of Beena was recovered.
For the murder of Beena, a separate trial is going on and in these proceedings we are concerned with the murder of Sonam Dadul Bhutia.""

Be it noted, the Bench then points out succinctly in para 17 that, ""As stated herein above, not a single person had seen Sonam in the company of the appellants nor was the body of Sonam recovered pursuant to any disclosure made by any of the appellants.""
Most significantly, the Bench then minces no words in para 18 to hold clearly, categorically, composedly and convincingly that, ""In the circumstances, in our considered view, the acquittal recorded by the Trial Court was right and justified. There was no reason for the High Court to upturn the view taken by the Trial Court while dealing with an appeal against acquittal.""
Equally significant is what is then held so aptly in para 19 that, ""Consequently, we allow this appeal, set-aside the judgment and order of the High Court and acquit the appellants i.e. Rakesh Rai alias Vishal Rai alias Purna Rai (original accused No.3) and Tenzing Tamang (original accused No.4) of the charges levelled against them. They be set at liberty forthwith unless their custody is required in connection with any other crime.""
Finally, the Bench then concludes by holding very rightly in para 20 that, ""Needless to say that the proceedings which are presently going on in the Court at Siliguri, District Darjeeling concerning the murder of Beena shall be taken to the logical conclusion without in any way being influenced by the order of acquittal recorded against the appellants in the present matter. The proceedings before that Court shall be considered purely on merits and in accordance with law.""
No doubt, the long and short of this learned judgment by a three Judge Bench of the Apex Court is that recovery that is made under Section 27 of the Evidence Act would not be admissible if the disclosure statement was made in connection to a crime undergoing separate trial, especially when such statement was not made to the jurisdictional police officer. It is a no-brainer that we thus see that the accused are acquitted as the recovery based on disclosure statement made in another crime would not be admissible as evidence. There can be no gain saying that all the courts must always definitely abide by what the Apex Court has stated so explicitly in this leading case also in similar such cases!




			        ""Loved reading this piece by Sanjeev Sirohi? 
			  Join LAWyersClubIndia's network for daily News Updates, Judgment Summaries, Articles, Forum Threads, Online Law Courses, and MUCH MORE!!""




 Join our Telegram group





 Join our Whatsapp group















Click here to Get More Content on LCI Android App











						Tags :criminal law
"
Unnatural Sex with a Female has been classified as rape under Sec 377 IPC,"
Unnatural Offence is an act or behaviour to commit a crime that is contrary to what is considered a natural offence. Section 377 of the IPC deals with the unnatural offences that state that ""whoever voluntarily has carnal intercourse against the order of nature with any woman, man, or animal, shall be punished with life imprisonment or with the imprisonment of either description for a term which may extend to ten years, and shall be liable to fine."" According to the interpretation in this section, penetration is enough to constitute carnal intercourse. This section refers to the English law1 offences of sodomy and bestiality. Consent is immaterial in the cases of unnatural offences, as the text of this clause indicates, and the party consenting would be accountable as an abettor. This section is intentionally unclear since it is impossible to determine what goes against nature's order.
The Buggery Act of 1533 is the source of Section 377 of the Indian Penal Code. This law has never been modified by Parliament since it was enacted until recently. This rule was founded on Judeo-Christian moral and ethical principles, which views sex to be merely functional, i.e. for procreation, and therefore believe homosexuality to be unnatural and against nature's order. The functional basis is mentioned to identify what is natural, which indicates that every organ in the body has a certain role in fulfilling, and using that organ for a reason other than that function is unnatural.2 As a result, any sex other than penile-vaginal will be deemed unnatural. Anything else than procreative sex is deemed abnormal using the same premise.
In the case of Khanu v. Emperor,3 the court held that the major object of carnal intercourse is that there should be possibility of conception of human beings, which in the case of sexual intercourse by inserting penis in the mouth is impossible.
The Indian Penal Code defines Section 377 as follows
Whoever voluntarily has carnal inter-course against the order of nature with any man, woman or animal, shall be punished with imprisonment for life, or with imprisonment of either description for a term which may extend to ten years, and shall also be liable to fine. Explanation. Penetration is sufficient to constitute the carnal intercourse necessary to the offence described in this section.
Constitutional Validity of Section 377
In the case of Naz Foundation v Government of Delhi & Ors,4 the constitutional validity of section 377 was challenged in the Delhi High Court. It was alleged in this case that section 377 violated the basic rights provided in Articles 14, 15, 19, and 21 of the Constitution by including consensual sexual intercourse between two adults in private. It was further argued that Article 21 could only be limited if there is a compelling state interest, which is not present in this case.5 The petitioner further claimed that section 377's legislative intent is based on outdated stereotypes with no historical or logical support. In this case, the two wings of the Union of India had filed wholly opposing affidavits. The Ministry of Home Affairs attempted to explain the act's continued existence by citing public health, public disapproval, and social revulsion. On the other hand, the Ministry of Health and Family Welfare backed the petitioners' contention, claiming that presence of section 377 in the statute book inhibited HIV/AIDS prevention efforts and that its removal would aid in the treatment of homosexuals with HIV/AIDS.
The Ministry of Home Affairs' argument that popular morality or public disapproval cannot be a valid ground for curtailing the right under Articles 14 and 21 was rejected by the Delhi High Court. According to the court, the only kind of morality that can pass the test of compelling state interest is constitutional morality and not public morality. The constitutional morality is violated by Section 377 of the IPC, which criminalizes homosexuals solely on the basis of their sexual orientation. The court accepted all of the petitioners' arguments and found section 377 extra vires, which made it illegal for adults to engage in consenting sexual acts in private. The court also held that the provisions of section 377 would continue to apply to adolescents who engage in non-consensual penile and non-vaginal intercourse.
In the case of Suresh Kumar Koushal and others v. Naz Foundation & others6, religious entities and individuals including the All India Muslim Personal Law Board, the Apostolic Churches Alliance, and the Utkal Christian Council appealed the Delhi High Court's judgement in the Supreme Court. They contended that the legislature adopted section 377 to defend societal values and morals. Therefore the Supreme Court agreed with this argument and overturned the High Court's decision.
The apex court had also declared in the case of Navtez Singh Johar v. UOI7 that consenting adult gay sex is not a crime and that Articles 14 and 21 of the Indian Constitution contradict Section 377's current interpretation.
Applicability of the section in today's times
Section 377 IPC still applies to sex with minors, non-consensual sexual acts, and bestiality, with the exception of gay sex. Now, unnatural sexual assault with a female has been classified as rape, and sexual assault with a minor, whether male or female, is subject to the POCSO legislation.
There is a common misconception that Section 377 has been repealed. Section 377 has been toned down to the point where sexual behaviour of any kind among consenting people is no longer illegal. There is a need for people, both men and women, to recognize their rights that non-consensual sexual behaviour in adults, as well as all sexual conduct with minors or animals without their agreement, is still illegal.8 Most often, cases of unnatural sex between husband and wife, the wife being a victim of the heinous crime without her consent, there are situations where the wife cannot bring herself to report the crime and suffer in silence as these kind of issues are still a taboo in the society.
Under section 377 of the IPC, a wife can file a prosecution against her husband for unnatural sexual offences.9 Because the section punishes sexual intercourse outside the natural order regardless of an individual's sexual orientation or gender identity, such actions can be prosecuted under section 377 even if they are committed by heterosexual couples. Furthermore, the criminal can be penalized under this clause even if the victim agreed to the act (regardless of age). The victim's permission is irrelevant to the application of section 377, and a criminal act cannot be justified by the victim's assent.10
The Punjab and Haryana High court stated in the case of State of Haryana v. Raj Kumar that it is easy to level such allegations but even more difficult to prove and, therefore, courts will always have to be cautious while dealing with such allegations. The division bench of justices MMS Bedi and Hari Pal Verma said that on the basis of the evidence presented, the allegations are corroborated by other circumstances to show that one of the spouses has indulged in unnatural acts, and therefore the marriage can be dissolved by a decree of divorce.
Conclusion
This legislation is both beneficial and vulnerable to abuse. While marital rape is not a crime in India, through this section, Indian women will have a mechanism to have their husbands penalized if they perform unnatural sexual actions on them. This section will serve as a tool in the hands of Indian wives who suffer at the hands of their abusive husbands. Section 377, on the other hand, has a lot of room for abuse because consent isn't a criterion to determine whether or not it should be used. Therefore, the complainant's permission to do the unnatural sexual act would not be enough to keep the perpetrator out of jail. With changing times and changing laws, it is essential that people start acting out towards the wrong being done to them, and therefore it is essential that they know what can be done and what help they can get from the law.

PSA Pillai, Criminal Law 714(11th ed. Lexis Nexis. 2012) 714.
See Burton Leiser, Homosexuality and the Unnaturalness Argument in SEX, MORALITY AND THE LAW 44 (Gruen & Panichas eds., 1996)
Khanu v. Emperor, AIR 1925 Sind 286
Naz Foundation v. Govt. of NCT,2010 CrLJ 94.
KD Gaur, Indian Penal Code 618(3rd ed. Universal Law Publ'g co pvt ltd. 2013).
Suresh Kumar Koushal v. NAZ Foundation,AIR 2014 SC 563.
http://recentscientific.com/unnatural-sexual-offences-and-its-current-legal-status-india%E2%80%93-review-literature
https://www.thequint.com/news/india/sec-377-applicable-under-what-circumstances
https://www.hindustantimes.com/punjab/forcible-unnatural-sex-in-marriage-is-cruelty-hence-a-ground-for-divorce-hc/story-Iga7sgtia5KQy4C436KPmL.html.
https://bnblegal.com/article/unnatural-offences/.





			        ""Loved reading this piece by KISHAN DUTT RETD JUDGE? 
			  Join LAWyersClubIndia's network for daily News Updates, Judgment Summaries, Articles, Forum Threads, Online Law Courses, and MUCH MORE!!""




 Join our Telegram group





 Join our Whatsapp group















Click here to Get More Content on LCI Android App











						Tags :criminal law
"
"SC: Claim Of Juvenility Can Be Raised Before Any Court, At Any Stage, Even After Final Disposal Of The Case","
It is really good to see that in a learned, laudable, landmark and latest judgment titled Ashok vs The State of Madhya Pradesh in Special Leave to Appeal (Crl.) No(s). 643/2020 (Arising out of impugned final judgment and order dated 14-11-2017 in CRA No. 455/1999 passed by the High Court Of M.P. at Gwalior) that was delivered finally on November 29, 2021, the Apex Court has minced no words to make it clear that the claim of juvenility can be raised before any Court, at any stage, even after disposal of the case. So there should be no more confusion anymore pertaining to this! It must be specifically mentioned here that the Bench of Apex Court comprising of Hon'ble Ms Justice Indira Banerjee and Hon'ble Mr Justice JK Maheshwari observed that if the Court finds a person to be a juvenile on the date of commission of the offence, it is to forward the juvenile to the Board for passing appropriate orders, and the sentence, if any, passed by a Court, shall be deemed to have no effect.
To start with, the ball is set rolling in this brief, brilliant, bold and balanced judgment first and foremost by observing in the opening para that, ""By a judgment and order dated dated 29.07.1999, the Additional Sessions Judge, Gohad, District Bhind, Madhya Pradesh, convicted the petitioner inter alia for offence under Section 302 of the Indian Penal Code and sentenced him inter alia to life imprisonment in Sessions Trial No. 260 of 1997. In the cause title of the said judgment and order, the petitioner has been described as Ashok, S/o Balram Jatab age 16 yrs 9 months and 19 days, R/o Village Anjani Pura, District Bhind.""
In hindsight, the Bench then brings out in the next para of this notable judgment that, ""The petitioner filed an appeal being Criminal Appeal No. 455 of 1999 challenging his conviction and sentence. The said criminal appeal has been dismissed by the High Court by an order dated 14.11.2017, which is impugned in the Special Leave Petition(Crl.) No. 643 of 2020, filed by the petitioner.""
To put things in perspective, the Bench then points out in the next para that, ""The incident which led to the conviction of the petitioner, took place on 26.07.1997. The petitioner claims that the petitioner was born on 05.01.1981. The petitioner was, therefore, approximately 16 years and 7 months old on the date of the incident.""
As we see, the Bench then envisages in the next para that, ""In this Court, the petitioner has for the first time contended that he was a juvenile on the date of the incident. His conviction and sentence are, therefore, liable to be set-aside. The claim of juvenility was not raised in the High Court.""
Needless to say, the Bench then further mentions in the next para that, ""The learned Additional Advocate General, appearing on behalf of the State argued that the claim of juvenility has been raised for the first time in this special leave petition.""
Be it noted, the Bench then while elaborating further and shedding more light observes in the next para that, ""The Juvenile Justice Act, 1986, which was in force on the date of commission of the offence as also the date of the judgment and order of conviction and sentence by the Sessions Court was repealed by the Juvenile Justice (Care and Protection of Children) Act, 2000. The Act of 2000 received the assent of the President of India on 30.12.2000 and came into force on 01.04.2001. The Act of 2000 defined juvenile in conflict with the law to mean a juvenile, who was alleged to have committed an offence and had not completed 18th year of age as on the date of commission of such an offence.""
In retrospect, the Bench then mentions that, ""Under the 1986 Act, the age of juvenility was upto the 16th year.""
It is worth noting that the Bench then hastens to add in the next para that, ""Section 7A of the 2000 Act as inserted by Act 33 of 2006 with effect from 22.08.2006 provided as follows:-
""7A. Procedure to be followed when claim of juvenility is raised before any Court.-(1) Whenever a claim of juvenility is raised before any court or a court is of the opinion that an accused person was a juvenile on the date of commission of the offence, the court shall make an inquiry, take such evidence as may be necessary (but not an affidavit) so as to determine the age of such person, and shall record a finding whether the person is a juvenile or a child or not, stating his age as nearly as may be:
Provided that a claim of juvenility may be raised before any Court and it shall be recognised at any stage, even after final disposal of the case, and such claim shall be determined in terms of the provisions contained in this Act and the rules made thereunder, even if the juvenile has ceased to be so on or before the date of commencement of this Act.
(2) If the court finds a person to be a juvenile on the date of commission of the offence under sub-section(1), it shall forward the juvenile to the Board for passing appropriate orders and the sentence, if any, passed by a court shall be deemed to have no effect.""""
Most significantly, the Bench then succinctly states what forms the cornerstone of this noteworthy judgment that, ""The claim of juvenility can thus be raised before any Court, at any stage, even after final disposal of the case and if the Court finds a person to be a juvenile on the date of commission of the offence, it is to forward the juvenile to the Board for passing appropriate orders, and the sentence, if any, passed by a Court, shall be deemed to have no effect.""
For the sake of clarity, the Bench then also wastes no time in pointing out in the next para that, ""Even though the offence in this case may have been committed before the enactment of the Act of 2000, the petitioner is entitled to the benefit of juvenility under Section 7A of the Act of 2000, if on inquiry it is found that he was less than 18 years of age on the date of the alleged offence.""
Going ahead, the Bench then states that, ""It is true as pointed out by the learned Additional Advocate General appearing on behalf of the State that the certificate of Akikrit Shash, High School, School, Endouri, District Bhind, Madhya Pradesh relied upon by the petitioner is stated to have been issued on 17.07.2021. The said certificate does not specifically mention that the date of birth 01.01.1982 had been entered at the time of first admission of the petitioner at the primary school level.""
What's more, the Bench then further mentions that, ""Furthermore, there is a birth certificate issued by the Gram Panchayat, Endouri, District Bhind, Madhya Pradesh which indicates the date of birth of the petitioner as 05.01.1982 and not 01.01.1982 as recorded in the school certificate referred to above.""
Adding more to it, the Bench then remarks that, ""The entry in the records of the Gram Panchayat, Endouri, District Bhind, Madhya Pradesh, also do not appear to be contemporaneous and the certificate has been issued in the year 2017.""
Furthermore, the Bench then adds in the next para that, ""However, as pointed out by Mr. M.P. Parthiban, learned counsel appearing on behalf of the petitioner that the Sessions Court has recorded the age of the petitioner as 16 years, 9 months and 19 days. The petitioner has been in actual custody for over three years.""
It cannot be glossed over that the Bench then enunciates that, ""The 2000 Act has been repealed and replaced by the Juvenile Justice (Care and Protection of Children) Act, 2015. Section 21 of the 2015 Act provides as follows:
""21. Order that may not be passed against a child in conflict with law. – No child in conflict with law shall be sentenced to death or for life imprisonment without the possibility of release, for any such offence, either under the provisions of this Act or under the provisions of the Indian Penal Code or any other law for the time being in force.""""
Quite significantly, the Bench then holds and directs in the next para that, ""Considering that the Trial Court has recorded the age of the petitioner as 16 years and odd, and has been in actual custody in excess of three years, which is the maximum for a juvenile, we deem it appropriate to grant the petitioner interim bail on such terms and conditions as may be imposed by the Sessions Court. We further direct the Sessions Court to examine the claim of the petitioner to juvenility in accordance with law, and submit a report to this Court within one month from the date of communication of this order.""
For the sake of clarity, the Bench then holds that, ""The concerned Sessions Court shall be entitled to examine the authenticity and genuineness of the documents sought to be relied upon by the petitioner, considering that the documents do not appear to be contemporaneous.""
Without leaving any room for doubt, the Bench then holds that, ""In the event the documents are found to be questionable/unreliable, it will be open to the Sessions Court to have the petitioner medically examined by taking an ossification test or any other modern recognized method of age determination.""
Finally, the Bench then holds that, ""List after the ensuing winter holidays.""
In essence, the Apex Court Bench comprising of Hon'ble Ms Justice Indira Banerjee and Hon'ble Mr Justice JK Maheshwari have thus clearly, cogently, composedly and convincingly laid down that the claim of juvenility can be raised before any Court, at any stage, even after disposal of the case. We thus see that the Apex Court has made it clear that the juvenile can claim the benefit of juvenility even after final disposal of the case and the sentence, if any, passed by a Court, shall be deemed to have no effect. This is to ensure that a juvenile does not suffer immensely inspite of being even a juvenile.
No doubt, it is definitely a right step in the right direction and the Apex Court deserves all the kudos for having reiterated the right position of law on this which directly benefits the concerned juvenile even after a sentence is passed against him/her. There is no reason of any kind to differ with what the Apex Court has laid down in this case so convincingly and so sagaciously. Of course, it ought to be implemented in letter and spirit and all the courts are certainly duty bound to always abide by what the Apex Court has laid down in this leading case so very commendably!




			        ""Loved reading this piece by Sanjeev Sirohi? 
			  Join LAWyersClubIndia's network for daily News Updates, Judgment Summaries, Articles, Forum Threads, Online Law Courses, and MUCH MORE!!""




 Join our Telegram group





 Join our Whatsapp group















Click here to Get More Content on LCI Android App











						Tags :criminal law
"
Very Fact That Victim Used To Video Call Accused In Early Morning Shows Her Consent: Karnataka HC,"
While striking the right chord, we saw how just recently on November 19, 2021, the Dharwad Bench of Karnataka High Court in a learned, laudable, landmark and latest judgment titled Basanagouda @ Basavaraj v State of Karnataka in Criminal Petition No. 102000/2021 has granted bail to a rape accused noting that the victim, a married woman herself, used to make video calls to the accused early in the morning, when the accused had allegedly taken screenshots of her private parts. It must be apprised here that Hon’ble Mr Justice Shivshankar Amarannavar while granting conditional bail to the accused stating that, ""The victim was using the mobile phone of her husband to make a video call to the petitioner. The very fact that the victim used to make a video call to the petitioner between 4-5 a.m. shows her consent to the said act."" It must be mentioned here that the accused had approached the High Court after his bail application was rejected by the Principal District and Sessions Judge, Koppal, by order dated 07.08.2021.
To start with, the ball is set rolling in para 1 of this brief, brilliant, bold and balanced judgment authored by a single Judge Bench of Hon’ble Mr Justice Shivashankar Amarannavar of Dharwad Bench of Karnataka High Court wherein it is put forth that, ""This petition is filed by the sole accused under Section 439 of The Code of Criminal Procedure, 1973 (hereinafter referred to as the ‘Cr.P.C.’, for brevity) seeking bail in Crime No.29/2021 o f Yelburga Police Station, registered for the offences punishable under Sections 354C, 506, 376, 450 of The Indian Penal Code (hereinafter referred to as the ‘IPC’, for brevity) and Section 67 of the Information Technology Act, 2000 (hereinafter referred to as ‘I.T. Act’, for brevity).""
To put things in perspective, the Bench then envisages in para 2 that, ""The case of the prosecution is that the victim lady has filed a complaint stating that she and the petitioner were from the same village and they are relatives and both fell in love. On 03.12.2018 the petitioner committed sexual intercourse on the complainant in the agriculture field and the petitioner told to the complainant that he will marry her and he will maintain her. Later on again 4-5 times the petitioner went to her house and the land near to her house and had sexual intercourse with her. Apart from it, petitioner took photos of private part of the victim. Later on, the parents of the complainant performed her marriage with another person i.e. CW.5. Thereafter she begot a child. After that the petitioner again had sexual intercourse with the victim and he used to make video calls to her between 4 and 5 a.m. early in the morning regularly and asking her to show her private part and used capture the same in his mobile. As the victim stopped calling the petitioner for 15 days the petitioner sent the photos taken through video call to the husband of victim, thereafter the victim has been sent by her husband to her parents’ house on 05.04.2021 on the date on which he received the photos on his mobile. On the next day victim filed the complaint. The complaint came to be registered in Crime No.29/2021 for the offences referred above. The petitioner came to be arrested on 07.04.2021 and he was remanded to judicial custody. The petitioner filed Crl. Misc. No.245/2021 seeking bail and the same came to be rejected by the Principal District and Sessions Judge Koppal, by order dated 07.08.2021. Therefore, the petitioner is before this Court seeking bail.""
Needless to state, the Bench then states in para 3 that, ""Heard learned counsel appearing for the petitioner and the learned High Court Government Pleader for the respondent-State.""
On the one hand, the Bench then succinctly points out in para 4 that, ""It would be the contention of the learned counsel for petitioner that the petitioner and the victim lady were in love affair prior to her marriage with CW.5 and even after marriage the relationship of the petitioner and the victim continued. He submits that the victim is 25 years old and the sexual intercourse between the petitioner and the victim was consensual. He further submits that the very fact that the victim used to make video call to the petitioner in between 4-5 a.m. shows her consent. It is his further submission that the offence alleged against the petitioner is not punishable with death or imprisonment for life and since the charge sheet is filed petitioner is not required for custodial interrogation. With this, he prayed for allowing the petition.""
On the other hand, the Bench then enunciates in para 5 that, ""Per contra, learned High Court Government Pleader for the respondent-State contended that the offences alleged against the petitioner is heinous offence. He submits that the petitioner sent photos o f the physical acts of petitioner and the victim to the mobile phone of her husband. The mobile phone of her husband has been seized. It is his further submission that charge sheet shows prima facie case against the petitioner and if the petitioner is granted bail he will threatened the complainant and tamper the prosecution witnesses. With this, he prayed to dismiss the petition.""
As we see, the Bench then brings out in para 6 that, ""Having regard to the submission made by the learned counsel for the petitioner and the learned High Court Government Pleader for respondent-State, this Court has gone through the charge sheet records.""
Most essentially, what makes the picture completely clear and which forms the cornerstone also of this learned judgment is then stated most unequivocally in para 7 of this notable judgment wherein it is held that, ""On looking to the averments made in the complaint by the victim lady, there was a love affair between the petitioner and the victim prior to her marriage with CW5 and they had consensual sexual intercourse in the land several times. Even after marriage the said relationship between the petitioner and the victim continued. It is alleged that the petitioner used to take screenshots when the victim was showing her private parts through video call. The victim was using the mobile phone of her husband to make video call to the petitioner. The very fact that the victim used to make video call to the petitioner in the early morning between 4-5 a.m. shows her consent to the said act. Petitioner had sent the said photos to the mobile phone of the husband of the victim, who saw the same on 05.04.2021 and sent the victim to her parents’ house. The offences alleged against the petitioner are not punishable with the death of imprisonment for life, but the offence alleged under Section 67 of I.T. Act is punishable with imprisonment for three years and fine of Rs.5.00 Lakhs. Further, whether the victim had given consent under the threat of the petitioner, is a matter of trial. There are no criminal antecedents of the petitioner. The main objection of the prosecution is that in the event of granting bail, the petitioner is likely to cause a threat to the complainant and other prosecution witnesses. The said objection may be met with by imposing stringent conditions.""
Finally, the Bench then concludes by holding in the final para 8 that, ""In the facts and circumstances of the case and the submission of the counsel, this Court is of the view that there are valid grounds for granting bail subject to certain terms and conditions. Hence, I proceed to pass the following:
ORDER
The petition filed under Section 439 o f Cr.P.C. is allowed. Consequently, the petitioner shall be released on bail in Crime No.29/2021 of respondent Police Station subject to the following conditions:

Petitioner shall execute a personal bond for a sum of Rs.1,00,000/- (Rupees One Lakh Only) with one surety for the like sum to the satisfaction of the jurisdictional Court.
Petitioner shall not indulge in tampering the prosecution witnesses.
Petitioner shall attend the Court on all the dates of hearing unless exempted and co-operate in speedy disposal o f the case.
Petitioner shall not visit Guledgudda, Taluk Badami, District Bagalkot till disposal of the case.""

All in all, this commendable, cogent, composed, concise and convincing judgment by a single Judge Bench comprising of Hon’ble Mr Justice Shivashankar Amarannavar of Dharwad Bench of Karnataka High Court very rightly grants bail to the rape accused as the victim who is a married woman herself used to make video calls early in the morning between 4-5 am herself to the rape accused which shows her consent to the said act. The Bench was also mindful of the irrefutable fact that there are no criminal antecedents of the petitioner. So as a corollary, we thus see that the single Judge Bench of Justice Shivashankar Amarannavar finds nothing wrong in granting bail to the petitioner. So accordingly the bail is thus very rightly granted to the petitioner. No denying it!




			        ""Loved reading this piece by Sanjeev Sirohi? 
			  Join LAWyersClubIndia's network for daily News Updates, Judgment Summaries, Articles, Forum Threads, Online Law Courses, and MUCH MORE!!""




 Join our Telegram group





 Join our Whatsapp group















Click here to Get More Content on LCI Android App











						Tags :criminal law
"
Low Age Of Rape Victim Is Not Considered As The Only Or Sufficient Factor To Impose Death Sentence: SC,"
In a very significant development pertaining to imposition of death penalty, the Apex Court has in an extremely commendable, cogent, courageous, composed and convincing judgment titled Irappa Siddappa Murgannavar vs State of Karnataka in Criminal Appeal Nos. 1473-1474 of 2017 laid down in no uncertain terms that the low age of the rape victim is not considered as the only or sufficient factor for imposing a death sentence. It must be apprised here that the Bench of Apex Court comprising of Justices L Nageswara Rao, Sanjiv Khanna and BR Gavai observed so while tilting the scales in favour of commuting the death sentence awarded to Irappa Siddappa Murgannavar. Irappa was found guilty of having subjected a five year old girl R to rape, killed her by strangulation and then disposed of her body, tied in a gunny bag, into the stream named Bennihalla.
No doubt, the Apex Court has attributed a couple of analytical reasons for not awarding death penalty in this case which at first glance makes it appear that death penalty should have been awarded but when we dig deeper then we find that the reasons attributed by Apex Court for not awarding death penalty are adequate like appellant having no criminal antecedents, nor was any evidence presented to prove that the commission of the offence was pre-planned. In addition, the Apex Court noted that there is no material shown by the State to indicate that the appellant cannot be reformed and is a continuing threat to the society. His conduct in jail was also satisfactory. Furthermore, the young age of the appellant at the time of commission of the offence (23/25 years), his weak socio-economic background, absence of any criminal antecedents, non pre-meditated nature of the crime and the fact that he has spent nearly 10 years 10 months in prison have weighed with us as other extenuating factors, which add up against imposition of death penalty which is to be inflicted only in rarest of the rare cases. In addition, the State has not shown anything to prove the likelihood that the appellant would commit acts of violence as a continuing threat to society; per contra, his conduct in the prison has been described as satisfactory.
To start with, this brief, brilliant, bold and balanced judgment authored by Justice Sanjiv Khanna for a three-Judge Bench of Apex Court comprising of himself, Justice L Nageswara Rao and Justice BR Gavai sets the ball rolling by first and foremost observing in para 1 that, ""The judgment under challenge, passed by the High Court of Karnataka at Dharwad on 6th March 2017, affirms the conviction of the appellant – Irappa Siddappa Murgannavar – under Sections 302, 376, 364, 366A, and 201 of the Indian Penal Code, 1860 (for short, ‘the Code’); and confirms the sentence of death for the offence under Section 302, rigorous imprisonment for life for the offence under Section 376, rigorous imprisonment for six years and a fine of Rs.10,000/- with default stipulation for the offences under Sections 364 and 366A each, and rigorous imprisonment for two years and a fine of Rs.2,000/- with default stipulation for the offence under Section 201 of the Code. The sentences under Sections 376, 364, 366A, and 201 of the Code are directed to run consecutively.""
As we see, the Bench then puts forth in para 2 that, ""The case of the prosecution is that the appellant subjected the deceased R to rape, killed her by strangulation, and then disposed of her body, tied in a gunny bag, into the stream named Bennihalla. As there are no eye witnesses to the commission of the offences, in order to prove these postulations, the prosecution has relied on three-fold circumstances: (i) that the appellant took away R from a neighbour’s house on 28th December 2010; (ii) that the appellant was last seen by certain witnesses carrying R and a gunny bag towards the Bennihalla stream; and (iii) that based on the disclosure statement of the appellant on 1st January 2011, the dead body of R was recovered in a gunny bag from Bennihalla.""
To put things in perspective, the Bench then envisages in para 3 that, ""R, a girl aged 5 years and 2 months, was living with her maternal grandfather Rangappa in village Khanapur, Taluka Nargund, District Gadag, Karnataka while her parents worked in Mangalore, Karanataka. Rangappa’s neighbours Venkavva Patil (PW-5) and her nephew Ajit Patil (PW-6) have testified that on 28th December 2010 at about 6:30 pm, R had come to their house to watch TV. At about 6:30 pm the appellant had also come to their house. He was talking to R and took her with him on the pretext of buying her biscuits. Hanamappa (PW-4), who is the brother of Rangappa, testified that R did not return that night, and in spite of frantic efforts, she could not be traced. The next day, he enquired at Venkavva Patil’s (PW-5) house about R’s whereabouts, where he was informed that the appellant had taken R with him. Hanamappa (PW-4) lodged a missing person report re R at Nargund Police Station on 29th December 2010 (Exhibit P-6). This complaint states that on 28th December 2010, at 9 pm, he was informed by Mallanagowda Kagadal (PW-14) that R was missing, following which he went to his brother Rangappa’s house and learnt from his brother’s daughter, Yallavva Mangalore (PW-23), that R had gone to Venkavva Patil’s (PW-5) house at 6:30 pm to watch TV, and that he, along with other people, tried locating R but were unsuccessful. The complaint does not mention the involvement of the appellant, a fact counted on by the counsel for the appellant that will be addressed subsequently. Similarly, Yallavva Mangalore (PW-23) has testified that R had gone to her neighbour’s house at about 6:30 p.m. on 28th December 2010 to watch TV. As R did not return home, they had made enquiries with their neighbour Venkavva Patil (PW-5) who had confirmed R’s visit to her house for watching TV and that she may have gone out. Yallavva Mangalore (PW-23) had looked for R and, on being unsuccessful, informed her father and uncles. R could not be located on the said date or on 29th December 2010.""
As it turned out, the Bench then enunciates in para 4 that, ""Upon learning from Hanamappa (PW-4) and Yallavva Mangalore (PW-23) that R was missing, her father Sanganabasappa (PW-1) and mother Shivaleela (PW-19) returned to Khanapur on 30th December 2010. Thereupon, extensive search for R was undertaken, but she could not be found. Sanganabasappa (PW-1) has stated that he was told by Bhimappa Talawar (PW-8), Hanamappa Talawar (PW-10) and others that they had seen the appellant carrying his daughter somewhere. He had then made a complaint at the Nargund Police Station on 1st January 2011 at 12:30 a.m. (Exhibit P-1), which we would subsequently refer to. Hanamappa (PW-4) has similarly testified that he had learnt from village residents Bhimappa Talawar (PW-8), Gadigeppa Talawar (PW-9) and Hanamappa Talawar (P-10) that they had seen the appellant carrying R on his shoulder and going towards the Bennihalla stream. Thereafter, he went to the police station and informed the police about the possible involvement of the appellant. On similar lines, Venkavva Patil (PW-5) has deposed that she learnt from the police that Yallappagouda Kagadal (PW7), Bhimappa Talawar (PW-8), Gadigeppa Talawar (PW-9) and Hanamappa Talawar (P-10) had seen the appellant carrying a gunny bag and the deceased R, walking towards the stream. These evidences, further elaborated below, have been adduced by the prosecution to establish that the appellant was seen carrying R and a gunny bag and walking towards the stream.""
Be it noted, the Bench then observes in para 20 that, ""In the context of the present case, there is no dispute that the occurrence had taken place in late December, that is, in winter. We have undertaken a check to ascertain the temperature range in the village in late December. As per data, the temperature in the month of late December in Nargund (the taluka in which Khanapur village is located) is between 19 to 29 degrees, and the temperature in water would be certainly lower. Thus, it is clear that putrefaction of the body was retarded. But the body had not floated and risen to the surface. The fact that the body was swollen and was slightly decomposed, while the skin was discoloured, would indicate that the putrefaction process had indeed started. The post mortem report and the inquest panchnama, therefore, confirm the date when the crime was committed and fully corroborate and support the ocular evidence of Sanganabasappa (PW-1), Hanamappa (PW-4), Venkavva Patil (PW-5), Ajit Patil (PW-6), Yallapagouda Kagadal (PW-7), Bhimappa Talawar (PW-8), Gadigeppa Talawar (PW-9), Hanamappa Talawar (PW-10), Rajesab Nadaf (PW-11), Shankarappa Tadasi (PW-12), Shrinivasreddi Ramanagouda Hosamani (PW-15) and B. Vijaykumar (PW-24).""
Truth be told, the Bench then candidly concedes in para 21 that, ""On an overall view of the evidence and witness statements adduced by the prosecution, the chain of circumstances affirmatively establishes the guilt of the appellant. Though the counsel for the appellant has painstakingly sought to highlight contradictions and inconsistencies in the prosecution’s case, we believe that the same do not create a reasonable doubt in the mind of this Court. The five-fold test prescribed by Fazal Ali J. in Sharad Birdhichand Sarda v. State of Maharashtra (1984) 4 SCC 116 are satisfied as the circumstances relied upon are fully established; they are conclusive in nature and tendency; the chain of evidence is so complete as not to leave any reasonable ground for conclusion consistent with the innocence of the appellant; the facts established are consistent only with the hypothesis of the guilt of the accused and exclude every hypothesis except the one proved. The decision of the High Court as well as the District and Sessions Court convicting the appellant for rape and murder of R etc., thus, is upheld.""
Of course, the Bench then hastens to add in para 23 that, ""The impugned judgment reveals extensive study of case-law on part of the High Court in considering the death sentence imposed by the trial court. On an overall view of the facts and circumstances of the matter, the High Court was of the opinion that the sentence of death should be confirmed, that there were no mitigating circumstances to be found, and that there were many aggravating circumstances as the appellant was known to R, who reposed complete trust and faith in him and willingly allowed him to take her along, but she was raped and murdered in the most gruesome manner and her body was dumped into the stream. The court observed that ""…when an innocent and helpless girl of 5 was subject to such a barbaric treatment by a person who was in a position of her trust, his culpability assumes the proportion of extreme depravity and arouses a sense of revulsion in the mind of an ordinary person."" The motivation of the appellant, the vulnerability of the deceased R, the enormity of the crime and the execution thereof, the Court considered the case as falling in the ""rarest of the rare"" category, and warranting the sentence of death to deter others from committing atrocious crimes, and to give emphatic expression to society’s abhorrence of such crimes.""
Most significantly, what forms the real cream of this extremely notable judgment is what is then stated in para 28 that, ""The learned trial court has recorded that the death sentence was awarded on the ground that ""the crime was committed in an extremely diabolical manner and that it was cruel, barbaric and revolting."" It has been rightly pointed out by the counsel for the appellant that the trial court merely noticed that the appellant was of young age (23 / 25 years) belonging to a very poor family, but has not considered these as mitigating factors. The High Court has noted that there are no mitigating circumstances at all. We find this observation incorrect. To begin with, it is clear that the appellant had no criminal antecedents, nor was any evidence presented to prove that the commission of the offence was pre-planned. As submitted by the counsel for the appellant, there is no material shown by the State to indicate that the appellant cannot be reformed and is a continuing threat to the society. On the contrary, it can be seen from the Death Sentence Prisoner Nominal Roll dated 17th July 2017 issued by the Chief Superintendent, Central Prison, Belgaum, that the conduct of the appellant in jail has been ‘satisfactory’. We would consider the appellant’s conduct in prison as expiation for his past deeds, also reflecting his desire to reform and take a humane turn. Furthermore, the young age of the appellant at the time of commission of the offence (23 / 25 years) [Purushottam Dashrath Borate v. State of Maharashtra, (2015) 6 SCC 652], his weak socio-economic background [Mulla v. State of U.P., (2010) 3 SCC 508], absence of any criminal antecedents [Purushottam Dashrath Borate v. State of Maharashtra, (2015) 6 SCC 652], non pre-meditated nature of the crime [Mohan v. State of T.N., (1998) 5 SCC 336; Akhtar v. State of UP, (1999) 6 SCC 60], and the fact that he has spent nearly 10 years 10 months in prison have weighed with us as other extenuating factors, which add up against imposition of death penalty which is to be inflicted only in rarest of the rare cases. The respondent State has not shown anything to prove the likelihood that the appellant would commit acts of violence as a continuing threat to society; per contra, his conduct in the prison has been described as satisfactory. There is no doubt that the appellant has committed an abhorrent crime, and for this we believe that incarceration for life will serve as sufficient punishment and penitence for his actions, in the absence of any material to believe that if allowed to live he poses a grave and serious threat to the society, and the imprisonment for life in our opinion would also ward off any such threat. We believe that there is hope for reformation, rehabilitation, and thus the option of imprisonment for life is certainly not foreclosed and therefore acceptable.""
As a corollary, the Bench then holds in para 29 that, ""Thus, we find sufficient mitigating factors to commute the sentence of death imposed by the Sessions Court and confirmed by the High Court into imprisonment for life, with the direction that the appellant shall not be entitled to premature release/remission for the offence under Section 302 of the Code until he has undergone actual imprisonment for at least thirty (30) years. While maintaining other sentences, we direct that the sentences shall run concurrently and not consecutively. We say so as the appellant has been sentenced to imprisonment for life for the offence under section 376 of the Code, which sentence is also imposed for the offence under section 302 of the Code.""
Finally, the Bench then holds in para 30 that, ""For the aforesaid reasons, we uphold the conviction of the appellant for the offences under Sections 302, 376, 364, 366A and 201 of the Code and the sentences awarded for the offences under Sections 376, 364, 366A and 201 of the Code. The appeals are, however, partly allowed by commuting the death sentence to that of life imprisonment with the stipulation that the appellant shall not be entitled to premature release/remission before undergoing actual imprisonment of 30 years for the offence under Section 302 of the Code and further the sentences awarded shall run concurrently and not consecutively. In view of the Constitutional Bench decision in Union of India v. V. Sriharan alias Murugan and Others, (2016) 7 SCC 1, the above direction would not affect the constitutional power of the President or Governor under Article 72 or 161 of the Constitution of India. The appeals and all pending applications are disposed of.""
All said and done, the bottom-line is: There can be no quarrel with the irrefutable fact that the Apex Court has forwarded most logical, learned and laudable arguments for not awarding the death penalty in this case as we have already discussed above in detail! It would be in the fitness of things to mention here that the Apex Court rightly took into account various factors for not awarding death sentence as it stated in para 24 that, ""Challenging the order on sentence, the appellant has argued that by passing a common order on conviction and sentencing, the High Court has contravened Section 235(2) of the Code of Criminal Procedure, 1973 (for short, ‘CrPC’) by not hearing the petitioner separately on sentencing. He has also submitted that the High Court failed to call for mitigating circumstances, that there were no aggravating circumstances, that the case does not fall into the category of ‘rarest of the rare’, that the appellant was only 25 years old who could be reformed and rehabilitated and is not likely to be a menace to the society, that the appellant has undergone a lengthy period in custody, that there is no material to suggest that the option of awarding life sentence was unquestionably foreclosed, and that death sentence should ordinarily be awarded when there is no other alternative left. In addition to the aforesaid, counsel for the appellant has also listed mitigating factors for commutation of death sentence to life imprisonment as under:
""1) The murder was not committed in pre-planned manner. Though rape on a child of 5 years is itself a grave crime, the manner of the committing the crime cannot be said to be gruesome or diabolical.
2) There is no material led by the prosecution to show that the accused cannot be reformed. The State has not brought material to show that the accused is a continuing threat to society and the option of imposing life sentence is unquestionably foreclosed.
3) Young age of the accused is a mitigating factor.
4) Lack of criminal antecedent is a mitigating factor.
5) Conduct in jail has to be considered.
6) Social economic back ground has not been considered, including poverty and lack of education.
7) Perhaps the accused, being unaware of his right to lead evidence of mitigating circumstances, did not request for time for producing material on this aspect. Though it would not vitiate the sentence, there is sufficient material before this Hon’ble Court for making a further inquiry into the mitigating circumstances.
8) The accused is in death row for last 9 years since the judgment of trial court on 08.03.2012.""
The counsel for the appellant has drawn our attention to a certificate issued by the Gandhi Research Foundation, Jalgaon which states that the appellant had participated in the ‘Gandhi Vichar Sanskar Pariksha’ 2017-18 organised by the Gandhi Research Foundation, Jalgaon. It appears from the website of the Foundation that it conducts a country-wide examination called ""GVSP (Gandhian Values for Sustainable Peace - Gandhi Vichar Sanskar Pariksha) to inculcate among the young generation the art of nonviolence in daily life."" Another certificate dated 22nd December 2016 issued by the Yogavidya Gurukul, a research institute recognised by Pune University, states that the appellant has successfully completed the course Yoga Pravesh. We have also taken on record the letter dated 4th September 2021 from Medical Officer, Central Prison Hospital, Belagavi addressed to an advocate, stating that the appellant has been diagnosed with Oral Generalised Sub-Mucosal Fibrosis which is in premalignant condition."" Absolutely right!




			        ""Loved reading this piece by Sanjeev Sirohi? 
			  Join LAWyersClubIndia's network for daily News Updates, Judgment Summaries, Articles, Forum Threads, Online Law Courses, and MUCH MORE!!""




 Join our Telegram group





 Join our Whatsapp group















Click here to Get More Content on LCI Android App











						Tags :criminal law
"
Rape Against Men By Women - No Neutral Law In India,"
Rape is the fourth most serious crime in India and a serious problem worldwide. It is generally a crime committed by men against women, but have we ever thought about it vice-versa? Historically, Rape was regarded as a crime committed by only men against women, but over time,it has been observed that members of other genders, such as men and transgender communities, are also victims of this crime. Anyone, regardless of age, gender or sexual relationship, can be raped. Although there are many such cases, most of them have not been reported because people fear that the report will raise questions about its effectiveness. Most cases of Rape against people other than women have not been reported. People have realized this, but they need to understand this type of crime, as it is necessary to maintain a proper legal system and get rid of this dreadful crime.
First of all, it is necessary to admit that the victims and offenders of Rape can be of any gender, and this crime can happen anywhere, such as in schools, offices, prisons, workplaces, schools, etc. Investigations on male rape victims did not begin until after the 1980s, and it mainly targeted the sexual harassment of minors. Even in the 21st century, it is difficult for male rape victims to report sexual abuse because we live in a society where if a man is sexually abused,people believe that he can protect himself by having a strong male power. Therefore,most people worry that reporting sexual abuse will raise questions about their sexual abilities, or a thought arises that if a man rapes them, they will be considered gay. Some people share their experiences, but mostly, the victims worry about not reporting their Rape to the public. A study by the US Centers for Disease Control and Prevention (Eastern Europe, USA) found that, according to reports, 1 in 17 people are forced to enter the house at a certain life stage. In a recent case in Mumbai, India, an RPF agent was accused of attempting to rape or commit a crime while still alive, but this patriarchal society does not believe that men can also be raped.
In most of these cases, consent is not taken. According to psychologist Sarah Khan, it is reported that less than one in ten male rapists are victims of male rape without any support and services, and there is a lack of a proper system of law against such crimes.
Indian Laws on Rape
Section 375 of the Indian Criminal Code (IPC) defines Rape as sexual intercourse with a woman against her will, without her consent, by coercion, misrepresentation or fraud or at a time when she has been intoxicated or duped or is of unsound mental health and in any case if she is under 18 years of age.A man is considered to rape when the following conditions are met: -

He enters a woman's vagina, mouth, urethra or anus in any way or forces her to do so on him or others.
Or insert or press any object or body part other than the penis into a woman's vagina, urethra or anus to any extent;
Or manipulates any part of a woman's body to force her or others to enter into her vagina, urethra, the anus or any part of the body;
Or put his mouth on the woman's vagina, anus, urethra, or force her to do this to him or another person.

According to the above definition,under Section 375 of the Indian Penal Code, it can be assumed that men always confront women. When a woman forces a man to have sex with her, it is not Rape but a perpetrator. Thus, it is an assumed fact that a man is considered to rape a woman. However,it does not consider the man's consent regarding the sexual behaviour of the woman and always considers the woman to be the victim. In many cases, it is seen that a man False Rapes a woman to take revenge or commit an illegal act.
This shows that India has no specific laws for male rape victims; although Section 377 of the IPC that states that, whoever voluntarily has carnal inter­course against the order of nature with any man, woman or animal, shall be punished,is an exception to this, it is not sufficient to safeguard the rights of men in India.
The Protection of Children from Sexual Offences Act 2012 (POCSO Act) criminalizes sexual assault on boys, but there are no such regulations for adult men. Sexual abuse of adult men is treated differently from that of adult women. The reason for this trend is unclear. India may have regulations on the Rape of boys, but it should also have regulations on the Rape of adult men. The conservative view is that only men who use their power to exploit women make men vulnerable. Sexual assaults and crimes against women and children do not seem to have the sense of equality guaranteed by Article 14 of the Indian Constitution. All laws must be gender-neutral, so any strongest law designed to protect women must also consider sexual crimes against men and other genders.
Criticisms and pitfalls of criminal jurisprudence 
The lack of gender neutrality may be one of the most important features of Indian rape laws. Indian law must be developed according to the needs and requirements of its subject. History has shown that some laws that focus on women's safety and well-being have been abused, prompting legislators and courts to intervene and correct mistakes. The promise of equality and equal protection provided for in the law contained in Article 14 of the Constitution seems to have lost contact with our legislators in drafting laws on sexual harassment. The judiciary does not intend to discriminate against male victims of sexual harassment, but unfortunately, men are rarely seen as victims on this issue. Sexual harassment laws that are not related to gender take time and must be passed by the government to eliminate unintentional gender discrimination and provide equal protection.  However, the Supreme Court rejected the gender-neutral law, stating a valid classification for a crime committed by a woman on a man. CJI Dipak Misra stated that the court is not saying that a woman cannot rape a man, but those circumstances would come under different offences under IPC. A plea similar to this was made in the Supreme Court earlier this year that challenged the constitutional validity of adultery laws in the country that would only punish a married man having an extra-marital sexual relationship with another married woman.A bench comprising Justices A M Khanwilkar and D Y Chandrachud and Chief Justice Dipak Misra took a prima facie view that although the criminal law focuses on ""gender neutrality"", this concept was absent under Section 497 of the Indian Penal Code, which deals with the offence of adultery and therefore, referred this matter to a larger bench.
Conclusion
The penalty for any crime should be as severe as committed and should not be limited to any specific category. It should apply to all citizens, regardless of their gender. Pain is unparalleled, and everyone is the same. Whether male, female or transgender, survivors suffer the same physical, mental, and emotional distress. Gender terms indicate that a man cannot report a woman's sexual assault, because according to the definition of Rape, it can only be committed by a man. A person can file a lawsuit under the influence of violence or beating but not Rape. Even if the action is the same, the punishment for the person is not Rape. India is adapting and making changes to make itself a successful country. So why do we fall behind when the question of raping a man comes? The United Kingdom has gender-neutral laws. Therefore Indian legal system and its citizens must also recognize that even women can rape men. The law should also recognize men as victims and not just criminals. It is necessary to bring awareness about male sexual harassment,and the government and society must change the social stereotypes and hear the pain of male victims.




			        ""Loved reading this piece by KISHAN DUTT RETD JUDGE? 
			  Join LAWyersClubIndia's network for daily News Updates, Judgment Summaries, Articles, Forum Threads, Online Law Courses, and MUCH MORE!!""




 Join our Telegram group





 Join our Whatsapp group















Click here to Get More Content on LCI Android App











						Tags :Criminal Law
"
Do Terrorists Deserve the Remedy of Mercy Petition?,"
How Long Will Mercy Petition Drama For Terrorists Continue ?
At the outset, let me begin by asking: Do terrorists deserve mercy? Are terrorists ordinary criminals that they can claim mercy petition as of birthright? Are the human rights of terrorists more important or an ordinary citizen whom they kill indiscriminately?
How long will mercy petition drama for terrorists continue? How long will our courts including the Apex court open for them to be heard in night? How long will terrorists keep getting special preference as we saw in Yakub Memon case?
Why do we treat terrorists not as ordinary criminals but as VVIPs? Why our government succumbs in front of their demands but never succumb in front of an ordinary criminal? Why does our government declare ceasefire only for terrorists and not for a rapist, murderer or any other criminal?
It must be asked: If rapists and other criminals also form associations, will the government start talking with them also ? Will our government declare ceasefire for them also?
Why does our government hold talks with only terrorists and not other criminals?
It must be also asked : Why is it that our State Assemblies pass resolution only for saving a terrorist from being sent to the gallows and not a rapist or other criminals? Why our government spares no time in hanging rapists like Dhanonjoy Chatterjee who was convicted and hanged only on circumstantial evidence alone and trembles in hanging a terrorist like Afzal Guru or Kasab or Devender Pal Singh Bhullar or any other convicted terrorist ? Arvind Kejriwal recently expressed his concern over rapists , murderers and other criminals being elected as Parliamentarians but what disturbs me most is their stubbornness in always advocating talks with terrorists and not with rapists or other criminals. Why ? Many such troubling questions keep troubling my mind always.
In my college days, I always mistook dacoits for terrorists but my best friend Sageer Khan clarified all my doubts. He said that, ""An ordinary criminal like a dacoit or rapist or robber or murderer or any other ordinary criminal never goes to Pakistan or any other foreign country for getting training on how to commit dacoity or rape or robbery or murder but a terrorist always go and get such training to commit terror acts. Not stopping here , he gets all type of financial and other kind of aid from abroad to perpetrate direct attack on the very identity of our nation as a whole .
Ordinary criminals attack and affect adversely either one or few persons but in case of terrorists things are quite different because terrorists don't attack just one or few individuals rather they attack and affect adversely our nation as a whole whom they want to destroy completely . A terrorist always declares war against the nation but an ordinary criminal never does so. An ordinary criminal like a rapist or a dacoit will never attack our nuclear installations by which our entire nation can be wiped away but terrorists always place our nuclear installations on their hit list as they are a part of a proxy war waged by some of our neighbouring countries like Pakistan and it is a fact that if they are able to execute their evil design , our entire nation can be eliminated in one go !""
It also cannot be denied that a terrorist always gets all types of aid from foreign countries but an ordinary criminal gets no such help. An ordinary criminal will never attack national symbols like Parliament, Red Fort, Supreme Court but terrorists always dream of attacking such places and sometimes have been able to partially attack them also. What is however most intriguing is that our Indian politicians overlook everything and find nothing wrong in holding regular talks with them only and in passing time and again resolutions in their favour and not for ordinary criminals. An enemy soldier during war attack our army soldiers but terrorists are worse than them as they rarely attack men in uniform and always enjoy attacking innocent people especially pilgrims to holy shrines and still many of our leaders plead mercy for them . Do they still deserve mercy?
It goes without saying that they are a potential threat to the very existence of our nation yet our government is not prepared to hang them even after they are convicted and sentenced to death by the Apex Court itself and forward puerile excuses for its inability in deciding on their mercy petitions for decades to the extent that some years back in Bhullar's case , even the Supreme Court had expressed its absolute unhappiness over the same and sought a reply from the Centre in this regard .
Needless to say, our former PM Dr Manmohan Singh had time and again warned of terrorists launching attack on our nuclear installations by which our entire nation can be destroyed. Even PM Narender Modi keep reminding world leaders of the grave threat posed by terrorists to the whole world at large! Still should they be allowed to file mercy petition as a birth right?
The gruesome terror attack that one witnessed at Narender Modi's rally at Gandhi Maidan in Patna and also at Patna railway station is nothing and even the bone chilling terror attack at Mumbai on 26 / 11 in 2008 was just a small trailer if terror leaders like Hafiz Sayyid are to be believed and in coming time there will be unleashed millions of such terror attacks again and even our big dams like Tehri are on their hit list by which many big cities like Haridwar , Rishikesh , Meerut , Ghaziabad and even Delhi our national capital will get swept away but our MLAs who pass resolutions in their favour are least bothered about all this as they point out their experience in India of ""Saab chalta hain"" and how terrorists have their sympathizers in every party which alone explains that why repeatedly Centre and States hold talks with them only and not with a rapist or a murderer . By showing respect for human rights for terrorists, who has suffered the most? We all know.
Truth be told, most of us know that some years back when senior counsel KTS Tulsi was pleading for mercy for death row convict Devender Pal Singh Bhullar who was sentenced to death by a designated TADA Court on August 25 , 2001 , for his role in the September 10 , 1993 , bomb blast in Delhi , Justice GS Singhvi told the counsel, ‘ ‘ Has anyone examined the psyche of victims of violence ? Several security persons died in defending Parliament and these people have been forgotten in a day. In this incident, nine persons were killed and 27 injured; what about their human rights? It is difficult to ignore the reasons for delay, but persons who committed the crime think that at a given time, a particular political combination will come (to power) and will give support for commutation (of the sentence) Delay gives a huge hope.''
Simply stated, the Congress party which has been in power for maximum period in Centre as also those parties who have been in power in Centre and so also the incumbent NDA government led by PM Narendra Modi must seriously give it a food of thought as these opinions are not of one ordinary individual but of a senior Judge of the Supreme Court. It cannot be lost on us that we have lost many dynamic charismatic leaders including former PMs like late Mrs Indira Gandhi , late Rajiv Gandhi and many others like VC Shukla among others in terrorist attacks but what a pity that still we treat terrorist as ordinary criminals and extend the privilege of mercy petition to them .Things have come to such a pass that Pakistani leaders like Rahman Malik were asking for Kasab to be hanged but this ‘ ‘ mercy petition privilege'' delayed their hanging but it was all credit to our former President late Pranab Mukherjee who ensured that some of the dreaded terrorists were hanged and not kept in jail warmly for many decades as we saw most unfortunately in case of killers of our former PM late Rajiv Gandhi!
Those advocating mercy for terrorists dish out various Articles of the Constitution or various Sections of IPC or CrPC to support their headless chicken arguments that even law favours them. Why do they forget that when our Constitution or CrPC or other laws were prepared, there was no terrorism whatsoever in our country.
It is only in the last three decades or so that terrorism started rearing its ugly face in India with full help from foreign countries who want to destroy us completely and they receive direct aid from such MPs and MLAs who pass resolutions demanding clemency for terrorists or holding talks with terrorists unlike other ordinary criminals with whom they never like to even interact or see their face.
Can anyone deny that in just 15 years from 1994 to 2009 nearly 30, 000 people have been killed in various terror attacks, what to say about security forces who are their prime targets. Still our elected representatives want that no terrorist should ever be hanged and this special privilege of holding talks like VVIPs should also be reserved only for terrorists and not for rapists or dacoits or other criminals. Unlike other criminals , terrorists are most dangerous in destroying the very identity of our nation itself as now see Taliban which is a terror organization mercilessly playing havoc with the lives of people but still all this doesn't bother our leaders and they forward one lame excuse or the other for holding talks with terrorists . Crores and crores of rupees are spent aimlessly in providing security to terrorists and even after being convicted they enjoy jail facilities at the taxpayers cost but the government cares a damn for it all !
What a pity that time and again terror groups like ULFA among others have misused or rather abused the ceasefire for regrouping and rearming and in killing scores of men in uniform but our politicians just don't bother and without bothering for the wounded sentiments of families of the deceased soldier enjoy in holding talks with them . This open mockery of the supreme sacrifice rendered by the martyred brave soldiers hurts me most and must end now if our nation has to survive and prosper ! It cannot be allowed to go on with impunity. While distinguishing a terrorist attack from a criminal activity, the Supreme Court in Mohd Khalid v State of West Bengal, 2002 (7) SCC 334 held, ‘‘It may be possible to describe it as use of violence when its most important result is not merely the physical and mental damage of the victim but the prolonged psychological effect it produces or has the potential of producing on the society as a whole.There may be death , injury or destruction of property or even deprivation of individual liberty in the process but the extent and reach of the intended terrorist activity travels beyond the effect of an ordinary crime capable of being punished under the ordinary penal law of the land and its main objective is to overawe the Government or disturb the harmony of the society or ‘terrorise' people and the society and not only those directly assaulted , with a view to disturb the tempo , peace and tranquility of the society and create a sense of fear and insecurity .'' It is our politicians especially those who are ruling in Centre or in States who must always bear this in mind!
It is an unbeatable irony that repeated terror attacks including the one on Delhi High Court have also failed in igniting a stirring debate about abolishing mercy petition for terrorists and setting a time limit within which the case of terrorists must be decided right from the lowest to the highest courts so that the right message percolates down that terror acts won't go unpunished and terrorists can't escape the gallows for long and their political connections will carry no weightage but sadly this is not happening so right now! Rather the pernicious, divisive practice which has been set in motion is that if the terrorist is from Tamil Nadu, the whole Assembly will pass a resolution that their terrorist will not be hanged and this holds true for other states also. The welfare of the people and our national interests must be paramount and not that of terrorists or their elected representatives who support them or the lawyers who argue their case elegantly or the countries like Pakistan who train and send them to India to cause maximum mayhem and destruction!
Last but not the least, if India is to survive as a nation in the coming years, we have to be firm in punishing the convicted terrorists after being convicted by the Supreme Court and this brooks no delay as it would tantamount to nurturing them for the day when other terrorists of his group kidnap innocents to secure their unconditional release as has happened many times in the past! We all know how Masood Azhar who is the founder of the dreaded terror outfit - Jaish-e-Mohammad was released along with his three other associates when the Indian plane was hijacked and taken to Kandhar in Afghanistan in 1999! Their trial must take place at lightning speed and no mercy should be shown to them once convicted as they are the most potent threat not to just one or few individuals but to the very existence of our entire nation and nobody can be above the nation, certainly not the terrorists! They must be promptly hanged after being convicted! The drama of mercy petition for terrorists must be put to an end now once and for all the times to come! The earlier this is done, the better it shall be for our national interests which certainly stands above everything else!




			        ""Loved reading this piece by Sanjeev Sirohi? 
			  Join LAWyersClubIndia's network for daily News Updates, Judgment Summaries, Articles, Forum Threads, Online Law Courses, and MUCH MORE!!""




 Join our Telegram group





 Join our Whatsapp group















Click here to Get More Content on LCI Android App











						Tags :criminal law
"
Brief Opinion: What is Parallel Between Victimology and Criminology,"
Often, society is willing to allow criminals to obtain leniency for their crimes, which can result in the existence of a person. Even though the offender was not influenced by his environment to commit the crime, the offender is liable to adopt the personality of the victim in order to gain sympathy. This is often successful because when more affluent people are in the presence of those who are considered less fortunate, they may feel guilt. In many cases, this guilt is not necessary. However, if a person begins to express their opinion that the perpetrator is avoiding responsibility for the crime by adopting the role of the victim, then presumably their views will be greatly criticized.
Victimology, even if it is honest, is often a way in which individuals justify crime for themselves and others. For example, one of the most common beliefs within the United States is the Great American Dream, in which everyone is happy, living in a good home, and parents have stable occupations that lead to comfortable living for their families We do. It does not reflect the reality of the slums of the inner city and poor rural areas at all. By clinging to the belief that, regardless of the effort in some cases, individuals deserve to experience the American dream, they may be willing to take what they feel instead of trying to work for it Huh. Some would argue that he has no means of working for this dream, and that he had no choice but to act in the way he did. However, this defect of society does not change the reality of the situations. Allowing a person to be free from guilt due to a victim mentality would be a slap in the mouth of those who work to succeed.
Here the most important similarity is between victim and criminology. Although it is easy to blame society for someone's trouble, it does not begin to solve the problem. Individuals on all sides need to think about how society can influence the role of the perpetrator and take steps to change things. In this way, when a person tries to adopt a victim mentality, we as a society can say that there were other options. By outlining the various options in such a setting, even more people can be made aware of the ways in which society is working to stabilize equality between different categories of individuals and make crime a product of the environment or environment. Is working to reduce. Criminology serves to examine how society and criminals interact, and this needs to be heavily investigated to find the cause of problems and work towards successful solutions.
There are also instances in which people who are considered seats of power will become corrupt. It is also important to look into this. Individuals may also try to take the role of a victim in this scene to appeal to the sympathetic public. In addition to sociopaths, individuals have ethical standards that will tell them what is wrong and what is right. Adopting the role of a victim to gain sympathy for anyone is a ploy against the thoughtful nature of others. When it comes to crime, the people who play the role of the victim are the ones who are the victims during the crime. For such individuals who survive, they are many times stronger than those who can be believed, and this puts a stop to the fact that the criminal will then try to adopt such a role, Which he violated, he will not even go to the court room.




			        ""Loved reading this piece by Arpit Tumbaria? 
			  Join LAWyersClubIndia's network for daily News Updates, Judgment Summaries, Articles, Forum Threads, Online Law Courses, and MUCH MORE!!""




 Join our Telegram group





 Join our Whatsapp group















Click here to Get More Content on LCI Android App











						Tags :criminal law
"
21 Latest Landmark Criminal Law Judgements,"
Introduction
Criminal law is a discipline of law which deals with crimes or offences and their punishments. Most of the criminal law is codified in India and is established by statues and presidents. Objectives of criminal law can be narrowed down into retribution, deterrence, incapacitation, rehabilitation, and restoration. In general terms criminal law is meant to prove it undesirable activities against the individuals and the state. Following are the elements of a crime - 
Guilty intention on Mens Rea - In order for a crime to be committed there must be a guilty mind guilty intention on the part of the accused while committing the act. Mens Rea can be intention, knowledge, motive, recklessness or even negligence. 
Actus reus or illegal act - apart from the intention, the second essential for a crime is Actus Reus. Acting upon the intention and physically doing an act or omitting to do such act comes under this category. 
Injury - Injury is defined in Section 44 of IPC it means any harm caused to any person illegally it may be harm towards someone's body, mind, reputation, or property.
Landmark Criminal law judgement No. 1 - Sonu vs Sonu Yadav 
The appeal was brought before the supreme court when a man was granted bail by the Allahabad High Court who was accused in a dowry death case. The bench comprising of justices DY Chandrachud and MR Shah held that the reasoning given by the High Court does not constitute the kind of reasoning which is expected in a judicial order. The court also said that the sentence extracted earlier also contains terminology like - the entire facts, circumstances of the case, submission of the learned counsel, nature of offence, evidence, complicity of accused, etc. Do bail applicant has been the case for bail without expressing any opinion on the merits of the present case. 
The supreme court also said that the high court did not considered the seriousness of the alleged offence the woman was constantly threatened by her husband and his family members for dowry and met an unnatural in within a year of their marriage. The seriousness of the offence should have been considered. Ultimately the court held that - In an order granting bail judicial application by the judge deciding an application under section 439 of CrPC must be embodied in that order. 
Landmark Criminal law judgement No. 2 - Gurdev Singh vs State of Punjab 
In this case the accused was found with the possession of 1 kg of heroin which is four times more than the minimal commercial limit allowed in the country. According to the Narcotic Drugs And Psychotropic Substances Act, 1985 the minimum sentence shall not be less than 10 years and can extend up to 20 years and fine can be Rupees 1,00,000 which may extend to Rupees 2,00,000. 
When the convict was accused the special Court announced the punishment under section 21 of the act and sentenced him for 15 years of prison time and a fine of Rupees 2,00,000 (if defaulted, would lead to one year of rigorous punishment).
The convict appealed that the court stated no reason for 15 years of punishment which was more than the minimum 10 years. The bench of justice DY Chandrachud and MR Shah held that the court has clear discretion to impose any sentence or punishment ranging between 10 to 20 years and while imposing such sentences the court may also take into consideration factors as it medium fat other than the factors mentioned in section 32(B) (A) to (F) of the act. So, the quantity of narcotics substance recovered is also a relevant factor while imposing in the punishment greater than the minimum. 
Landmark Criminal law judgement No. 3 - Sushila Aggarwal vs State of NCT of Delhi
A bench consisting of justice Arun Mishra, Indira Banerjee, Vineet Saran, MR Shah, and S Ravindra Bhat held in this case that when a bail is granted to a person under section 438 of Code of Criminal Procedure the protection guaranteed should not be for a fixed limited period only and should protect the accused without any restriction of time. The conditions laid under section 437(3) read with section 438(2) should be embossed like normal conditions. The court further held that life of an anticipatory bail does not automatically end if the accused is summoned by the court or when charges are framed but it is continued till the end of trial except in special cases. While delivering this judgement the court also referred to the case of Shri Gurbaksh Singh Sibbia vs State of Punjab. 
Landmark Criminal law judgement No. 4 - Somasundaram vs the state rep. by the deputy commissioner of police 
The court held that for an accessory to be accepted the material specifics of his declaration should be substantiated. The court eventually upheld the conventions of of Tamil Nadu politician and ex MLA MK Balon in 2001 for abduction and murder. The court also explained various concepts of abetment and its ingredients in the judgement. It was also stated by the court that the dichotomy between section 133 and illustration number B of the Indian evidence act was no longer res Integra. The court also distinguished this case as abduction from kidnapping. The court also sent a statement under section 164 CrPC did not constitutes substantial evidence and can only be used for contradiction and corroboration. The court final held that the trial court was wrong in its judgement to presume that there was no criminal liability attached to the accused as it is presumed that it is the duty of Indian wife to support their husbands even if husbands were committing criminal activities. 
Finally, the court said that uncorroborated testimony of accomplice cannot be the basis of conviction. 
Landmark Criminal law judgement No. 5 - Ashoo Surendranath Tewari v. Deputy Superintendent of Police, EOW, CBI & Anr 
The case was brought before the court after a FIR was registered on 9th December 2009 with regards to MSME receivable finance scheme operated by SIDBI (Small industries Development Bank of India). A 3-judge bench consisting of Justices Rohintor Fali Nariman, Navin Sinha, and Indira Banerjee held in this case that in the cases related to exoneration in departmental proceedings on merit and when any or all allegations are found to be non-sustainable and the person accused was held innocent, a criminal prosecution based on the same set of facts and circumstances cannot be allowed to move forward. The judgement of High Court and that of special judge was hence discharged in set aside. 
Landmark Criminal law judgement No. 6 - S Kashi vs State through Inspector of Police
A three-judge bench of justice Ashok Bhushan, MR Shah, and V Ramasubramanyam the court observed that Suo Moto order related to extending limitation and the lockdown restrictions of the government will not in fact effect the right of an accused persons to seek for bail under section 167 (2) of the CrPC. Earlier, a single judge bench of the high court held that the restrictions imposed due to lockdown should not give right to an accused party to pray for a grant of bail even though the charge sheet has not been filed within the prescribed time mentioned under section 167(2) of CrPC. But this decision of the High Court was set aside by the supreme court while granting bail to the accused.
Ultimately the court held that for the period of filing of charge sheet under section 167 (2) of CRPC in the limitation due to lockdown would not be applicable. 
Landmark Criminal law judgement No. 7 - Shilpa Mittal vs State (NCT of Delhi)
In a two-judge bench consisting of justice Deepak Gupta and Anirudh Boss the supreme court held that only those offences in which the punishment prescribed is a minimum sentence of Seven years or more than that can be regarded as heinous officers under the Juvenile Justice act. And the offences whose punishment is less than 7 years cannot be treated as heinous officers. The court also said that officers which prescribe a maximum sentence of more than 7 years, but no minimum sentence is provided for offences for which a sentence of less than 7 years imprisonment is provided are not covered by section 2 (33) of the act. 
But Court also added that even though these offences might not be considered heinous, but they will be considered as 'serious offences' in exercise of the powers of article 142 of the constitution. 
Landmark Criminal law judgement No. 8 - Amish Devgan vs Union of India
The two-judge bench consisting of justice AM Khanwilkar and Sanjeev Khanna on 7th December 2020 delivered the judgement in the case of Amish Devgun which was brought forward when the FIR was registered against the news18 anchor Amish Devgan for using the term ""Lootera Chishti"" in one of his shows. And the court refused to quash the FIR registered but has granted interim protection to the anchor against arrest. The conditions being his joining and co-operating in the process of investigation till it is completed. In the judgement the court also defined ""hate speech"" which still remains very difficult to define and also laid emphasis on the point ""incitement to violence"" which is punishable and an important aspect of hate speech. The court also laid down fifteen points on notable excerpts on hate speech. The court also held that freedom and rights cannot promote those who promote insite violence. And it was further stated by the court that merely referring to feelings of a community or a group without any reference to any other community or group is not hate speech.
Landmark Criminal law judgement No. 9 - Paramveer Singh Saini vs Baljeet Singh
The court in this case with a three-judge bench consisting of justice RF Nariman, KM Joseph, and Aniruddha Bose directed all the States and Union Territories in the country to install CCTV cameras in all the police stations and file compliance affidavits within 6 weeks. The serious fraud investigation office (SFIO), NCB (Narcotics Control Bureau), DRI (Department of Revenue Intelligence), CBI (Central Bureau of investigation), NIA (National investigation agency), ED (Enforcement Directorate) and any other Central agency involved in interrogation of people were also ordered to install the CCTV cameras in their offices. 
While delivering the judgement the court also mandated that the system of cctv which is to be installed must be equipped with night vision and also contain audio as well as video footage whose life will last a considerable time and all the details of the cctv cameras installed in the location are to be mentioned in an affidavit. 
Landmark Criminal law judgement No. 10 - Subed Ali vs State of Assam
In this case, the accused was convicted under section 302 and 34 of IPC by the Sessions judge and was sentenced for life imprisonment. The accused appealed against the order before the supreme court. The question before the court was is active involvement in the commission of an offence a precondition of section 34 of IPC to establish common intention. The court in its judgement defined common intention and while looking up on all the facts of the case held that no further evidence is required according to the presence of common intention in upland number one to commit the offence in question. As a result, the court refused to grant any benefit to the appellant on history and the question of common intention was answered by the court. The judgement was delivered by a three-judge bench consisting of justice SK Kaul, Aniruddha Bose, and Krishna Murari.
Landmark Criminal law judgement No. 11 - Satyam Dube vs Union of India. 
This case is commonly known as Hathras Rape Case and it caught public attention last year for its brutal and violent nature and remains one of the most terrifying gang rape case in the country. There was a three-judge bench consisting of the Chief Justice, SA Bobde, AS Bopanna, and V Ramasubramaniam. 
This case was brought forward when a 19 year of year-old girl was brutally gangraped and assaulted in a small village in Uttar Pradesh. She was shifted to Safdarjung Hospital in Delhi for treatment where she took her last breath and was cremated in the middle of the night without the presence of any of our family members. Considering how the events took place everything was questionable, and the petitioner contended for a fair investigation in the matter by an independent agency. 
The supreme court in its judgement acknowledged that Uttar Pradesh Police will not conduct a proper and fair investigation. And it further noticed the Allahabad High Court to secure fair investigation and also to secure the presence of the victim's family members. The supreme court ordered Allahabad High Court to carefully monitor the further proceedings and investigation. 
Landmark Criminal law judgement No. 12 - Toofan Singh vs State of Tamil Nadu
The judgement in this case was delivered by three-judge bench consisting of justices Rohinton Fali Nariman, Navin Sinha, and Indira Banerjee. The court delivered the judgement by 2:1 majority where justice Indira Banerjee descended from the opinion of the majority. The Court ruled that the officers who are given the duty and power under section 53 of Narcotic Drugs and Psychotropic Substances Act of 1985 (NDPS) are to be considered as 'Police Officers'. such officers would fall under the ambit of Section 25 of the Evidence Act of 1872. As a result of this observation any confession or statement made to the investigating officer would not be considered into account in order to convict an accused under the NDPS act as per provisions mentioned in section 25 of the evidence act. the court also held that any statement which is recorded under section 67 of the NDPS act cannot be used as a confession in the trial of any offence under the act. 
Landmark Criminal law judgement No. 13 - Fertico Marketing and Investment Pvt. Ltd. vs Central Bureau of investigation
The present case was brought forward when surprise raid was conducted by the Central Bureau of Investigation in the premises of a Fertico marketing and investment pvt. ltd. factory and it was found that the coal purchased by FSC was sold illegally. It was also for the discovered that because of these activities a loss of Rs 38 Crore was suffered by the central government and there was involvement of government officials in it. The appellants argued that the CBI did not had the consent from the state government under section 6 of DSPE act hence had no power to conduct the investigation. The supreme court held that under Section 5 of DSPE act the central government is enabled to extend its power and jurisdiction of the DSPE beyond the UT to a state and for this permission is required under section 6 from the state government. The court ultimately held that if such consent from the concerned state government is not taken it would not vitiate the investigation unless the investigation can be proved to be illegal or prejudice against the accused or a miscarriage of justice can be proved. The judgement was delivered by a two-judge bench consisting of justice AM Khanwilkar and BR Gavai. 
Landmark Criminal law judgement No. 14 - Himanshu Dabas vs State
The present case was brought before the Court when respondent was in custody for offences under section 302, 207, 201, 120B, and 34 of IPC and sections 25 and 27 of Arms act was granted bail on the grounds of medical report provided by the doctors. The reports claim that the f in ac test concluded that the patient was suffering from Gynecomastia and Piles along with hypertension and Diabetes. With later investigation into the matter, it was found of that gynecomastia just the enlargement of the male breast and there was no urgency or emergency in the matter and the surgery was only for cosmetic reasons. Contrary to the claims by the respondent there was no tumour present there was no risk of cancer. But still he was granted bail on the basis of these medical reports which proved out to be sketch and questionable. 
The court held that such medical reports should not be full of medical jargon should be easily understandable by a judge in the court and if there is something sketchy or any misrepresentation of conditions or the urgency or emergency of the condition is falsely presented by the Doctor, such an act would be considered an offence under section 192 of Indian Penal Code, 1860. The court also laid down various guidelines to be followed while presenting the medical report by the jail hospital doctors and the doctors in private hospitals.
Landmark Criminal law judgement No. 15 - State vs Amit Goswami 
The present case was brought forward when the applicant was arrested in the matter and was accused of vandalizing, looting, arsoning, putting a shop on fire, and assaulting along with a riotous mob. The applicant was arrested based on statement given by two constables as witness of the incident. and a FIR was registered under section 147, 148, 149, 457, 435, 436, 454, and 380 of the Indian Penal Code. 
The applicant argued that why did the police officers waited for the matter to arise why they did not report the incident in the police office at the same date itself. The applicant also claimed that these cons tables were placed witnesses. Another major claim by the applicant was that he was neither specifically named in the FIR nor any specific role was assigned to him in the matter and there was no CCTV footage or video clip of the same. 
The court held that as the investigation was over, and the charge sheet was filed there was no need for the applicant to stay in judicial custody. As a result, he was granted a bail on grounds of parity as the co-accused namely Mukesh Kali and Sunil Sharma but also granted bail. A personal bond with the sum of rupees 20,000 was set which was subject to conditions that he shall not tamper with evidence or influence any witness in any matter. and he shall co-operate with the court and the proceedings in accordance with the bail bond.
Landmark Criminal law judgement No. 16 - State of Uttar Pradesh v. Jail Superintendent
This case was brought before this court that numerous criminal cases were registered against Mukhtar Ansari in various parts of Uttar Pradesh. And presently there are 10 criminal cases pending against him. While the proceedings for one of the cases was taking place, he was produced before a Judicial Magistrate and was remanded to District Jail in Punjab on 24th January 2019 since then he is in the said jail. And during this period large number of warrants have been issued against the production of Ansari before various different courts in Uttar Pradesh but the Uttar Pradesh Police have been unable to get Ansari for the proceedings as the jail authority is of Punjab claim that the accused was unwell. 
While answering the original prayer of the petitioner the court held that the state can be a party interested within the meaning of section 406(2) of CrPC. The court also observed that in the case registered in Punjab there was no final report filed by the police yet as the case is still at the stage of investigation. The court further said that there is no provision for transfer of under trial criminal and under article 142 of the constitution the court may issue directions for such transfer in this instance keeping in mind the facts of the case. The court also held that a convict for any under trial prisoners who is discovered the law of the land has no right to oppose his transfer from a prison to another and the courts cannot just watch like helpless bystanders and the court is well within its right to use the power given to it under article 142 of the constitution. 
Landmark Criminal law judgement No. 17 - Aparna Bhat vs State of Madhya Pradesh
This case was brought before this court in a plea which was concerned with imposing of certain conditions in casing cases involved with sexual offences against women. The two-judge bench of Justice AM Khanwilkar and SR Bhat held that the trauma which is rendered born by the survivor of such officers adversely affect their dignity. Use of reasoning or language which diminishes the act of such offences and leads to trivialize the survivor is specially to be avoided under all circumstances at any stage of the judicial proceeding. The court also said that it is the duty of the court to make the survivor feel comfortable and to make them rely on their impartiality and neutrality at every stage of such sensitive proceedings. Even any direct or indirect undermining act by the coat against the victim violets such confidence which is bestowed upon this code. The court further laid down various points against judicial stereotyping and the stereotypes that should be avoided. The court also said that the stereotype that 'good women' are sexually chaste shall also be avoided by the court under every circumstance. The court also laid down various grounds while granting bail in sexual offences. Further the court give directions on training and sensitization of judges and lawyer involved in such sexual offence cases. The court also laid down various points for the conditions that should not be imposed on the victim. The court also condemned the act of ordering the convict to tie Rakhi or to get married to the accused of sexual offences and should be avoided. 
Landmark Criminal law judgement No. 18 - D Devaraja vs Owais Sabeer Hussain 
In this case the question present before the Court was that whether the High Court ought to have exercised powers under section 482 of CRPC instead of directing the policeman for applying of discharge before the trial court and there was no sanction to prosecute under section 197 of CrPC. The two-judge bench of justice R Banumathi and Indira Banerjee health chart the test for inserting if sanction was necessary or not is whether the act in question is completely connected with the official duty or whether there is operations of reasonable connection with the official duty. The question of sanction has to be determined at any stage of the investigation the court further held. The court was of this you because the complaint may or may not disclose if the act constituting the offence was done in the discharge of official duty, but the facts ultimately assert the establishment necessary for sanction. 
Landmark Criminal law judgement No. 19 - Ashwini Kumar Upadhyay vs. Union of India
The to judge bench consisting of justice RF Nariman and Justice Ravindra Bhat held in this case that each and every political party is ordered to publish the criminal records of all the candidates in the assembly and parliament polls within 48 hours of selection of such candidate or within a time period of two weeks of nomination whichever comes earlier. This decision by the court was back by the fact that there has been an alarming increase in the numbers of candidates with criminal history criminal background in the last four general elections. The courts that it shall be mandatory for political parties be it central or state level to upload this information on their website and on their social media platforms. Details like nature of the offence particulars of the charge concerned Court the case number and the reason why such candidate has been selected shall also be stated. Such details will also be shared with the election commission and it shall also be stated that why the party members with no criminal records were chosen. It was also stated that in 2004 25% of MPS had criminal cases pending against them and the number rise to a whopping 43% in 2019. 
Landmark Criminal law judgement No. 20 - Jinofer Kawasji Bhujwala vs State of Gujarat 
This case was brought before the court regarding and FIR offences under section 406, 409, 420, 465, 468, 471, and 120 (B) of IPC along with section 13 (1)(D) of prevention of corruption act. The trial had not commenced and was pending for the past 6 months and the period of 9 months has gone by from the date of filing of the charge sheet when the accused applied for bail, he was granted bail on these grounds. When the opposition counsel argued that this was potentially a threat to national security and the accused might tamper with witnesses or evidence to secure his acquittal, this argument by the prosecution was rejected by the court. Later, an additional condition was added to the bill which directed the accused to surrender his passport. 
This decision was delivered by a two-judge bench consisting of justice Ashok Bhushan and MR Shah. 
Landmark Criminal law judgement No. 21 - Joydeep Majumdar v. Bharti Jaiswal Majumdar
In the present case an army officer’s wife made various malicious complaints against the officer to his superiors and various other authorities without any proof just to sabotage his character and career. The three-judge bench of justice SK Kaul, Dinesh Maheshwari, and Hrishikesh Roy held that these instances cannot be narrowed down to ordinary middle class married life as done by the high court earlier, but it would amount to mental cruelty. The court also added that in cases like that the aggrieved party cannot be expected to continue with the marriage and they are well within their rights to see for separation. The court while delivering the judgement also define mental quality in which the court said that the degree of tolerance will obviously vary from couple to couple and while delivering such judgement the court should keep in mind the background, the level of education, and the status of the parties in order to reach to a justified conclusion and determine whether there was cruelty or not. The court also observed that this was a clear attempt by the wife to harm the husband's reputation among his colleagues, and his superiors, and the society at large. For the allegations made by the wife the legal consequences must follow. Ultimately the court held that this is definitely a case of cruelty on the husband by the wife.
Conclusion
In India, criminal law is codified and established by statues and various Court judgements. Indian Penal Code, The Code of criminal procedure, and The Indian Evidence Act are the three primary provisions regarding criminal law in India. In criminal cases, only the applying of relevant provision and laws is not necessary but also the interpretation of those relevant laws and provisions and applying them according to the facts and circumstances of the case is also necessary. Through various Court judgements the interpretation of these laws become easier. All the above-mentioned landmark judgements will help in interpretation of the concerned provisions and laws and also set a precedent for the upcoming cases.
 




			        ""Loved reading this piece by Ishaan? 
			  Join LAWyersClubIndia's network for daily News Updates, Judgment Summaries, Articles, Forum Threads, Online Law Courses, and MUCH MORE!!""




 Join our Telegram group





 Join our Whatsapp group















Click here to Get More Content on LCI Android App











						Tags :Criminal Law
"
Double Jeopardy,"
INTRODUCTION
SECTION 403 Cr. P.C is based on the ancient maxim 
""NEMO DEBTS BIS UEXARI PROEADEM CAUSA""
(no person should be twice disturbed for the same cause).
The same principle AUTRE FOIS ACQUIT (formerly acquitted) and AUTRE FOIS CONVICT (formerly convicted) is prevailing in the common law which means that no one should be punished or put in peril twice for the same matter.
According to the Oxford dictionary 
""trial for the same offence""
RELEVANT PROVISIONS
Following are the relevant provision of Cr. P.C regarding the concerned topic.

Section 403 Cr.p.c.
article 13(A) Constitution of Pakistan, 1973
section 26 of General clauses act.
Section 11 of c.p.c

RULE OF DOUBLE JEOPARDY U/SEC
Section 403 Cr. P.C contemplates a situation where a person who has once been tried by a court of competent jurisdiction and acquitted or convicted by such cannot be tried again for the same offence nor any other offence based on similar facts 
Case law.
PLJ 1978 SC 221
It was held that where the prosecution finally concluded ended either in acquittal or conviction that a fresh prosecution for the same would be barred.
ESSENTIALS TO ATTRACTION SEC 403.
BEFORE SEC 403 CAN BE INVOKED THE FOLLOWING CONDITIONS HAVE TO BE SATISFIED.
It is necessary for the application of sec 403 that there must be a previously instituted trial apart from the one in question. It means that the proceedings must have commenced in the court against the person in question against whom the court has taken cognizance of the offence and issued process.
The offender and set of the facts relating to the offence must be the same in both trials. Same offences mean the same act or omission made punishable under the same provision of law.
The protection contained in subsection 1 of section 403 extends to an offense, for which a different charge might have been made on the same facts at a previous trial u/sec 23 and also in respect of an offense for which he might have been convicted at the previous trial u/sec 273 Cr. P.C
a court of competent jurisdiction is a court that has legal authority under the law of the land to determine the case on merits that is brought before it. The bar of fresh trial u/sec 403 will apply only where the previous conviction or acquittal has been by a court of competent jurisdiction.
The PREVIOUS TRIAL ENDS AT CONVICTION OR ACQUITTAL
To attract sec 403 it is necessary that the previous trial must ends either order of conviction or acquittal.
Conviction means a conviction for a criminal offense an offence that may be punishable with a fine or deprivation of liberty.
The acquittal means a verdict of the jury or final judgment of the court that the prisoner goes thereof without day.
The bar of fresh trial applies only where the previous conviction or acquittal is in force.
VIOLATION OF TWO LAWS
Accused of violating two laws for the same offense cannot be tried twice. The second trial after conviction under one act is forbidden by article 13 of the constitution and sec 26 of the general clauses act and sec 403 of Cr. P.C 
the second trial may be instituted against the accused in the following case.
A person acquitted or convicted for any offense may be afterward tried for any distinct offense for which a separate charge might have been made against him on the form trial u/sec 235(1).
The test to determine whether offenses charged at two trials are distinct or not is that.

Whether separate sentence could be passed if the offenses were charged at the same trial and 
Whether the evidence necessary to prove the two offences is the same or distinct.

A person tried again for any other offense constituted by the same acts. When the consequences had not happened were not known to the court to have happened at the time when the accused was convicted.
A is tried for causing grievous hurt to b and convicted B afterward dies A may be tried again for culpable homicide.
A person may be tried again for any other offense constituted by the same acts but for which he was not tried for want of jurisdiction by the previous court.
It is a settled principle of law that no person will be tried for an offense on the same set of facts on which he has already been acquitted or convicted.
Section 403 is exhaustive on the subject of the effect of previous convictions or acquittals. The scope of section 403 is restricted to criminal proceedings and not to civil proceedings and departmental inquiries.




			        ""Loved reading this piece by Imrana Hanif? 
			  Join LAWyersClubIndia's network for daily News Updates, Judgment Summaries, Articles, Forum Threads, Online Law Courses, and MUCH MORE!!""




 Join our Telegram group





 Join our Whatsapp group















Click here to Get More Content on LCI Android App











						Tags :criminal law
"
First Woman To Be Hanged In Independent India,"
KEY TAKEAWAYS
First time in the history of independent India a woman will be hanged at Mathura jail. Shabnam Ali, aged 38, was convicted for the murder of seven members of her family – mother, father, two brothers, sister-in-law, cousin, and a 10-month-old nephew.
Shabnam belong to Bawankheri, a village situated about 20 kilometres from Amorha in Moradabad division of Uttar Pradesh. She was convicted along with her paramour Salim, were tried and awarded by all courts, up till the Supreme Court. Shabnam's mercy petition has also been rejected by the Governor and President and is mostly to be hanged soon once a death warrant is issued. Shabnam is currently behind bars in Rampur district jail, and Salim in Agra prison. The date is execution is yet to be fixed, and Shabnam's son has filed a mercy plea to President Ram Nath Kovind.
BACKGROUND
On the night of April 14th-15th, 2008, Shabnam served her family food laced with sedatives and slit their throats once they fell unconscious. She was seven weeks pregnant with Salim's child at the time. Shabnam initially pretended that her house had been attacked by ‘unidentified assailants'. However, she later confessed to abetting Salim in the crime and drugging her entire family before committing the crime.
Shabnam, a double M.A. in English and Geography, was a teacher at the village primary school. Salim, a class VI dropout, worked at the wood-sawing unit situated outside Shabnam's house. Shabnam's family members were averse towards her relationship with Salim as they both hailed from different socio-economic backgrounds and castes – Shabnam a Saifi Muslim, well-to-do landholders, and Salim a Pathan who worked as a daily wager.
Shabnam's uncle, Sattar Ali, expressed that she should be hanged on account of the brutally murdering her family members. He described her as a demure girl, ‘every bit the obedient daughter' and never expected her to be capable of such acts.
Both, Shabnam and Salim, were awarded the death sentence by the Sessions Court in Amroha. Shabnam appealed in the Allahabad High Court, that awarded them the death penalty to them. In 2015, the Supreme court also upheld the decision of the High Court, and dismissed her review petition last year in January. Further, she even sought a mercy petition addressed to the President of India, which was also rejected. She, however, has not yet exhausted all her judicial remedies.
RECENT DEVELOPMENTS
Although the assailant has not received a death warrant, jailor Rakesh Kumar Verma stated that the prison administration has started preparations for the hanging in Mathura jail. Mathura district jail is in the only hanging house for women in the country. Pawan Jallad of Meerut, who was in-charge of the execution of the convicts of the Nirbhaya gang rape and murder case, recommended a few modifications to the place in Mathura jail.
The Times of India interviewed the couple who adopted Shabnam and Salim's son – Usman Saifi and Vandana – based in Bulandshahr. Usman claims to be repaying her by taking care of her child as she had helped him with his college fees back when they were studying.
“I was shocked when I read about the murders and that Shabnam had been arrested for them. Had it not been for her, I would have had to drop out of college. The least I can do is look after her child.”
Incidentally, Usman and Vandana cannot adopt the child legally as Islam does not permit adoption. However, the continue to take care of him as his foster parents. Presently, Shabnam's son has filed a mercy plea addressing the President.
HISTORY OF THE MATHURA JAILHOUSE
The first female hanging house was built in Mathura about 150 years ago, but has never been used in the 74 years of independence. A woman from Lucknow, Ramshri, was sentenced to death back in April 6, 1998, however, her death sentence was commuted to life imprisonment eventually once she conceived a child while in jail.
CONCLUSION
Senior superintendent of Mathura jail, Shailendra Maitrey, confirmed that an order has been placed for a rope but claimed for the preparations to be ‘routine maintenance'. He denies having received any notice that Shabnam or any other woman convict is to be hanged in Mathura.
WHAT ARE YOUR VIEWS REGARDING THE HANGING OF A WOMAN CONVICT FOR THE FIRST TIME? LET US KNOW IN THE COMMENTS BELOW!




			        ""Loved reading this piece by Nikita Mehrotra? 
			  Join LAWyersClubIndia's network for daily News Updates, Judgment Summaries, Articles, Forum Threads, Online Law Courses, and MUCH MORE!!""




 Join our Telegram group





 Join our Whatsapp group















Click here to Get More Content on LCI Android App











						Tags :criminal law
"
Pre-Arrest Notice: Section 41A of Criminal Procedure Code,"
Under Article 21 of the Indian Constitution, the right to life has been offered a principal status by the judiciary. Article 21 and 22 ensure against arbitrary detainment and arrest and the legal judiciary now. In a few cases, it has defended this interest and restricted the leader's power to make pointless arrest and confinement. Police have been charged over and over for making an unlawful arrest with no justification, and because of this, an average person, particularly from lower strata of society, needs to suffer a greater amount of this since he/she doesn't know about the law at the hour of arrest and the subsequent reason being that he/she can't draw in an Attorney soon the arrest is made, due to which the Police utilizing their capacity, abuse individuals under their authority and gets away with it without any problem. This Article attempts to analyze Section 41A of the Code of Criminal Procedure, 1973.
What Is Section 41a of Cr. P.C.?
As per Section 41 A of the Code of Criminal Procedure (hereinafter, 'Cr. P.C.'), if any police officer requires the participation of any individual who is not requiredto be fundamentally arrested under Section 41(1) of Cr.P.C. or against whom a reasonable complaint has been made, or credible information has been received, or a reasonable suspicion exists that he has committed a cognizable offence,"" the official can give a notice for the equivalent. The individual to whom the Notice is served is obliged to show up at the specified place and time. The individual confirming to the Notice will not be arrested except if in any case considered fit by the Police for which the official is duty-bound to record reasons in writing. Inability to consent to the Notice is a ground for arrest.
History of The 'Notice Of Appearance'
Section 41A was added by the Code of Criminal Procedure (Amendment) Act, 2008 (5 of 2009). However, recently after the enactment of this Amendment, representations were received by the Union Government. Thus, some specific amendments were brought in by the Code of Criminal Procedure (Amendment) Act, 2010 (41 of 2010).
The earlier sub-section (1) of Section 41A read: ""The police officer may, in all cases where the arrest of a person is not required under the provisions of sub-section (1) of section 41, issue a notice directing the person against whom a reasonable complaint has been made, or credible information has been received, or a reasonable suspicion exists that he has committed a cognizable offence, to appear before him or at such other place as may be specified in the notice.""

TThe 2010 amendment ensured that a police officer issues such Notice by substituting 'shall' in place of 'may' vide section 3(a) of the 2010 amendment Act. The Amendment also enacted a proviso to section 41(1)(b)(ii) providing for recording of reasons for not arresting an accused. However, the Supreme Court directed in Arnesh Kumar case that issuing a notice of appearance under Section 41A was thoughtfully implemented. The Supreme Court held that their endeavour in this judgment is to ensure that a police officer does not arrest any accused unnecessarily, and the Magistrate does not authorize detention casually and mechanically. To confirm what the Top Court observed above, it gave the following direction:
(1) All the State Governments instruct its police officers not to automatically arrest when a case under Section 498-A of the I.P.C. is registered but to satisfy themselves about the necessary details before that arrest under the parameters laid down above flowing from Section 41 of Cr. P.C.;
(2) All police officers must be given a checklist that contains specified sub-clauses under Section 41(1)(b)(ii) of Cr.P.C.;
(3) The police officer should forward the checklist duly filed and produce the reasons and materials which necessitated the arrest while taking the accused before the Magistrate for his further detention;
(4) The Magistrate while authorizing detention of the accused shall pursue the report produced by the police officer in terms aforesaid and only after recording their satisfaction, the Magistrate will authorize detention;
(5) The decision of not arresting an accused, must be forwarded to the Magistrate within two weeks from the date of the institution of the case with Police to the Magistrate which may be extended further by the Superintendent of Police of the district for the reasons to be recorded in writing;
(6) The Notice of appearance in terms of Section 41A of Cr. P.C. must be served on the accused within two weeks from the date of institution of the case, which may further be extended by the Superintendent of Police of the District for the reasons to be recorded in writing;
(7) A failure to comply with the directions aforesaid shall apart from rendering the police officers concerned liable for their departmental action; shall also be held liable for contempt of court, which is to be instituted before High Court having territorial jurisdiction.
(8) Authorizing detention without recording reasons as aforesaid by the judicial Magistrate concerned shall be liable for their departmental action by the High Court having territorial jurisdiction.
Finally, the Supreme Court added that the directions as mentioned earlier do not apply to the cases that fall under Section 498-A of the I.P.C. or Section 4 of the Dowry Prohibition Act, the matter in hand, but also such instances in which the offence is punishable with imprisonment for a term not less than seven years, or which may extend to seven years; either with fine or without fine.
In Arnesh Kumar's case, the directions laid down are a statutory set of instructions to avoid unnecessary arrest. However, in this case, the safeguards deal with the incident of arrest and the power of arrest itself is not curtailed thereby.
In the case of Amandeep Singh Johar vs State of N.C.T. of Delhi and Anr., the Delhi High Court has laid down a model format for issuance of Notice under section 41A of the Cr.P.C., containing a warning at the end of the model notice format which states that the failure to comply with the terms of this Notice, can render a person liable for arrest under Section 41A (3) and (4) of Cr. P.C.
Sub-section 3 of Section 41A contains a broader premise for arresting even though an accused appears before the investigating officer responds to the Notice of appearance. The said sub-section reads, ""where such person complies and continues to comply with the notice, he shall not be arrested in respect of the offence referred to in the notice unless, for reasons to be recorded, the police officer believes that he ought to be arrested.""
Difficulties underlying Section 41-A
Section 41 A orders Notice's issuance to the blamed where the arrest for the individual isn't needed according to Section 41(1). Nonetheless, two peculiarities surface up;firstly, the authoritative content of Section 41(1) itself offers discretion to the Police in issues of arrest, as is obvious from the utilization of the word 'may' in the provision. Henceforth, it is open for the Police to decide whether a specific issue falls inside the ambit of Section 41(1) or 41A. Along these lines, the provision which was consolidated to restrict the power of arrest vested to Police under 41(1) has left it upon the Police himself to choose the relevance of the equivalent. Hence, if the Police consider the issue to be good for arrest under Section 41(1), he can at present do as such without any respect to the provisions of Section 41A.
Also, the utilization of subjective terms in the provision, for example, ""reasonable complaint"", ""credible information'', ""reasonable suspicion"" open space for maltreatment of such powers and leaving tremendous degree for the Police to practice their prudence. Further, 41A (3) furnishes the Police with an occasion to arrest an individual even after confirming with the Notice if the Police believes that the arrest is vital. Additionally, the quick attentiveness to choose consistency with the Notice is vested in the Police. This provision especially builds the Police's ambit to arrest without a warrant – extending it to violations that don't fall under the limits of Section 41(1). The current peculiarities have not controlled themselves to administrative provisions, there have been various cases where abuse of the force vested under Section 41A has been affirmed or demonstrated.
In Tanuja Roy v. State of Assam and Ors., an F.I.R. under Section 420 and 406 being held up against the accused, three police officers from the Dispur Police Station powerfully took the Petitioner to the police headquarters at 1:00 am regardless of opposition from the candidate. She was confined discretionarily, for extended periods without being given any explanation, after which Notice was served to her under Section 41A. The game-plan received by the Police in the current case was uncalled-for. The Court descended intensely upon the Police Officials while holding their activities to be in contradiction of Section 46(4) of the Cr. P.C. Furthermore, not following what Section 41A specifies to deter the force under Section 41A of Cr.P.C., the investigatingofficer may control the F.I.R. Although the control of F.I.R. was not demonstrated in the moment case, such action isn't altogether uncommon.
Analysis
According to Section 41- A of the Cr.P.C., on the off chance that Police feels that arrest isn't of need, at that point it would be legitimately judicious to give a notice which coordinates an individual against whom a sensible protest has been made and wherein a sensible doubt keeps on continuing, guiding the blamed being referred to show up before the official or at any place determined by Notice. It is the lawful obligation of the individual against whom the Notice has been coordinated to follow the Notice, and as long as he keeps on conforming to the states of the Notice, he will not be arrested, and wherein he neglects to do as such, he is subject to be detained relying on requests passed by a Competent Court. 
The Police's optional power is practically limitless as they have limitless powers, particularly upon the perspective on the sub-section (3) of Section 41A which records that the Police can make arrests notwithstanding consistency from the charged. One should address whether this is in rebellion of the administrative aim of the provision.
A line of argument can be created which centres around a potential polarity between arrests made under Section 41 and 41A. Section 41A is summoned simply after; the Police utilizing their tact concludes that arrest of the speculated individual or people isn't needed. This is to state that, the Police have mulled over the entirety of the conditions referenced under Section 41 (1), preceding sending the speculated individual a notice according to Section 41A. Likewise, the High Court of Orissa held that this implies that the cases covered by Section 41(1) have been barred from the domain of Section 41-A. Thus, it is most likely to contend that the idea of arrests under the two sections is unique. This would also imply that the rules and the strategy set up in resulting decisions aremade under Section 41 and hence can't be applied to arrests made under Section 41A.
Presently on the off chance that we fathom a circumstance where, the accused's arrest is ordered under Section 41 (1), and the conditions and justification for arrest as determined in Section 41 are satisfied, and still, at the end of the day Section 41A can make a proviso helping the Police. It owns the Police itself to determine if the conditions in Section 41 were met or not to raise a reasonable ground for the utilization of Section 41A. It could offer ascent to occasions where the Police apply Section 41A and send a notice of appearance rather than straightforwardly capturing the individual. The explanations behind such an activity could be various. It may very well be done to dodge strategies set down by Arnesh Kumar concerning arrests made by the Police without a request. The methodology set up is to be followed compulsorily, and Section 41A permits the Police to get away from these techniques and arrest discretionarily. The Section likewise adds a purpose behind the Police to arrest a speculated individual – arrest for rebelliousness with the Notice's conditions and consequently expanding the arrest forces.
Likewise, as the Section offers discretion to the Police, this all-around degenerate police power can manhandle this one case, the Police may require the presence of the blamed individual through Notice, while in a similar case another indistinguishably arranged individual to arrest. Subsequently, there is each probability that the Police will abuse this provision for ulterior reasons.
Another problematic part of the Section is that under the Section the Police can arrange the presumed individual to show up before the official at ""such other place as determined in the notice"". This would imply that the individual could be arranged to visit any place where the Police would require him and not merely the police headquarters.
Hence forth, note that the Police have abused the provision of Section 41-A. The said Section has exclusively vested its forces upon the Police along these lines, leaving space for it to be misused. The validity of the reports delivered by the Police to feature non-collaboration concerning the charges with exploring organizations or showing that they didn't show up when gathered should likewise be addressed. It isn't past the genuine to expect that a few notices are made after the individual has been arrestedin order to show that Notice was given on past dates. The extension for this provision to be authoritative is amazingly huge and that it has been demonstrated that the Police have utilized this provision to badger charged people, as found on account of Amandeep Singh Johar. It was never the aim of the assembly to consider blameless people to be annoyed by the Police, and it is incredibly remembered that while assessing the utilization of the provision of 41-A by the Police.
Presently to handle these rising misbehaviors through a change, the governing body set up a severe method to be followed while the issuance of a notice under Section 41A. In any case, the judgment and the methodology are tricky in their regard. A significant case for the assessment of Section 41-A is that of Amandeep Singh Johar versus the State of N.C.T. of Delhi. For this situation, the applicant advanced that notwithstanding consistency before the specialists, an F.I.R. came to be enrolled against him under Sec 498A and 406 of the I.P.C. He also featured how he was regularly brought to show up before the police headquarters. No composed notification was available in a few occurrences, which is an essential condition under Section 41-A. He affirmed both that the rules of Section 41-A disagreed and that these weren't sufficient to guarantee the security of the individuals called subjects of criminal examinations. The significant rules set somewhere near the Amandeep Singh Johar case included allowing rescheduling of the gathering if it isn't adverse to the Police and sensible. It additionally focused on the significance of consenting to the provisions of Section 41-A concerning the issuance of a notification by the Police.
Notwithstanding, what is additionally noteworthy is that the judgment gave a route to the investigating officer to set down conditions other than those referenced by the Court which essentially must be followed, the disappointment of which would make an individual subject to be arrested as per Section 41-A (3). Ongoing judgments that have referenced the rules have not set up an away from the strategy given in Amandeep judgment; however, have marked the technique to be ""rigidly and obligatorily applied"".
Conclusion
From the above discussion, because an examining officer having powers under the Cr.P.C can arrest an accused person for the reasons under Section 41 of the Cr.P.C, it isn't important to arrest a charged individual for each situation where a criminal offence is enlisted and is under scrutiny.
A decent measure of discretion must be left with the investigating officer to be reasonable for the public purpose behind the investigation, which is to discover reality on account of criminal offences, which are traditionally treated as offences against the tranquillity of the general public at large. Notwithstanding, this can't be at the expense of fundamental procedural fairness. The off chance that procedure is codified for shielding an accused from pointless arrest and for pre-FIR preliminary inquiry should be interpreted to protect an accused from unnecessary harassment. Subsequently, such a method can't be suggested by any implication to bias a prospective accused or accused individual.




			        ""Loved reading this piece by KISHAN DUTT RETD JUDGE? 
			  Join LAWyersClubIndia's network for daily News Updates, Judgment Summaries, Articles, Forum Threads, Online Law Courses, and MUCH MORE!!""




 Join our Telegram group





 Join our Whatsapp group















Click here to Get More Content on LCI Android App











						Tags :criminal law
"
"After 28 Years, Court Finds Priest And Nun Guilty Of Murder In Sister Abhaya Case","
KEY TAKEAWAYS 

The case in reference is Fr. Thomas Kottoor v. State of Kerala [C.P. No. 2/2009 of CJM, Ernakulam in R.C. No. 8 (S)/1993/CBI/KER. 
The decision in the case was pronounced by CBI special court Judge J. Sanal Kumar. 
CBI officer Nandakumaran Nair, who led the investigation, deposed before the court that the case was in essence one of ""sex and murder"". 
The accused were Father Thomas Kottoor and Sister Sephy mainly. 
Kottoor has been charged guilty for offences under Sections 302(murder), 201(destruction of evidence) and 449(criminal trespass) of the Indian Penal Code. Sephy was declared guilty for offences under Sections 302 and 201 IPC. 

INTRODUCTION 
Catholic nun Abhaya’s body was found in a well on March 27, 1992. After 28 years,now, a special CBI Court in Thiruvananthapuram held two accused guilty of murdering her. The victim was just 18 at that time. 
The Special CBI Court in Thiruvananthapuram pronounced FatherThomas Kottoor and Sister Sephy, a priest and a nun of the Catholic Church respectively, guilty of murder in the current case. 
The decision in this regard was pronounced by the special court Judge of the CBI J. Sanal Kumar. 
The judgement was passed 28 years after Sister Abhayawas found in the well of St Pius convent. She stayed in St. Pius convent itself.Abhaya’s parents Thomas and Leelammadied few years ago awaiting justice for their little daughter. 
SECTIONS LEVIED ON THE ACCUSED 
Section 201 IPC: This section is with regards to causing disappearance of evidence as an offence, or giving false information to screen offender. – “Whoever, knowing or having reason to believe that an offence has been committed, causes any evidence of the commission of that offence to disappear, with the intention of screening the offend­er from legal punishment, or with that intention gives any infor­mation respecting the offence which he knows or believes to be false; if a capital offence.—shall, if the offence which he knows or believes to have been committed is punishable with death, be punished with imprisonment of either description for a term which may extend to seven years, and shall also be liable to fine; if punishable with imprisonment for life.—and if the offence is punishable with 1[imprisonment for life], or with imprisonment which may extend to ten years, shall be punished with imprison­ment of either description for a term which may extend to three years, and shall also be liable to fine; if punishable with less than ten years’ imprisonment.—and if the offence is punishable with imprisonment for any term not extend­ing to ten years, shall be punished with imprisonment of the description provided for the offence, for a term which may extend to one-fourth part of the longest term of the imprisonment pro­vided for the offence, or with fine, or with both."":
Section 302 IPC:This section is with regards to punishment for murder. – “Whoever commits murder shall be punished with death, or 1[imprisonment for life], and shall also be liable to fine."" 
Section 449 IPC:This section is in regards with House-trespass in order to commit offence punishable with death.— “Whoever commits house-trespass in order to the committing of any offence punishable with death, shall be punished with 1[imprisonment for life], or with rigorous imprisonment for a term not exceeding ten years, and shall also be liable to fine. Punishment—Imprisonment for life, or rigorous imprisonment for 10 years and fine—Cognizable—Non-bailable—Triable by Court of Ses­sion—Non-compoundable."" 
FURTHER DETAILS 
In the trial that happened in August 2019, nine prosecution witnesses in the case had not spoken a word during the trial.:
As per the CBI case, the convicts killed Sister Abhaya after she witnessed some of their intimate exchanges.The case without eye-witnesses was purely dependant on circumstantial evidence and forensic materials only. 
A CBI officer Nandakumaran Nair, who led the investigation, deposed before the court that the case was in essence one of ""sex and murder"". 
One more accused in the case above, Father Jose Poothrikkayil, was discharged by the CBI Court last year. Discharging Poothrikkayil, the CBI Courthad held thatthe prosecution had failed to bring out sufficient material to proceed against him. Poothrikkayilchallenged the CBI’s decision in the case, a plea was filed in the High Court. The court had although rejected it. 
The Court had not taken into account the discharge pleas of Kottoor and Sephy observing that there were sufficient grounds for prima facie presuming that the two had committed offences punishable under Indian Penal Code sections 302 (murder) and 201 (destroying evidences) read with section 34 (Acts done by several persons in furtherance of common intention). The dismissal of their discharge petitions was approved by both the High Court and the Supreme Court. 
K T Micheal, a former officer of the Kerala police special branch, who was accused of destruction of evidence, was also discharged by the court last year. 
During October this year, the High Court directed to expedite the trial by doing it on a day-to-day basis. A single bench of Justice V G Arun observed that it was ""disheartening to note that criminal proceedings pertaining to a crime of 1992 is yet to attain finality, whether it be by reason of providence or design"". The Court allowed cross-examination of witnesses through video conferencing mode considering the situation of COVID-19. 
BACKGROUND 
Sister Abhaya was a nun atSyro Malabar Catholic Church. She was found dead in the well of Pious Tenth Convent at Kottayam on March 27, 1992. She was then an18-year-old student of pre-degree course.:
In 1993, the state police initially concluded that the cause of death was suicide. After JomanPuthenprackal, an activist, took over the court, the matter was then handed over to the CBI. 
After taking over the case from the local police in 1993, the CBI, filed three closure reports at different times. During 1996, the agency presented a report wherein it stated that it was challenging for them to conclude whether it was a homicide or suicide. The court, however, dismissed the submission and ordered a re-investigation in the said matter. Nearly after a year’s time, the central agency finally pur forward that the case was indeed a homicide. However, there was no evidence to try the case. This was again rejected by the court and a third round of CBI probe was initiated. 
In the year 2005, one more report was filed by the CBI after an investigation was done by another team. They has ruled out the possibility of involvement of other persons in Sister Abhaya’s death. On November 1, 2008, the High Court of Kerala directed the Kochi Unit of the central agency to take over this investigation. 
After 10 years of the alleged murder, the CBI finally made its first arrests in the case. Catholic priests Thomas Kottoor, Father Jose Poothrukayil, and Sister Sephy were charged with the nun’s murder, destruction of evidence, and criminal conspiracy in 2008. Although, they were granted bail by the Kerala High Court in 2009. 
The charge sheet filed by the central agency in the period July 2009 stated that Sister Abhaya had accidentally intruded upon Sister Sephy and the two priests in a ""compromising position"". It said that upon being discovered, Sister Sephy panicked and – ""on the spur of the moment"" – she hit Sister Abhaya with an axe. After that, the three accused allegedly threw Abhaya's body into the well. 
Father Poothrukayil was exonerated last year after no evidence was found against him. But the CBI Court had rejected the discharge pleas of Kottoor and Sister Sephy, observing that there were sufficient grounds for prima facie presuming that the two had committed offences punishable under Indian Penal Code. The dismissal of their discharge petitions was approved by the High Court and the Supreme Court. 
Former officer of the Kerala police special branch KT Michael, who was accused of destruction of evidence, was also discharged by the court last year. Nine prosecution witnesses in the case had turned hostile during the trial, which had started in August 2019. 
THE CURRENT SCENARIO 
Father Thomas Kottoor and Sister Sephywereheld guilty on Tuesday of killing 21-year-old Sister Abhaya back in 1992, and destroying evidence of the killing.They have been sentenced for life imprisonment. 
Kottoor has been held guilty for offences under Sections 302(murder), 201(destruction of evidence) and 449(criminal trespass) of the Indian Penal Code. Sephy was held guilty for offences under Sections 302 and 201 IPC. 
Sephy, 55, has not yet publicly commented on the ruling, but Kottoor, 69, insisted he was innocent. 
""I have done no wrong. God is with me,"" he told local media outside court on Wednesday, when he was sentenced. 
CONCLUSION 
It is said that justice that is late is justice denied. Sister Abhaya’s parents were not even alive after she got justice. 28 years is a long time to drag a case – especially of a capital offence such as murder. This proved that people with power can get away with the crimes they do.
Just because a person is in a position that involves religious sentiments, this does not mean that they can get away with the crimes that they do! 
This also portrays that the judicial system was not functioning properly earlier. There is a hope that such a case does not occur ever again. 




			        ""Loved reading this piece by Ishita Desai? 
			  Join LAWyersClubIndia's network for daily News Updates, Judgment Summaries, Articles, Forum Threads, Online Law Courses, and MUCH MORE!!""




 Join our Telegram group





 Join our Whatsapp group















Click here to Get More Content on LCI Android App











						Tags :criminal law
"
All you need to know about the Police Clearance Certificate,"
Police Clearance Certificate
By Kishan Dutt Kalaskar, A Police Clearance Certificate (PCC) is an official record given to a person by the Indian Police or an approved Indian Government official. It recognizes any criminal records that an individual may have against their name and, gives a clearance certificate if such records are clear which, might be needed for Indian or foreign nationals who are residing or have resided in India, for the following purposes:  

Going after professional jobs requiring freedom  
Looking to move or get visas from different nations  
Fulfilling an organization's solicitation  

An Indian PCC does not have the time of legitimacy supported on the declaration. For the most part, it is legitimate for a half year. It should further be noted that a PCC is given uniquely to people who are more than 18 years of age.  
Significance of Police Clearance Certificate
In any case, if it's for work, schooling, or travel use, having a legitimate police clearance certificate implies that you have no criminal records covering the time or stay in the nation. Suppose in any capacity, whatsoever, you have been engaged with any criminal behavior or were captured because of law infringement. In that case, special notes relying upon the responsible nation will show up on your PCC expressing the infringement subtleties. So to break it down further, having a police clearance certificate shows how moral and mindful you are as a visitor or a resident. Incapable of providing PCC brings up issues from employers and travel specialists testing that you probably would not be a well-behaved resident of the nation.
Some components that influence Police Clearance Certificate

You have a significant criminal record-If you have been sentenced or detained, then it will show records on your PCC. Remember that being detained, for over a year may influence your police check. Additionally, unpaid advances or service bills would make it hard for you to acquire a PCC.
Relationship to a criminal gathering- If you are an individual from an association, club, or sorority with a criminal record, this may affect the believability of your PCC. Any contribution to the gathering, particularly those with crimes, will raise doubts.
Record of unethical character-Your over significant period records show how upstanding you are as a resident. If in any way, shape, or form the specialists feel that you are not decent, or can be a danger to the nation, they are qualified to deny you a police leeway declaration.

Applying for an Indian PCC
People applying for an Indian PCC can broadly be classified into the following classes, in light of their identity and a current spot of habitation:  

Indian nationals living in India  
Indian nationals living external India 
Far off nationals residing in India 
Indian nationals dwelling in India 

The Indian Government has changed the PCC application measure for Indian nationals living in India to a self-improved model where candidates can apply for a PCC online through the Passport Seva Kendra (PSK). These are the means associated with the application for a PCC through PSK:  

Complete the online application structure, pay the expense and timetable an arrangement to present the reports to the closest PSK  
Present the records at PSK: You should by and by present your archives  
Police check: Personal presence is required  
Gather the PCC from PSK: It might be gathered face to face. There is likewise a choice to have the PCC dispatched legitimately to the candidate's location from the PSK through enlisted/speed post.  

Overall, it takes 15 - 20 working days from the date of accommodation of the application to get a reaction.  
Procedure
For Online Form Submission

Step 1  Register through the Passport Seva Online Portal. (Click on the ""Register Now” link on the Home Page).
Step 2 log in to the Passport Seva Online Portal with the Login ID created in Step 1.
Step 3  Click the ""Apply for Police Clearance Certificate"" link.
Step 4  Fill in the required details in the form and submit.
Step 5  Click the ""Pay and Schedule Appointment"" link on the ""View Saved/Submitted Applications"" screen to schedule an appointment. (Online Payment has been made mandatory for booking appointments at all PSK/POPSK/PO.)
Step 6  Click the ""Print Application Receipt"" link to print the application receipt containing the Application Reference Number (ARN)/Appointment Number.
Note: Carrying printout of Application Receipt is no longer required. An SMS with your appointment details is also accepted as proof of appointment during your visit to the Passport Office.
Step 7  Visit the Passport Seva Kendra (PSK)/Regional Passport Office (RPO) where the appointment has been booked, along with original documents.

For e-Form Submission

Step 1  Download the e-Form through the ""Download e-Form"" link available on the Home Page.
Step 2  Fill the downloaded e-Form and click the Validate and Save button in it. This will generate an XML file, which will be required later for uploading in the system.
Step 3  Register through the Passport Seva Online Portal. (Click on the ""Register Now” link on the Home Page).
Step 4 log in to the Passport Seva Online Portal with the registered Login Id.
Step 5  Upload the XML file (generated in Step 2) through the ""Upload e-Form"" link. Do not upload the PDF form at this stage as the only XML file is accepted by the system.
Step 6  Click the ""Pay and Schedule Appointment"" link on the ""View Saved/Submitted Applications"" screen to schedule an appointment. (Online Payment has been made mandatory for booking appointments at all PSK/POPSK/PO.)
Step 7  Click the ""Print Application Receipt"" link to print the application receipt containing the Application Reference Number (ARN)/Appointment Number.
Note: Carrying printout of Application Receipt is no longer required. An SMS with your appointment details is also accepted as proof of appointment during your visit to the Passport Office.
Step 8  Visit the Passport Seva Kendra (PSK)/Regional Passport Office (RPO) where the appointment has been booked, along with original documents.

Note:
Only emergency/medical cases and preapproved categories may visit Passport Seva Kendra without an appointment. Service will be provided at the discretion of Passport Seva Kendra in-charge/Passport Officer.
Resubmission of the application form is required; in case the applicant does not visit the Passport Seva Kendra within 90 days from the online form submission.
Disregarding Tickets and Fines
On the off chance that you have different unpaid tickets or challans, you will get a notice to pay compensation or challenge the tickets.
Some traffic violation related examples, causing suspension or abrogation include:

Failure to respect a crisis vehicle
Failure to comply with a railroad-crossing signal
Causing an accident in a development/construction zone
Reckless driving
Drag dashing or road hustling
Driving Under Intoxication (DUI) or exasperated DUI
Refusing to take, or falling flat, a medication or liquor test.

Collecting a specific number of focuses can prompt a permit suspension too. With outcomes so severe, it pays to pay your traffic tickets, and even recruit an accomplished traffic ticket lawyer to assist you with dodging significant punishments.
Effect of traffic violations on PCC
In July 2015, the Kerala High Court held that the police specialists could not decline to allow a Police Clearance Certificate (PCC) to a resident referring to his association in a criminal case, and PCC must be given in the wake of remembering the subtleties of the case for it. The order was given by Justice K Vinod Chandran in the wake of considering an appeal recorded by TC Biju, of Airport Nagar at Vappalassery in Ernakulam. Biju is a cab driver working on the premises of Cochin International Airport Ltd (CIAL) and was asked by CIAL to create a PCC to proceed with his work there. Accordingly, to get the PCC, Biju documented a solicitation before the sub-monitor of the Nedumbassery police headquarters. Nonetheless, PCC was declined to him by calling attention to that he is involved in a criminal case. Following this, Biju documented an appeal under the steady gaze of the high court scrutinizing the police's disavowal of PCC and made the sub-overseer and Ernakulam country SP inverse gatherings for the situation.  
Administering against the police's position that PCC cannot be given to those engaged with criminal cases, the court held that if the applicant is involved with wrongdoing, authentication must be given expressing the idea of the offense wherein the solicitor is involved. The Police Authorities cannot decline to issue a testament to the applicant.  
For the most part, minor traffic offenses (like speeding and running a stop sign or red light) are dealt with uniquely in contrast to more genuine infringement of the law. The punishments for minor petty criminal offenses are less severe, and the court systems less formal. Furthermore, in many states, the municipal court, where cases including minor driving infringement normally go, is unique concerning criminal court.  
The Supreme Court held that an individual submitting offenses under the Motor Vehicles Act like over speeding and rash driving could likewise be reserved under the Indian Penal Code as both the rules work with full power, in their free circles. It further expressed that with quickly expanding mechanization, India is confronting an expanding weight of street traffic injuries and fatalities. A bench of Justices Indu Malhotra and Sanjiv Khanna put aside an order for the Gauhati High Court of December 22, 2008, which held that an individual reserved for over speeding, hazardous driving, and other related offenses under the Motor Vehicles Act, could not be indicted under the IPC.  
While as per Section 6 of the Passports Act, 1967, the identification application could be dismissed if an individual has a criminal history or cases forthcoming. It very well may be done to guarantee they are accessible in the nation for the length of the preliminary. On the off chance that they have been involved with a criminal examination, in any case, the charges against them were dropped, at that point, they may need to present the endorsement avowing the equivalent. It will likewise incorporate situations where there are warrants given in their name.  
In any case, in 2018, to get control over traffic violators in the Pune city, Commissioner of Police Dr. K Venkatesham had cautioned that such people would not get a police declaration (PCC), which is fundamental to get a visa. Numerous organizations likewise demand PCC during position hiring.  
Venkatesham expressed that they are setting up a rundown of the traffic violators just as will impart their subtleties to the concerned office and, such people would not get PCC. Individuals should confirm and keep traffic rules since road accidents have been a severe cause for concern across the Indian subcontinent. In 2018 alone, the country reported around 151 thousand fatalities due to road accidents. Each year, approximately three to five percent of the country’s GDP was invested in road accidents. Notably, while India has about one percent of the world’s vehicle population, it also accounted for about six percent of the global road traffic incidents. Almost 70 percent of the accidents involved young Indians who drive carelessly and jeopardize the lives of other people too.
Conclusion
A Police clearance certificate is an essential document as it is a clear indication that an individual doesn’t have any criminal record, and it further helps an individual to prove his/her innocence. However, the process to acquire a PCC certificate is lengthy; therefore, to avoid such circumstances, it is always recommended to hire a professional who can legally procure such a certificate.
The author of this blog/Article is Kishan Dutt Kalaskar, a Retired Judge and practicing advocate having experience of 35+ years in handling different legal matters. He has prepared and got published Head Notes for more than 10,000 Judgments of the Supreme Court and High Courts in different Law Journals.  From his experience, he wants to share this beneficial information for the individuals having any issues concerning their related matters.




			        ""Loved reading this piece by KISHAN DUTT RETD JUDGE? 
			  Join LAWyersClubIndia's network for daily News Updates, Judgment Summaries, Articles, Forum Threads, Online Law Courses, and MUCH MORE!!""




 Join our Telegram group





 Join our Whatsapp group















Click here to Get More Content on LCI Android App











						Tags :criminal law
"
A Divorced Woman can claim Remedies under D V Act,"
A divorced woman, who files an application before the Magistrate court as an aggrieved person under the Protection of Women from Domestic Violence Act, 2005 (D V Act), can claim a bunch of remedies, except residence in a shared household. 
However, no court appears to have allowed residence in a shared household to a divorced woman so far.
Purpose & procedure of the D V Act in a nutshell
The objective of the D V Act is to provide effective protection to the women who are subjected to various kinds of violence occurring within the family and matters connected thereto.
Anyone who comes to know about an act of domestic violence can inform about it to the Police / Protection Officer /Magistrate. The police officer has a duty to proceed against it as a cognisable offence. The protection officer has to make a domestic incident report and submit it to the Police and Magistrate, provide legal aid to the aggrieved person, make safe shelter home to her and get her necessary medical facility. The Magistrate shall fix the first hearing within three days, if possible, of the receipt of the information. He can refer the respondent / aggrieved person to undergo counselling.
The Magistrate can issue prohibition orders for protection, residence orders, monetary relief order, custody orders, compensation orders etc. The procedure to be followed in the court proceedings is in accordance with criminal procedure code.
What the key terms in the act refer to
An aggrieved person must be a woman who is or has been in domestic relationship with the respondent and alleges to have been subjected to domestic violence by the respondent. 
The domestic relationship is the relationship between two persons who live or have lived in a shared household when they are related by consanguinity, marriage or through a relationship in the nature of marriage, or in a joint family as members. 
The shared household again is the household, including that of the joint family, in which the aggrieved person lives or has lived with the respondent at any stage in a domestic relationship with some permanency, irrespective of either of them having any right, title, interest or equity in it.
The term domestic violence includes physical abuse, sexual abuse, verbal & emotional abuse, economic abuse, and unlawful dowry demand, as well as causing harm or harassment or threatening related to any of these matters.
Remedies a Magistrate can provide
An aggrieved person or any one on her behalf can present an application to the Magistrate seeking one or more reliefs, under Section 12 of the D V Act. 
A Magistrate, after hearing both parties and on satisfying that the domestic violence has taken place, can issue a protection order prohibiting the respondent from committing any act of domestic violence, aiding or abetting it, attempting to communicate with the aggrieved person, alienate any assets or cause any violence to any person dependant, relative or assisting the aggrieved woman, under Section 18 of the act. A breach of a protection order by the respondent is an offence punishable with imprisonment for a term extendable to one year or with fine.
Other reliefs the Magistrate can issue include Residence Order under Section19, Monetary Reliefs such as on loss of earnings, medical relief etc under Section 20, Custody Orders regarding children under Section 21, Compensation Orders for the injuries, mental torture & emotional distress under Section 22, Interim and ex-parte Orders under Section 23, of the D V Act.
The residence order a Magistrate can issue
The Magistrate while disposing of the application may pass a residence order, under Section 19 of the act, asking the respondent to:
a) restrain the respondent from dispossessing or in any other manner disturbing the possession of the aggrieved person from the shared household; 
(b) direct the respondent to remove himself from the shared household; 
(c) restrain the respondent or any of his relatives from entering any portion of the shared household in which the aggrieved person resides; 
(d) restrain the respondent from alienating or disposing off the shared household or encumbering the same; 
(e) restrain the respondent from renouncing his rights in the shared household except with the leave of the Magistrate; or 
(f) direct the respondent to secure same level of alternate accommodation for the aggrieved person as enjoyed by her in the shared household or to pay rent for the same, if the circumstances so require.
Shared household can be of the relative
In a recent case Satish Chander Ahuja v Sneha Ahuja, the Supreme Court (SC) liberally interpreted the term shared household an held that an aggrieved woman under DV Act can claim residence in the shared household even if it belonged to a relative of the husband, if she and her husband lived there with some permanency. 
The SC arrived at this liberal interpretation after overruling the SC’s restrictive interpretation of the shared household in the S R Batra v Taruna Batra judgement. The S R Batra judgement held that a shared household must be one which belongs to the husband or of the joint family in which he is a member but not a house of his relatives. 
Every woman in a domestic relationship shall have the right to reside in the shared household, whether or not she has any right, title or beneficial interest in the household
Divorce not preventing from filing a DV case
The SC in Juverie Abdul Majid Patni v Atif Iqbal Mansoor (2014 (10) SCC 736) held that when a domestic violence once committed, a subsequent degree of divorce will not absolve the respondent from the liability under the D V Act.
The SC in paragraph 31 of the judgement says, “An act of domestic violence once committed, subsequent decree of divorce will not absolve the liability of the respondent from the offence committed or to deny the benefit to which the aggrieved person is entitled under the Domestic Violence Act, 2005 including monetary relief under Section 20, Child Custody under Section 21, Compensation under Section 22 and interim or ex parte order under Section 23 of the Domestic Violence Act, 2005”.
In regard to this issue the High Courts of Rajasthan, Telengana, and Punjab hold that a divorced woman can file a case, even in the absence of a subsisting relationship, by following the judgement of the SC. 
However the High Courts of Calcutta, Kerala, Bombay and Gujarat have not followed the Juveria judgement of the SC while deciding some cases, probably considering the peculiar facts of the case.  
Whether a divorced woman can claim residence
Domestic relationship is a relationship that sustains between the aggrieved person and the respondent. 
Whether a divorced woman can file a case for residence in a shared household after her divorce from the respondent and consequently ending domestic relationship is a question that lingers in the mind of many people particularly after the expansive interpretation of the term shared household by the SC in the recent judgment. 
The Juveria case has not considered whether a divorced wife has a right to claim shared household. The SC however has not so far spelt out whether a divorce woman can file a case in regard to residence in the shared household after divorce.




			        ""Loved reading this piece by Adv K Rajasekharan? 
			  Join LAWyersClubIndia's network for daily News Updates, Judgment Summaries, Articles, Forum Threads, Online Law Courses, and MUCH MORE!!""




 Join our Telegram group





 Join our Whatsapp group















Click here to Get More Content on LCI Android App











						Tags :criminal law
"
Bail or conviction under dowry death ,"
Dowry death, a social crime, where by wife was subjected to cruelty or harassment by her husband or his relative for demand of dowry and ultimately led to her death, within a period of seven years of marriage. As per Section 2 of the Dowry Prohibition Act,1961 which says that dowry is any property or valuable security directly or indirectly agreed to be given by- (a) by one party to a marriage to the other party to the marriage; or (b) by the parent of either party to a marriage or by any other person, to either party to the marriage or to any other person, at or before or any time after the marriage in connection with the marriage of the said parties. Dowry death is a non-bailable and cognizable offence. Section 113B of the Indian Evidence Act, 1872 states about the Presumption as to Dowry Death i.e. If a woman dies in relation with any demand for dowry and it was shown that soon before her death she was subjected to harassment or cruelty by any person. Then the court will assume such a person responsible for her death. If offence is proved, then accused u/s 304B(2) IPC shall be punished with imprison­ment for a term which shall not be less than seven years but which may extend to imprisonment for life. It has to be seen that irrespective of the fact whether the accused has any direct connection with the death or not, he shall be presumed to have committed the dowry death provided the other requirements mentioned are satisfied.
However, in practice, it was found that section has been misused to rope the entire family members in the offence. The Apex Court in Monju Roy v. State of W.B., (2015) 13 SCC 693 observed that possibility of naming all the family members by way of exaggeration is not ruled out. Further in Kans Raj [(2000) 5 SCC 207 that in their overenthusiasm and anxiety to seek conviction for maximum people, the parents of the deceased have been found to be making efforts for involving other relations which ultimately weaken the case of the prosecution even against the real accused as appears to have happened in the instant case. It was held that mere naming of distant relations is not enough to summon them in the absence of any specific role and material to support such role.
That Apex Court in Rakhal Debnath v. State of W.B., (2012) 11 SCC 347 observed that the father of the deceased cannot be expected to inform everyone living around him about the unpleasant factum of the daughter's embarrassing living condition in her matrimonial home and, therefore, mere non-disclosure of those facts to others cannot be a ground to disbelieve the version of said witness.
In Subedar Tiwari Vs State of U.P. and others AIR 1989 SC 737 is another case of bride burning where a highly educated wife died on unnatural death by burning within a short span of nine months of her marriage. Although it was not a dowry death, yet the case is relevant for the reason that the husband could be prosecuted and sentenced to suffer imprisonment for life for such an unnatural death under Section 302 if both accident and suicide could be excluded on facts.
Normal rule is bail and not Jail which completely depends upon facts and circumstance of each case.
Anticipatory Bail in Dowry Death: An application of anticipatory bail in connection with the FIR registered for the offences punishable under Sections 498A, 304(B), 506(2) and 114 of the Penal Code, 1860. Considering the nature of allegations were such for which custodial interrogation at this stage was not necessary. Court while allowing the anticipatory bail held that nature of allegations which were general in nature, gravity of offences, role attributed to the accused and the fact that the present applicant who happened to be mother in law of the deceased was permanent resident of UP and as also the fact that the FIR had been lodged after a period of almost six months from the date of incident. [Binasinh Dayaramsinh Raghuvanshi v. State of Gujarat, 2020 SCC OnLine Guj 1143
Regular Bail: A question before it is whether the Petitioner/accused ought to be released on bail? In case, wife/deceased passed away just under two years of marriage. Application for bail has been moved for bail and the trial is yet to begin though the investigation has already been completed. High Court allowed the bail application and said that the petitioner is educated and appears to be wellsettled and appeared before Police whenever called and he has already undergone imprisonment for around one year and seven months and is thus entitled to bail.
Suspension of Sentence: In case [M. Radha Hari Seshu Vs. The State Of Telangana] where husband was convicted for life imprisonment, an application for suspension of sentence u/s 389 CrPC was rejected by Hon’ble High Court without recording any reasons. Challenge was made before Apex Court.  Apex Court by observing that accused is in jail from 15 Dec 2016, thought fit to suspend the sentence & release him on bail during the pendency of appeal.




			        ""Loved reading this piece by ronak? 
			  Join LAWyersClubIndia's network for daily News Updates, Judgment Summaries, Articles, Forum Threads, Online Law Courses, and MUCH MORE!!""




 Join our Telegram group





 Join our Whatsapp group















Click here to Get More Content on LCI Android App











						Tags :criminal law
"
Testimony of a Related Witness is Reliable in Evidence,"
The testimony of a related witness, if it is found to be truthful, can be relied on for conviction of the accused.  
This is what a three judge bench of the Supreme Court (SC) held in Karulal v State of MP (Criminal appeal No 316 of 2011) while dismissing an appeal against the high court judgement in a murder case and upholding the conviction of the five accused persons.
The SC held that being related is not a reason to conclude that the accused is falsely implicated and stated, “In any case, being related to the deceased does not necessarily mean that they will falsely implicate innocent persons.
Similarly the court held that if the witness is trustworthy even the enmity of the witness does not discredit the testimony of the witness. The court while relying on the judgement in Sushil & Ors v State of UP [(1995) Suppl SCC 363)] said, “If the witnesses are otherwise trustworthy, past enmity by itself will not discredit any testimony. In fact the history of bad blood gives a clear motive for the crime. Therefore this aspect does not in our assessment, aid the defence in the present matter”.
The judgement was issued by the SC on 9th October 2020. The copy of the judgement is available for download on the SC website at: Click Here




			        ""Loved reading this piece by Adv K Rajasekharan? 
			  Join LAWyersClubIndia's network for daily News Updates, Judgment Summaries, Articles, Forum Threads, Online Law Courses, and MUCH MORE!!""




 Join our Telegram group





 Join our Whatsapp group















Click here to Get More Content on LCI Android App











						Tags :criminal law
"
Need for Legalising Prostitution in India ,"
Prostitution is a consensual sexual activity in exchange for remuneration between two consenting adults.
The police and the people in India at large think that prostitution, particularly the one involving exchange of money, is a criminal activity. They act upon any incidence of prostitution and the prostitute in accordance with their misunderstanding. This in effect causes different sorts of human right violation and unlawful aggression. In fact, prostitution is not a criminal offence in India.
Statistics shows that there are over two million sex workers many of whom are children below 18, in India. Of course, sex with children is a criminal offence.
The need for decriminalizing prostitution is a much debated topic worldwide.  Many countries in the world have not only decriminalized prostitution but have legalized it.
Citizens have right to engage in sex
Citizens have every right to engage in sex for fun, to have children, to deepen intimacy, to earn a living or for such other purposes.
However, there is no consensus worldwide on how the countries should address prostitution. Prohibitionism, decriminalization, legalization, abolitionism, etc. are some of the legislative approaches adopted by nations to deal with the issue.
Prostitution not an offence
Prostitution in private is not a punishable offence in India, but organised prostitution – like running brothels, pimping and forced prostitution – is illegal.  In other words an adult woman engaging in sex work behind closed doors is not an unlawful act. But it turns into an unlawful act, if anyone else is benefiting from it or runs it as a business or conducts it in public space.
Recently on 24th September 2020, the Bombay High Court observed in a case A, B & C v State of Maharashtra (Writ Petition No 6065 of 2020) that prostitution has not been made an offence under Immoral Traffic (Prevention) Act, 1956. The court added that an adult woman has the basic right to choose her vocation and she cannot be detained without her consent.
The court states that what is punishable under the Act is sexual exploitation or abuse of a person for commercial purpose and to earn the bread thereby. A person carrying on prostitution in a public place or soliciting or seducing another person is an offence.
But child trafficking in India is an illegal act. It is also on the rise. India also has the third largest population suffering from AIDS, a problem associated with sex work. These issues demand our attention to have a fresh look at the laws governing prostitution.
Prostitution objectifies woman
Prostitution, in its unrefined form, is slavery. It objectifies woman. It is not essentially a profession in its present form. Many women choose it for money out of poverty. Their involvement in it is not voluntary but they are trapped into it in most instances. Prostitution as it exists as of now involves violence - of the man over the woman. It involves selling of woman’s body in exchange of basic necessities in life. It is rather nobody’s first choice, but happens to be an alternative available.
Prostitution an organic part of living
One cannot however ignore the fact that prostitution remains as an organic part of any society existed ever despite it is having many negative impacts. Sexual needs of everyone in any society are not equal. Some are sexually hyperactive. Prostitution is a good way out for such men and women to bridle their sexual needs. If prostitution does not exist, they will experiment their sexual adventures with others in the society, causing havoc around.
Legalized prostitution, on the other hand, will serve as a societal shock absorber which would spare the unwilling ones from sexual maladies. Legalized prostitution will help many avoid exploring sexual extravaganza elsewhere.
Preventing sex trade impossible
It is quite impossible to curb sex trade in India, as in many other countries, by prohibiting prostitution.
No legislation anywhere in the world has successfully managed to stop the sex trade. Prostitutes as they exist now work in a dehumanizing condition which the existing laws cannot alter. Therefore, the two-judge bench of the Supreme Court in India, while hearing a case in 2012, suggested the government to consider regulating it. The court clarified that it was not to encourage prostitution, but to enable the government address the perpetual problem in a realistic manner. 
UN opposes punitive laws against prostitution
The United Nations (UN) also wants the countries around the world get rid of “punitive” laws against prostitution terming them as “bad laws”. A UN report in 2012 on the issue says 116 countries and territories, where punitive laws against sex work existed, could not reduce trafficking or sex work by criminalizing clients. The laws increase sex workers’ vulnerability to violence.
Not less than eighty countries in the world now have some sort of legal protection for sex workers. Recognising and legalising prostitution as a profession may reduce the illegalities that come with it. If the sex worker, the seller of sex, is decriminalized, the worker can seek protection of the law whenever there is any abuse of it.
Legalising prostitution, as the court says, may help authorities to “monitor the trade, rehabilitate and provide medical aid to those involved”. It will make prostitutes comparatively free from diseases and legal tangles. The incidents of rape and harassment may also decrease.
Regulated prostitution existed since long
State regulated prostitution existed in India at the time of Arthasasthra. It says providing sexual entertainment to the public using prostitutes (Ganika) was an activity controlled by the State.
Now, prostitution has been legal in many countries like the USA, the UK, the Netherland, Germany, Mexico, Argentina, South Korea, Greece etc., with more or less similar provisions. In Phillipines, bargirls, called “Customer Relations officers”, are required to have checkups for sexual diseases. New Zealand enacted a comprehensive prostitution decriminalization law, which even made street hookers legal, in the year 2003.
Sex work a legal profession in Netherlands
The Netherlands, a good example for a case study, legalized prostitution many decades ago.
In the 1980s, the sex work was recognized as a legally permissible profession. Sex industry comes under labour laws and prostitutes are registered workers. Ban on brothels and pimping was lifted in October 2000. Municipal authorities can formulate by-laws governing safety, hygiene and working conditions in brothels and conduct searches. Brothels are being operated under the license of municipalities.
It is unlawful to force prostitutes to consume alcoholic drinks with clients, or engage in unsafe sex. The health services or interest groups have the right to access to their premises for ensuring transparency. Brothels can employ prostitutes who are above the age of consent. Child prostitution is illegal.
Nevertheless, exploitation in any form in sex industry such as trafficking, forced prostitution, involving a minor in prostitution, forcing a person to prostitution and forcing one to surrender the income from prostitution, are crimes. Street prostitution is restricted to some zones. The legalization is to protect minors, eliminate forced prostitution and combat human trafficking or other vices.
Sex workers need a better living
If we treat prostitution illegal and prosecute the sexual work that harms no one else, the brutality towards the sex worker will continue.
Sex workers too have the right to get a dignified life.  Therefore, they need improved working environment and opportunity for rehabilitation.
Punishment relating to prostitution
The punishment for brothel-keeping is imprisonment for a term of not less than one year and not more than three years and also with fine which may extend to two thousand rupees. 
The offence of procuring a girl child for prostitution attracts rigorous imprisonment for a term of not less than seven years but may extend to life.
Seducing or Soliciting for prostitution under the immoral traffic (prevention) act for first conviction attracts a punishment of imprisonment for six months or fine of rupees five hundred and for the second conviction, imprisonment up to one year or with fine of rupees five hundred.
The Indian Penal Code (IPC) under Section 370A punishes the offender for the exploitation, including sexual exploitation, of a trafficked minor with imprisonment of five to seven years. Trafficking is a more serious offence that comes under Section 370 of the IPC.
What happens when legalized
If we legalise prostitution, the prostitutes and brothels will get registration and the sex industry will come under the sphere of legal control. Regulated prostitution can protect the rights of sex workers better than otherwise. It will enable law enforcers to detect instances of forced prostitution and support the victims. It will ensure better, cleaner and safe working environment for both the sex workers and client.
If legalized prostitution comes into force, people having extra sexual urges will take recourse to prostitutes rather than stalking or harassing other women for their sexual gratification. Once the trade is legalized the service of pimps or intermediaries is no longer required. Consequently, sex workers can escape the criminal behavior of such persons and get better income. It will help control the spread of sexually transmitted diseases. 
However, legitimizing prostitution may not change the social attitude towards it, nor does it dignify prostitute women who will face some stigma and other harms even in a legally permitted prostitution regime.
Dangers of legalizing prostitution
There is definitely a danger in legalizing prostitution. Prostitution may become an easy money making option for some lazy women. It will increase the casualness of people towards sex and women.
A report in 2012 by Professor, Eric Neumayer at London School of Economics, claimed that legalisation of prostitution in the Netherlands, Germany and New Zealand had led to increases in human trafficking and coercion of people into the industry. He called it “the dark side of globalisation”. Many fear that the legalization does not control the sex industry but will expand it. It may promote the motivation of men to buy sex in a much wider way. This fear is valid for India too particularly because India has the largest population of poor in the world. They are vulnerable to any economic offers and may increasingly turn into sex trade in preference to remaining in hunger.
The weak law enforcement and regulatory exercises existing here in India is yet another problem. The regulation on prostitution may lisp or limp when it confronts powerful people. Indian non-poor section, willing to ape anything from outside uncritically, may use the decriminalization as a way to move on to a state of sexual anarchy. Definitely India has to choose between two dangerous devils.
Legalizing prostitution not a panacea
No doubt, the decriminalization of sex work or legalizing it is not a solution to every problem the sex industry now faces, but it seems to be a better option for India when the present scheme of things hopelessly fails to contain its ever existing problems.
When prostitution becomes a visible legal activity, there is a better chance to address its abuses and problems. To make it work well, the legal framework in India in regard to prostitution must have clarity, precision and effectiveness.
Revitalization of our democratic and enforcement institutions – legislature, judiciary and policing – is also a need for the purpose of making prostitution a saner regime.




			        ""Loved reading this piece by Adv K Rajasekharan? 
			  Join LAWyersClubIndia's network for daily News Updates, Judgment Summaries, Articles, Forum Threads, Online Law Courses, and MUCH MORE!!""




 Join our Telegram group





 Join our Whatsapp group















Click here to Get More Content on LCI Android App











						Tags :criminal law
"
Student Notes - IPC - Criminal Breach of Trust,"
Criminal Breach of Trust
a) Introduction:
The Indian Penal Code deals with the offence of Criminal Misappropriation of property under the category of ""Criminal Breach of Trust"". this offence is similar to the offence of ‘embezzlement’ under the English Law, the only difference is that the possession of the property is entrusted by the owner to the offender.
Section 405 of IPC defines Criminal Breach of Trust as, ""Whoever, being in any manner entrusted with property, or with any dominion over property, dishonestly misappropriates or converts to his own use that property, or dishonestly uses or disposes of that property in violation of any direction of law prescribing the mode in which such trust is to be discharged, or of any legal contract, express or implied, which he has made touching the discharge of such trust, or willfully suffers any other person so to do, commits ‘criminal breach of trust.""
 
In simpler words it can be said that, the beneficial interest in the property in respect to which the offence is alleged to have been committed was vested in some person other than the accused, and the accused held that property on behalf of that person. A relationship of transferor and transferee is created, where under the transferor remains the legal owner of the property and transferee only has the custody of the property for the benefit of the transferor himself or someone else. The transferee obtains only a special interest limited to a claim of his charges in respect of that property, and under no circumstances does he acquire a right to dispose of that property in contravention of the entrustment. The offence is committed when the transferee dishonestly misappropriates it, or converts it into something for his own use, or disposes it in violation of any direction of law, lawful contract, or willfully suffers any other person to do it. 
The following ingredients are essential for attracting the offence under Section 405:
1. The accused must be ""entrusted with property or dominion over that property.""
2. He must with dishonesty- a) ""Misappropriate that property"", or b) ""Convert it for own use"", or c)"" Use or Dispose off the property"".
3. Such ""dishonest use or misappropriation or conversion or disposition of the property must be in violation of the trust which he must legally discharge.""
The two main things should be proved for the offence to attract under Section 405, 
a) to show that the accused had the obligation to discharge trust which was acquired by entrustment over the property or dominion over that property.
a) That the dishonest use/ misappropriation/ disposition of that property is contrary or violative of that obligation.
One can be held liable for ‘criminal breach of trust’ only when above two things are proved.
b) Entrustment of Property:
The first and foremost essential to be fulfilled for this section is ""entrustment"". Until and unless the accused is entrusted with the property the section cannot come into play rather, it would mean criminal misappropriation. The phrase used in section is ""in any manner entrusted with property"" which means it includes all types of entrustment into its ambit, whether it be clerks, servants, business partners or any other person, provided they are holding a position of trust. It is wide enough to deal with all the cases, in which the property of the complainant or owner is voluntarily entrusted to the accused in any manner and is dishonestly misappropriated. the term ""entrusted"" found in the section governs not only the words ""with the property"" immediately following it but also the words ""or with any dominion over the property"". The entrustment may be expressed or implied.
In the case of State of Gujarat vs Jaswantlal Nathalal[1]the government sold cement to the accused only on the condition that it would be used for construction purpose. However, a portion of the purchased cement was transferred to a godown. The accused was sought to be prosecuted for criminal breach of trust. The Supreme Court in this case held that the expression ‘entrustment’ carries with its implication that the person handing over the property or on whose behalf the property is handed over, continues to remain the owner and he must have the confidence in person taking over the property. A mere transaction of sale does not amount to entrustment. If the accused had violated the conditions of purchase, he can be prosecuted under law relating to cement control only. No offence of criminal breach of trust was made out.
In the case of Jaswant Rai Manilal vs State of Bombay[2], it was held that when securities are pledged with a bank for specific purpose on specified conditions, it would amount to entrustment, same would go for the directors of the company, as to some extent they are in the position of trustee. However, if the money was paid as illegal gratification, there would be no question of entrustment.
In the case of State of UP vs Babu Ram[3], the accused was a Sub-Inspector of police, and had gone to investigate a theft case in a village. In the evening he saw Tika Ram, who was coming from the side of the canal and was going hurriedly towards a field. He appeared to be carrying something in hos dhoti folds. The accused searched him and found a bundle containing currency notes. The accused took the bundle and later returned it. The amount when returned was short of Rs. 250. the Supreme Court held that the currency notes were handed to the Police officer for a particular purpose and Tika Ram had trusted the accused to return the money once he was satisfied. If the accused had taken the notes, it would amount to Criminal Breach of Trust.
In the case of Rashmi Kumari vs Mahesh Kumar Bhada[4], the Supreme Court held that when the wife entrusts her stridhana property with the dominion over that property to her husband or any other member of the family, and any of them dishonestly misappropriates or converts it to his own use, or willfully suffers other person to do it, he/they commit criminal breach of trust.
In the case of Common Cause, A registered Society vs Union of India[5], the court held that the entrustment of property is meant to be a movable or immovable property. The power of a minister to allot the outlet due to discretionary power over dealing with a particular good is not covered by Section 405. It does not include entrustment of powers. And such dealing of entrustment cannot be a criminal breach of trust.
c) Property or Dominion Over The Property:
In the definition of Criminal Breach of Trust, the term property does not explicitly restrict itself to movable property. In the case of RK Dalmia vs Delhi Administration[6], the could held that the property in IPC mostly refers to movable property. But when the section itself does not restrict itself to the movable property then there is no limit to the kind of property being the subject of the offence. Hence, the interpretation of property as per the definition given in this section must be interpreted as per the facts of the each case.  
The words ""dominion over the property"" connote control over the property arising through that entrustment. If a director of a company is in the position of a trustee and is handed over some assets of the company, then he can be said to have dominion over the property, i.e. control of assets. In a partnership firm although, the scenario is a bit different. Even though each partner is entrusted with the assets of the firm, it is not an entrustment which is meant under Section 405. Hence, the partners cannot be liable under this section unless and until there is a written agreement formed, making such entrustment over the partners.
The trust entrusted over the employer who deducts a part from the salary or wages of the employee for contribution in the PF and the pension fund is also covered under this Section. Such entrustment if misappropriated by the employer is liable for criminal breach of trust under the section. In the case of Employee State Insurance Corporation vs SK Aggarwal[7], the Court held that the term employer within the definition of ‘principal employer’ does not include director. Therefore, a managing director cannot be held liable for the misappropriation of such entrustment and cannot be held vicariously liable for criminal breach of trust under Sections 405 and 406.
d) Misappropriation of Entrusted Property:
Dishonest Misappropriation is the essence of this section. The term ‘dishonesty’ is defined under Section 24 of the IPC. ""Whoever does anything with the intention of causing wrongful gain to one person or wrongful loss to another person, is said to do that thing dishonestly."" In order to convict a person under Section 405, one must prove the dishonest intentions of the accused. Also, the liability of criminal breach of trust would arise only when the property is said to have been ""dishonestly misappropriated or converted to own use or disposed of"". if a person has merely mismanaged the property or acted negligently then criminal liability won’t arise.
The fact of dishonest intention and dishonest utilisation by the accused has to be proved. As it is hard to prove the mental element by providing direct evidence, the Court in the case of Jaikrishnadas Manohardas Desai vs State of Bombay[8], held that the dishonest misappropriation need not be proved with direct evidence. The establishment of the fact that the accused was entrusted with the property or had dominion over the property and the accused is falsely claiming the failure to account for the same is enough. The court would thereafter infer the misappropriation and an act of criminal breach of trust by the accused. Further, the prosecution need not prove the manner in which property is dishonestly misappropriated.
In the case of Surendra Verma vs State of Bihar[9], the accused was in possession of the keys to a safe. It was held that the accused was liable because he alone had the keys and nobody could have had access to the safe, unless he could establish that he parted with the keys to the safe. 
e) Temporary Misappropriation:
The offence under Section 405 can be said to have committed only when all of its essentials are satisfied. As in case of criminal misappropriation, even temporary misappropriation could be sufficient to warrant conviction under this section. Even if the accused intended to restore the property in future, at the time misappropriation, it is a criminal breach of trust.
In the case of R Venkatkrishnan vs CBI[10], the accused was a Bank Official and had made public money available to a private party. The Court held that the act of the Bank Official was against the statutory provisions and directives enforceable upon him. Thus, even though the money was recovered shortly and action was initiated by the department, the accused was made liable for criminal breach of trust.
When a person goes against the law or violates the law he should abide by , it is an act of criminal breach of trust, if such law is a statutory norm/ provision/ directive/ regulation issued by any authority enforceable against any accused.[11]
f) Punishment For Criminal Breach Of Trust:
Section 406 provides punishment for the offence of Criminal Breach of Trust. It follows as, ""Whoever commits criminal breach of trust shall be punished with imprisonment of either description for a term which may extend to three years, or with fine, or with both""
g) Forms of Criminal Breach of Trust:
""407 Criminal breach of trust by carrier, etc—Whoever, being entrusted with property as a carrier, wharfinger or warehouse-keeper, commits criminal breach of trust in respect of suchproperty, shall be punished with imprisonment of either description for a term which may extend to seven years, and shall also be liable to fine""
""408 Criminal breach of trust by clerk or servant—Whoever, being a clerk or servant or employed as a clerk or servant, and being in any manner entrusted in such capacity with property, or with any dominion over property,commits criminal breach of trust in respect of that property, shall be punished with imprisonment of either description for a term which may extend to seven years, and shall also be liable to fine.""
The criminal breach of trust is more severe offence than criminal misappropriation as the offender in the breach has a beneficial position of a trustee. Thus, if a breach of trust is committed by the person who is entrusted with the property and not by a stranger, it is an aggravated form of Criminal Breach of Trust.
""409 Criminal breach of trust by public servant, or by banker, merchant or agent—Whoever, being in any manner entrusted with property, or with any dominion over property in his capacity of a public servant or in the way of his business as abanker, merchant, factor, broker, attorney or agent, commits criminal breach of trust in respect of that property, shall be punished with imprisonment for life, or with imprisonment of either description for a term which may extend to ten years, and shall also be liable to fine.""
The offence under Section 409 is the most severe one as the accused is a public servant and is entrusted in the same capacity. In order to convict someone under Section 409, it must be proved that the accused is a public servant and was entrusted with property or dominion over the property and has thus committed criminal breach of trust under this Section.[12] The property entrusted to accused should be given in the capacity of a public servant and not in any personal capacity. The public servant, as explained in the Section, need not be a government employee necessarily.

 [1]AIR 1968 SC 700
 [2]AIR 1956 SC 576
 [3]AIR 1961 SC 751
 [4]1997 [2] SCC 397
 [5]AIR 1999 SC 2979
 [6]AIR 1962 SC 1821
 [7]AIR 1998 SC 2676
 [8]AIR 1960 SC 889
 [9]AIR 1973 SC 488
 [10]2009 11 SCC 737
 [11]Sidhir Shantilal Mehta vs CBI (2009) 8 SCC 1
 [12]Jiwan Das vs State of Haryana, AIR 1999 SC 1301





			        ""Loved reading this piece by Esheta Lunkad? 
			  Join LAWyersClubIndia's network for daily News Updates, Judgment Summaries, Articles, Forum Threads, Online Law Courses, and MUCH MORE!!""




 Join our Telegram group





 Join our Whatsapp group















Click here to Get More Content on LCI Android App











						Tags :criminal law
"
Student Notes - IPC - Criminal Misappropriation - Landmark Cases,"
 CRIMINAL MISAPPROPRIATION
SECTION 403: DISHONEST MISAPPROPRIATION OF PROPERTY.
The word misappropriation is defined under Section 403 of Indian Penal Code,1860 which is defined as whoever;

Dishonestly misappropriated for its use or another person at the instance of it.
Any movable property punishment for the offence is imprisonment of either description which may extend to two years or with fine or with both Section 405 is based on criminal breach of trust. Here ‘trust’ is the essential and ‘breach’ of this makes the offence under section 405 which is punishable with imprisonment of either description which may extend to three years or seven years (depending on the person who has breached the trust) or with a fine or both. 

In other words, when one person dishonestly misuses or misappropriate the property provided the property is movable for own use or another is known as criminal misappropriation. 
 
Illustrations
 (a) A takes property belonging to Z out of Z's possession, in good faith, believing, at any time when he takes it, that the property belongs to himself. A is not guilty of theft; but if A, after discovering his mistake, dishonestly appropriates the property to his use, he is guilty of an offence under this section. 
(b) A, being on friendly terms with Z, goes into Z's library in Z's absence, and takes away a book without Z's express consent. Here, if A was under the impression that he had Z's implied consent to taking the book to read it, A has not committed theft. But, if A afterward sells the book for his benefit, he is guilty of an offence under this section. 
(c) A and B, being joint owners of a horse, A takes the horse out of B's possession, intending, to use it. Here, as A has a right to use the horse, he does not dishonestly misappropriate it. But, if A sells the horse and appropriates the whole proceeds to his use, he is guilty of an offence under this section.
Explanation 1- A dishonest misappropriation for a time only is a misappropriation with the meaning of this section. Illustration A finds a Government promissory note belonging to Z, bearing a blank endorsement. A, knowing that the note belongs to Z, pledges it with a 1 banker as a security for a loan, intending. at a future time to restore it to Z. A has committed an offence under this section. 
Explanation 2- A person who finds a property, not in the possession of any other person, and takes such property for protecting if for, or of restoring it to, the owner does not take or misappropriate it dishonestly, and is not guilty of an offence; but he is guilty of the offence above defined, if he appropriates it to his use, when he knows or has the means of discovering the owner, or before he has used reasonable means to discover and give notice to the owner and has kept the property a reasonable time to enable the owner to claim it. What are reasonable means or what is a reasonable time in such a case, is a question of fact. It is not necessary that the finder should know who is the owner of the property, or that any particular person is the owner of it; it is sufficient if, at the time of appropriately it, lie does not believe it to be his property, or in good faith belief that the real owner cannot be found.  
Finder of Lost Goods- Explanation 2 makes it clear that things abandoned cannot form a proper subject of an offence under the section. For constituting an offence under this section property appropriated must be owned by somebody. This explanation requires the finder of goods, before appropriating the property found, to attempt to find the owner, if they have means of doing so. The finder must wait up to a reasonable time to allow the owner to claim the property before he appropriates it. The question as to what are reasonable means and what is reasonable time would depend upon the facts of the case.
In Mohammad Ali vs State,[1]fifteen bundles of electric wire were seized from the appellant but none including the electricity department claimed that the wires were stolen property. Evidence on records showed that an impugned electric wire was purchased by the applicant from a scrap seller. Merely applicant not having any recipient for the purchase of impugned wire it cannot be said that he is guilty of offence punishable under Section 403 of the Code. 
Illustrations
(a) A finds a rupee on the high road, not knowing to whom the rupee belongs. A pick up the rupee. Here A has not committed the offence defined in this section. 
(b) A finds a letter on the road, containing a banknote. From the direction and contents of the letter he learns to whom the note belongs. He appropriates the note. He is guilty of an offence under this section.  
(c) A finds a cheque payable to bearer. He can form no conjecture as to the person who has lost the cheque. But the name of the person, who has drawn the cheque, appears. A knows that this person can direct him to the person in whose favor the cheque was drawn. A appropriates the cheque without attempting to discover the owner. He is guilty of an offence under this section.  
(d) A sees Z drop his purse with money in it. A picks up the purse with the tile intention of restoring it to Z but afterward appropriates it to his use. A has committed an offence under this section.
 (e) A finds a purse with money, not knowing to whom it belongs; lie afterward discovers that it belongs to 4 and appropriates it to his use. A is guilty of an offence under this section. 
(f) A finds a valuable ring, not knowing to whom it belongs. A sells it immediately without attempting to discover the owner. A is guilty of an offence under this section.
Ingredients
To establish the offence of misappropriation following ingredients have to be satisfied:
(i) the defendant embezzled property and converted the property to his use.
(ii) he does so dishonestly.
(iii) the property is movable; and
(iv) the movable property belonged to the complainant
Nature of the Offence
The offence underneath Section 403 of the Code is non-cognizable, bailable, compoundable with the permission of the court, and triable by any magistrate.
The provision mandates that there shall be misappropriation or conversion of property by the accused, if the accused has merely retained the property in his possession, then it shall not constitute to be an offence under section 403.[2]
The Court held that, if a person picked up a purse in a temple in the crowded gathering and put it in his pocket, but he was immediately arrested. Then such an offence of picking up the purse and not misappropriating the property for his use shall not amount to offence under section 403 of the Indian Penal Code,1860.[3]
In the case of Ramaswami Nadar v. the State of Madras[4], the Supreme Court held that the words used in section 403 such as ‘converts to his use’ necessarily connotes that the accused has used or dealt with the property in derogation of the rights of the owner of the property.
SECTION 404: DISHONEST MISAPPROPRIATION OF PROPERTY POSSESSED BY DECEASED PERSON AT THE TIME OF HIS DEATH
Section 404 of the Indian penal code says that, whoever dishonestly misappropriates or converts to his use property, knowing that such property was in the possession of a deceased person at the time of that person’s decease, and has not since been in the possession of any person legally entitled to such possession, shall be punished with imprisonment of either description for a term which can reach 3 years, and shall also be liable to fine, and if the offender at the time of such person’s decease was utilized by him as a clerk or servant, the imprisonment may extend to 7 years.
Ingredients
To invoke Section 404 of the Indian penal code following ingredients should be met.
(i)  The property must be movable
(ii)  Such property was in possession of the deceased at the time of his death
(iii) The defendant misappropriated it or converted it to his use
(iv) The accused did so dishonestly.
Nature of Offence
Offence underneath this Section is non-cognizable, bailable, non-compoundable, and triable by a magistrate of the first class.
In the case of State of Orissa v. BishnuCharanMuduli[5], the Supreme Court held that where the Head Constable who had forcefully taken the articles to his custody from a boatman, who had previously recovered those articles from a dead body of a drowned person, keeps those articles in his possession dishonestly. Then, the officer who was holding the articles of a deceased person dishonestly was held guilty of an offence under section 404.
Section 404 does not specify as to the nature of property whether it must be movable or immovable. The Courts have unanimously observed that the section shall apply only in cases of the movable property while deciding many cases.
The Bombay High Court has clarified the nature of the property and this clarification has been reiterated by other High Courts in various cases. The Bombay High Court held that the property under section 404 shall include only movable property and hence in the case where the misappropriated property was the house which was in possession of a deceased person, the accused was not held guilty of an offence under section 404[6]
Keeping in view the above-mentioned provisions of the Indian Penal Code,1860 it can be concluded that the criminal misappropriation of property is an offence that requires dishonest misappropriation or conversion of movable property by the accused.

 [1]2006 CriLJ 1368
 [2](1868) 10 WR (Cr) 23A.
 [3](1907) PR No. 11 of 1908
 [4]AIR 1958 SC 56
 [5]1985 Cr LJ 1573(SC)
 [6](1869) 6 BHC (Cr C) 33. 





			        ""Loved reading this piece by VVVVVVVV? 
			  Join LAWyersClubIndia's network for daily News Updates, Judgment Summaries, Articles, Forum Threads, Online Law Courses, and MUCH MORE!!""




 Join our Telegram group





 Join our Whatsapp group















Click here to Get More Content on LCI Android App











						Tags :criminal law
"
The Legal Validity of Cloned/Hacked Data as Evidence under IEA and ITA,"

We live in a world where, for our amusement and necessity, we have converted several things into virtual form, but there are major thing which cannot partake physical things.
We live in data-age, where data is propriety of the person and for all intents and purposes is his private property.
No one is left out from surveying and prying eyes, be it Cyber Criminal or authorities and where virtual things are stolen or hacked or cloned.
I take my learned friends through the nuances of Legal Validity of such hacked/cloned data.
Let's take look at some basic provisions of Information Technology Act [ITA] and Indian Evidence Act[IEA]






ITA
2(a) - access with its grammatical variations and cognate expressions means gaining entry into, instructing or communicating with the logical, arithmetical, or memory function resources of a computer, computer system or computer network;
2(ha) - communication device, means cell phones, personal digital assistance or combination of both or any other device used to communicate, send or transmit any text, video, audio or image;
2(i) - computer means any electronic, magnetic, optical or other high-speed data processing device or system which performs logical, arithmetic, and memory functions by manipulations of electronic, magnetic or optical impulses, and includes all input, output, processing, storage, computer software or communication facilities which are connected or related to the computer in a computer system or computer network;
2(k) - computer resource means computer, computer system, computer network, data, computer data base or software
2(o) - data means a representation of information, knowledge, facts, concepts or instructions which are being prepared or have been prepared in a formalised manner, and is intended to be processed, is being processed or has been processed in a computer system or computer network, and may be in any form (including computer printouts magnetic or optical storage media, punched cards, punched tapes) or stored internally in the memory of the computer;
2(r) - electronic form with reference to information, means any information generated, sent, received or stored in media, magnetic, optical, computer memory, micro film, computer generated micro fiche or similar device
2(t) - electronic record means data, record or data generated, image or sound stored, received or sent in an electronic form or micro film or computer generated micro fiche;
2(u) - function, in relation to a computer, includes logic, control, arithmetical process, deletion, storage and retrieval and communication or telecommunication from or within a computer
2(v) - information includes 2[data, message, text,] images, sound, voice, codes, computer programmes, software and data bases or micro film or computer generated micro fiche
2(w) - intermediary, with respect to any particular electronic records, means any person who on behalf of another person receives, stores or transmits that record or provides any service with respect to that record and includes telecom service providers, network service providers, internet service providers, web-hosting service providers, search engines, online payment sites, online-auction sites, online-market places and cyber cafes;
2(za) - originator means a person who sends, generates, stores or transmits any electronic message or causes any electronic message to be sent, generated, stored or transmitted to any other person but does not include an intermediary
2(ze) - secure system means computer hardware, software, and procedure that–
(a) are reasonably secure from unauthorised access and misuse;
(b) provide a reasonable level of reliability and correct operation;
(c) are reasonably suited to performing the intended functions; and
(d) adhere to generally accepted security procedures
4. Legal recognition of electronic records.—Where any law provides that information or any other matter shall be in writing or in the typewritten or printed form, then, notwithstanding anything contained in such law, such requirement shall be deemed to have been satisfied if such information or matter is–
(a) rendered or made available in an electronic form; AND
(b) accessible so as to be usable for a subsequent reference
IEA
s.61: Proof of contents of documents.—The contents of documents may be proved either by primary or by secondary evidence. 
s.65B(2)
 (a) the computer output containing the information was produced by the computer during the period over which the computer was used regularly to store or process information for the purposes of any activities regularly carried on over that period by the person having lawful control over the use of the computer;
(d) the information contained in the electronic record reproduces or is derived from such information fed into the computer in the ordinary course of the said activities
85B Presumption as to electronic records and electronic signatures —
(1)   In any proceedings involving a secure electronic record, the Court shall presume unless contrary is proved, that the secure electronic record has not been altered since the specific point of time to which the secure status relates 






Admittedly in the process of cloning, the 1st computer is used and hacked open with help of 2nd computer, and data is retired by the 2nd computer from the 1st computer and stored in the 2nd Computer. If the owner of the both the computers is not the same, it amounts to stealing of data from owner of 1st computer by the owner of 2nd computer. This itself is an offence under s.65 and other provisions of ITA.
From above it is clear that there are 2 different computers involved in the process of hacking/cloning.
Now, the data which was in 1st computer, is stolen via the 2nd computer and stored on 2nd Computer, and is used as original data with fraudulent purpose, as if its data on the 1st Computer.
There is great chance that the data on the 1st computer doesn’t exist or is deleted or manipulated by the owner of the 2nd computer in the process of hacking/cloning. This is so, given the hi-tech software's used to hack/copy/clone even deleted data, the security of the data on the 1st computer is compromised by the owner of the 2nd Computer.
It need not be mentioned that any ordinary person using his computer in ordinary manner, cannot do such hacking/ cloning of data, whether present or deleted, on others persons computer.
Therefore the hacking/cloning is not legal means of ""data/system/source/record"" within meaning of ITA.
The cloning if not made by the owner of the 1st Computer, and if made by hackers, would fall flat in face of section 2(r)/(t) of ITA as it is not ""generated, sent, received or stored"" in the 1st computer; but is acquired by hacker by trespass on the 1st computer device. Further if the intendment is to send/receive/store, only the senders/recipients intendment, is relevant.
The provisions of ITA never intended to include cloning or hacking by 3rd party. In this regard even the intermediary is excluded from using the data. Therefore in case of emails, texts, and messages; even the ""application owner"" is also excluded from using of data. So if the intermediary 3rd party is excluded; the use of data by hackers is clearly beyond the scope of the ITA or IEA. Thus reliance on the cloned data by hacker is illegal for any purpose whatsoever.
The data which is recognized by section 65B must be such data, from the computer from which it is generated, and subjected to proof, and which can at any point of time be generable/producible, from the very computer where the data is, and not otherwise.
If a data is ""altered"" in the 1st computer by whatever means, it cannot be used for any purpose. Therefore to rely on a hacked data on 2nd computer is farfetched to relate, or relevant, to, the 1st computer or data thereon.  
Further there are 2 other prongs of alteration within meaning of  section 85B, (a) the alteration is been done by the 2nd computer the moment the data is hacked/cloned in the form in which is not on the 1st computer (b) the data which is available on the 2nd computer doesn’t match with data on the 1st computer or is not available on 1st computer. This assumes further importance, because in cases where data on the 2nd computer is relied as data on 1st computer; in the absence of data on the 1st computer, the data 2nd computer fails all tests of even weak relevancy.   
The data so hacked/cloned/stolen/manipulated is in the 2nd computer and therefore the source of the data is that of the owner of the 2nd computer and not the 1st computer.
By virtue of section 4 of the ITA, because the data is available on 2nd computer [and data on the 1st computer may have been manipulated/erased], and since the question of data on 1st computer is not intended to be proved but only the data on the 2nd computer is sought to be proved, the data on the 2nd computer cannot be used for any purpose.
Therefore if the data is to be proved, the data on the 2nd computer alone can be proved and not the data on the 1st computer, as it violates several provisions of ""secure data"". And any intent to prove data on 2nd computer as data on 1st computer is nothing short of further manipulation or lack of cognition faculty. Here the principle of primary evidence as stated hereafter is applicable strictly and not beyond the data on 2nd computer, and of course not to legitimize the illegal source of data, as it would amount to decriminalization of ITA and lawlessness.
The data and the 2nd computer has to strictly comply with secured record under section 14 ITA and section 65B of IEA, absent which it cannot be considered for any purpose.
Apart of that, only [a] data [b] from the original source -> can be proved. So the data on 2nd computer cannot be proved as data on 1st computer, directly or indirectly and violate the rules of relevance, admissibility to bring in arbitrariness wheresoever.
By virtue of specific provision of section 65B r/w 85B, the ""data and the computer of only the 1st computer"" is allowed and not the ""cloned data on 2nd Computer"". Doing this would be clear case of proof of ""2nd computer and data"", and not the ""1st computer or data"". Further as applied to electronic data, the provisions of secondary evidence are not applicable, nor is it possible because the provisions of s/65 of IEA would have to be the strictly construed against the ""data on the 2nd Computer"" vis-à-vis the ""data on the 1st computer"".
Further by virtue of best evidence rule, the fact that the 1st computer doesn’t have data in ""ordinary usage and form"" is disproof of ""data on the 2nd Computer""
The extent of applicability of 65B rw 85B is limited to the ""data 1st on the 1st computer"" which has to ""exist"", and that’s why unless the section 65B(2), and 65B(4)(b) of IEA. In view of this very specific mandate of ""output"" in s/65B(2), a hacked/cloned data or the second computer is not contemplated.
This is so because certificate under 65B would then be in respect of the data on 2nd Computer and not the 1st Computer or data on 1st computer.
In view of the above it is clear that there is no legal value to hacked/cloned data in court of law, and such hacker or cloner cannot rely/use such ill-gotten and illegal data for whatsoever purpose.





			        ""Loved reading this piece by Sandeep Kapatkar? 
			  Join LAWyersClubIndia's network for daily News Updates, Judgment Summaries, Articles, Forum Threads, Online Law Courses, and MUCH MORE!!""




 Join our Telegram group





 Join our Whatsapp group















Click here to Get More Content on LCI Android App











						Tags :criminal law
"
Focus Areas and Considerations for Bail in POCSO Act,"
POCSO is a special act enacted with the objective to protect children from sexual assault and to ensure that the person accused of crime under the POCSO Act, should not get away with the accusations as easily’, therefore section 30 was incorporated in the Act, which presumes culpable mental state of the accused unless rebutted in accordance with the law.
Because of the sensitivity of the matter (child being the victim) and stringent provisions involved (presumption against the accused), it is very difficult to seek bail in POCSO ACT, in my this column I will be sharing some focus areas and considerations, wherein the accused persons were granted Bails’ in POCSO Act.

Delay without reasonable explanation in lodging complaint or even not disclosing the matter to her mother for a period of 4 years gives benefit to the accused and bail was granted. (Anu Devi Vs State of Himachal Pradesh Crl MP 187 of 2019)


Material difference in victims statement recorded under section 161, 164 Cr.P.C gives benefit to the accused and bail was granted (Amarjeet Panday Vs State of NCT of Delhi Bail Appln. 2340/2017)


Substantial improvement in victims statement, unexplained delay in lodging an FIR gives benefit to the accused and bail was granted (Bhusan Malik Vs State of NCT of Delhi Bail Appln. 1545/2018)


Victim frequent changing her stand gives benefit to the accused and bail was granted (Dilshad Khan Vs State Bail Appln. 2350/2018)


Friendly relation between the accused and prosecutrix established , no independent witness stating anything incrimination against the petitioner, investigation complete and chargesheet already filed, benefit to accused and bail was granted (Jatin Sethi Vs State Bail Appln. 1995/2018)


Victim and accused already got married, victim do not support the case of the prosecution in her statement recorded under section 164 Cr.P.C and victim is blessed with a daughter from accused, benefit to accused and bail was granted (Manoj Kumar Vs State Bail Appln. 2552/2019)


Victim is aged 17 years and 11 months, was in friendship with the accused since 3-4 years, was in touch with the accused on social media and even on the date of alleged incident the victim and the accused were touch on social media, FIR was merely registered on the pressure of the family members of the victim, benefit to the accused and bail was granted (Shashank Vs State of NCT of Delhi Bail Appln. 692/2019)


Since the accused is in custody for more than four years, whereas section 35 of the Act postulates the trail to be concluded within one year from the date of court taking cognizance, benefit to the accused and bail was granted ( Sanjay Mahawal Vs State of NCT of Delhi Bail Appln. 18/2020)


Victim already aged 21 years, no material to corroborate except bald statement made by the victim, forensic or medical report does not support forcible relationship with the victim, prosecutrix already examined and cross-examined and as such there is no possibility that the victim be influenced, benefit to accused is given and bail is granted (Paramdeep Vs State of NCT of Delhi Bail Appln. 656/2019)


Prosecutrix herself stated that there was a quarrel that took place between her family on one side and between the family of the accused on the other side, to which no enquiry was made by the police rather “ at the instance of the police, she was made to write the present complaint”, also in her statement U/S 164 Cr.P.C before the Magistrate the prosecutrix informed the Court that “ Whatever she stated was told by the police and neighbors”, keeping the abovementioned facts,benefit to accused and bail was granted (Rajeev Chauhan Vs State of NCT of Delhi Bail Appln. 284/2018)


Prosecutrix does not object to grant of bail, also keeping in mind that the accused is only 25 years of age, his subsequent conduct as well as the assurances given by the family of the accused, benefit to accused and bail was granted (Rajeev Ghaloth Vs State of NCT of Delhi Bail Appln. 2116/2018)


Testimony of the prosecutrix before the trial court has already been recorded and there is no possibility that the prosecutrix can be influenced, benefit to accused and bail was granted (Ramkishan @ Sonu Vs State of NCT of Delhi Bail Appln. 599/2018)
There was friendship between the petitioner as well as the complainant for the last four years and the complaint has been lodged at the behest of her parents, Call Details Record (CDR) obtained by the Investigating Officer shows that even after the incident as late 9 pm in the evening of 07.11.2017 and on the following day, i.e. on 09.11.2017, there were calls made by the complainant to the phone of the petitioner, lasting in one instance for 1105 seconds, benefit to accused was given and bail was granted (Sohan Kumar @ Sonu Tomar Vs State of NCT of Delhi Bail Appln. 1294/2018)


Prosecutrix was a friend of the petitioner, used to roam around with the petitioner and had written several love letters to the petitioner, which are available with the petitioner including a letter in which she has used her own blood to write ""sorry, I love you"", the complaint has been lodged at the behest of the family members, chargesheet has already been filed, benefit to accused and bail was granted (Sunny Vs State of NCT of Delhi Bail Appln. 2558/2017)


Allegation against the petitioner for sexually assaulting the minor girl were false, as the complainant party demanded money from the petitioner that he refused to give. From the medical report also, the allegation was not proved. Also the charge sheet was not filed against the petitioner on expiry of 90 days. Therefore, default bail was granted to the petitioner (Paras Ram v. State of Rajasthan, 2019(3) Cri.CC 487: 2019(4) Crimes 455)


The ingredients of offence are not made out against the applicant, since the victim herself left her house and went to the applicant. She was not enticed away by him and she also married the applicant on her sweet will. Also the applicant has no criminal history to his credit and he is languishing in jail since 13.11.2019. Thus, court agreed to grant bail under certain conditions (Kamlesh Kumar vs State Of U.P., CRIMINAL MISC. BAIL APPLICATION No. - 13901)


Since in view of the restricted working of the Courts due to pandemic COVID-19 situation, the trial was likely to take some time and in view of the facts that the petitioner herein has been in custody since 08.06.2019 and that the statements of the material witnesses have been recorded, no useful purpose would have been served in keeping the petitioner behind bars. Thus, petitioner was released on bail on certain conditions (Ajaib Singh Alias Naibu vs State Of Punjab, CRM-M-11469-2020)

Though it is difficult to seek bail in POCSO Act, but if we focus on the parameters basis which bails were already granted to accused persons, the courts can grant bail by imposing certain conditions in the interest of Justice.




			        ""Loved reading this piece by Kapil Chandna? 
			  Join LAWyersClubIndia's network for daily News Updates, Judgment Summaries, Articles, Forum Threads, Online Law Courses, and MUCH MORE!!""




 Join our Telegram group





 Join our Whatsapp group















Click here to Get More Content on LCI Android App











						Tags :criminal law
"
Student Notes on IPC - Crime and Its Elements,"
WHAT IS CRIME? 
• Crime means a charge or offence. When an act is done or not done in accordance with the public law, it is said to be a crime.
• Crime is not just a wrong against an individual but it is a wrong committed against the society at large as it disturbs the peace, and some crimes may cause widespread panic and disruption of normal activities in a community. The society therefore takes steps to prevent it by prescribing specific punishments for each crime, some punishments being death, imprisonment for life, fine or forfeiture of property.
• Crime is a changing concept that depends upon social development of individuals which involves interests and values dominating their common beliefs. Amongst other things, examples of crime include acts like murder, theft and rape.
• The burden of proof of a crime lies with the State and the burden of proof falls on the prosecution. The State acts to protect the victims of the crime and to prevent the offender from committing more crimes in order to provide justice to the victims.
• Further, the State takes measures to punish the offender and encourages their participation in reformation programs in the prison as an attempt to guide the offenders towards becoming law-abiding, dutiful citizens.
 
FUNDAMENTAL ELEMENTS OF CRIME 
There are four elements which go to constitute a crime and these are: 
1)   Human being  
The basic essential element of any crime is that it must be committed by a human being who is under the legal obligation to act in a particular manner, as an animal cannot commit a crime. Animals used to be punished in ancient times, now their owners are made liable. 
Section 11 of the Indian Penal Code states that the word ‘person’ includes a company, an association or a body of persons, whether incorporated or not. The word ‘person’ includes artificial or juridical persons. 
Illustration: Person A kills Person B – crime  
Person A kills animal Z – crime 
Person A steals from Person C - crime 
2)   Mens Rea  
Maxim - ""actusreus non facitreum nisi mens sit reas"" meaning ""an act is not guilty unless the mind is not guilty"". 
Mens Rea refers to the mental element of a person’s intention. The degrees of Mens Rea are: 

Intention: Complete knowledge of harm and its consequences. 
Knowledge: No intention, but knowledge of an apparent harm. 
Reason to Believe: No particular information, but some reason to believe of the consequences of the act. 
Recklessness: Higher degree of negligence, aware of consequences. 
Negligence: Not aware of consequences. 

The Act can be voluntary or involuntary, and the guilt is determined by the facts of the case.Mens Rea as such is not punishable. 
The following factors are examined to establish Mens Rea: 

Previous relation between the accused and the victim, any object of hostility between them.
Existence of instigation i.e. whether accused was hired and what prompted him to commit crime.
Whether the accused had something to gain out of the whole affair.

Illustration: A person drives under influence and causes an accident which harms others. He will be held responsible for his actions as he voluntarily made a choice to drink and drive, even if the crime itself was unintentional. 
Case laws: 
o Nathulal vs. State of M.P (AIR 1966 SC 43)
In this case, the accused was a food grain dealer who applied for a licence and deposited the requisite licence fee. Without knowledge of rejection of his application, he purchased food grains and sent returns to the Licencing Authority, who on checking, found that it was in excess of the quantity permitted by Section 7 of MP Food Grains Dealers Licensing Order, 1958. The accused was prosecuted. However, he was acquitted on the ground that he had no guilty mind. 
o State of Maharashtra v. MH George (AIR 1965 SC 722)
In this case, Reserve Bank of India (RBI) placed some restrictions on the entry of gold into India, thus superseding an earlier notification. The accused reached Mumbai fromManila, where gold bars were recovered from his jacket. The accused pleaded that he had no Mens Rea and that he had no knowledge of the RBI notification. After considering the object and subject matter of statute, the Court held that there was no scope for the invocation of the doctrine of Mens Rea in this particular case. 
o R.S. Joshi vs. Ajit Mills Ltd. (1977 AIR 2279)
In this case, the court held that, ""Even here we may reject the notion that a penalty or a punishment cannot be cast in the form of an absolute or no-fault liability but must be preceded by Mens Rea. The classical view that `no Mens Rea, no crime’ has long ago been eroded and several laws in India and abroad, especially regarding economic crimes and departmental penalties, have created severe punishments even where the offences have been defined to exclude Mens Rea."" 
3)   Actus Reus  
Maxim - “actusreus non facitreum nisi mens sit reas” meaning “an act is not guilty unless the mind is not guilty”. 
Actus Reus is a wrongful act committed or omission of an action.Mens Rea is not necessary in every Actus Reus. 
The following factors are examined to establish ifMens Rea was present in an act: 

 The physical doing or not doing,
The circumstances, and
The consequences i.e. if the Mens Rea does not extend to any part of the act, there will be no guilty mind behind the act.

Illustration: Person A thinks of killing Person B - not a crime  

Person A hits Person B using a rod with the intent to kill him - crime (commission) 
Person A sees his child B drowning in water but does not do anything - crime (omission) 

4)   Injury  
The fourth element of crime is injury occurred to another person or society at large, in the absence of which crime is not considered committed. However, there are some exceptions. 
Illustration: Driving without a driving license is a crime even if it may not harm anybody.  
According to Section 44 of Indian Penal Code, 1860 the injury denotes any harm whatever illegally caused to any person in body, mind, reputation or property. 




			        ""Loved reading this piece by Nicole Gomez? 
			  Join LAWyersClubIndia's network for daily News Updates, Judgment Summaries, Articles, Forum Threads, Online Law Courses, and MUCH MORE!!""




 Join our Telegram group





 Join our Whatsapp group















Click here to Get More Content on LCI Android App











						Tags :criminal law
"
Purpose and need of criminal procedure code,"
The essential object of criminal law is to protect society against criminals and lawbreakers. For this purpose the law holds out threats of punishments to prospective lawbreakers as well as attempts to make the actual offenders suffer the prescribed punishments for their crimes. Therefore criminal law, in its wide sense, consists of both the substantive criminal law (Indian penal code, 1860) and procedural (or adaptive) criminal law. Substantive criminal law defines offences and prescribes punishments for the same, while procedural criminal law is to administer the substantive law. Without the procedural law you cannot constitutes substantive law. For example if a person commits a crime then he cannot be punished itself we need to follow the procedure to make him suffer and punished. .Because without the enforcement mechanism, the threat of punishment held out to the lawbreakers by the substantive criminal law would remain empty in practice.
Our law of criminal procedure is mainly contained in the Criminal Procedure Code, 1973 (CrPC) which has come into force from 1st April 1974.it provides the machinery for the detention of crime, apprehension of suspected criminals, collection of evidence, and the imposition of suitable punishments on the guilty person. In addition, the Code also deals with prevention of offences; maintenance of wives [ Ss. 106-124, 129-132 and 144-153] children and parents [125-128] and public nuisances.[Ss. 133-143]. The CrPC also controls and regulates the working of the machinery set up for the investigation and trial of offences. On the one hand it has to give adequately wide powers to make the investigative and adjudicatory processes strong, effective and efficient, and on the other hand, it has to take precautions against errors of judgment and human failures and to provide safeguards against probable abuse of powers by the police or judicial officers. It makes a good balance between process, implementation and procedure to be followed.
Special importance of criminal Procedure
The basic importance of criminal procedure has to be borne in mind, as it is the procedure that spells much of the difference between the rule of law and rule by whim and caorice.
In addition, the importance of Criminal Procedure Code is based on three other special considerations: 
(i) It is more constantly used and affects a greater number of persons than the other law.
(ii) The nature of its subject- matter is such that human values are involved in it to a greater degree than in other laws.
(iii) As the law of criminal procedure is complementary of the substantive criminal law, its failure would seriously affect the substantive criminal law which in turn would considerably affect the protection that it gives to society. Therefore it has been rightly said that too much expense, delay and uncertainty in applying the law of criminal procedure would render even the best penal law useless and oppressive.
Code how far exhaustive
The Code has obviously tried to make itself exhaustive and complete in every respect and it has generally succeeded in this attempt, However, if the courts finds the code has not made specific provisions to meet the exigencies of any situation, the court has inherent powers to mould the procedure to enable it to pass such orders as the ends of justice may require. It has, however, been declared by the Supreme Court that the subordinate courts do not have any inherent powers. The High Court has inherent powers and that has been given partial statutory recognition by enacting section 482 which says;
Section 482 in The Code Of Criminal Procedure, 1973
482. Saving of inherent powers of High Court. Nothing in this Code shall be deemed to limit or affect the inherent powers of the High Court to make such orders as may be necessary to give effect to any order under this Code, or to prevent abuse of the process of any Court or otherwise to secure the ends of justice.
To enroll the course on CPC by Mr. S.C.Virmani: Click here




			        ""Loved reading this piece by Arpit Tumbaria? 
			  Join LAWyersClubIndia's network for daily News Updates, Judgment Summaries, Articles, Forum Threads, Online Law Courses, and MUCH MORE!!""




 Join our Telegram group





 Join our Whatsapp group















Click here to Get More Content on LCI Android App











						Tags :criminal law
"
Contempt of Court,"
Contempt of court is any conduct that disrespect or disregard for interfering with or prejudice parties or with their witnesses during the litigation before the respective authority and administration of law. The Contempt of Courts Act, 1971 governs the contempt law in India. Then the judges of the court have the authority to pass sanctions such as sending the contemnor(the person who committed contempt of court) to jail for a specific amount of time or by imposing fines on those guilty of contempt of court.
Introduction
The act empowers the Supreme Court and High Court to punish acts of contempt. The Supreme Court and High Courts being courts of record have the constitutional validity to punish for contempt of court and the Contempt of Courts Act, 1971, according to the jurisdiction. Contempt of court can be understood as an offence of defying the court authority by disobeying the instructions laid by the court. The Act defines civil contempt under section 2(a) as contempt of court means civil contempt or criminal contempt. The two types of contempt are different in character and very difficult to differentiate.
Section 2(b) of the 1971 Act not only encompasses willful disobedience to any judgment, decree, direction, order etc. of a court, it also takes in its fold a willful breach of an undertaking given to a court of law. The civil contempt is wrong of private nature. It injures the interests of the party, entitled to get benefit from the disobeyed order, whereas criminal contempt is an offence against the society where the contemnor undermines the authority of the court by his words or actions.
Section 2 (c) defines the ‘criminal contempt' as the publication (whether by words, spoken or written, or by signs, or by visible representation, or otherwise) of any matter or the doing of any other act, whatsoever which;
(i) scandalizes or tends to scandalize, or lowers or tends to lower the authority of, any court; or
(ii) prejudices, or interferes or tends to interfere with, the due course of any judicial proceeding; or
(iii) interferes or tends to interfere with, or obstructs or tends to obstruct, the administration of justice in any other manner.
Also, Article 129 and 215 of the Constitution of India empowers the court to take action against the contempt. Article 129 empowers the Supreme Court, whereas Article 215 empowers High Courts. Whereas, Section 10 of The Contempt of Courts Act, 1971 has given them special powers to the respective High Courts to punish contempt of subordinate courts.
Article 129, of the Constitution of India, states that the Supreme Court shall be a court of record and shall have all the powers of such a court including the power to punish for contempt of itself.
Article 215, of the Constitution of India, states that every High Court shall be a court of record and shall have all the powers of such a court including the power to punish for contempt of itself.
What is the statutory basis for Contempt of court?
India witnessed Pre-independence laws of contempt in India. Not only the early High Courts, but the courts of some princely states also had such laws. After the constitution was adopted, contempt of court was made one of the restrictions on freedom of expression and speech. Moreover, Article 129 of the constitution conferred on the Supreme Court the power to punish contempt of itself. Article 215 conferred a corresponding power on the High Courts. The Contempt of Courts Act, 1971, gives statutory backing to the idea.
What are the kinds of Contempt of Court?
According to Indian Law, contempt is classified it as civil and criminal. Talking about civil contempt,it is fairly simple. It is said to be committed when someone willfully breaches an undertaking given to court or someone willfully disobeys a court order. However, criminal contempt is more complex. It consists of mainly three forms:

Words, written or spoken, actions and signs that scandalize or tend to scandalize or tends to lower or lower the authority of any court.
Interferes or prejudices with any judicial proceeding.
Obstructs or interferes with the administration of justice.

Raising allegations against the individual judges or judiciary, which contributes to motives to judgments and judicial functioning and any scurrilous attack on the conduct of judges are normally considered matters that scandalize the judiciary. The reason for the provision is that courts must be protected from those attacks that lower its authority, make the public lose faith in its public impartiality and defame its public image.
Essentials of Contempt of court
To prove an offence in the court, it is very necessary to fulfil the essentials of it first. Every offence in India has certain exceptions that haveto be fulfilled for making the person liable for doing the act. To understand the requirement of fulfilling the essentials, let us go through with an example, if a person named Surya has to prove that the other person named Samiksha is the guilt of committing an act which is unlawful and an offence in the court of law. Then the liability to prove Samkisha guilty relies on Surya, which includes fulfilling the essential required to commit that act or not. Similarly, the contempt of court also has certain essentials that are as follows: 

Act of disobedience to any type of court proceedings, its orders, decree, judgment, etc. should be done ‘willfully and purposely’ in case of Civil Contempt.
Talking about criminal contempt, “publication” is one of the major things and this publication can be either in the form of spoken or written, or by words, or by signs, or by visible representation.
The action of the doer should be deliberate, and it should also be clearly disregard of the court’s order.
The court should in its best capacity, always try to make a “valid order” and this order should be in knowledge of the respondent.

What is not contempt of court?
Accurate and fair reporting of judicial proceedings will not amount to contempt of court. With these, any fair criticism on the merits of a judicial order after a case is heard and disposed of.
Truth: Defense against a contempt charge?
For the past few years, the truth was the only one that was considered as a defence against the charge of contempt. There was always an impression that the judiciary tended to hide any misconduct among its individual members in the name of protecting and safeguarding the image of the institution. The Act was amended in 2006 to introduce truth as a valid defence if it was in the public interest and was invoked in a bona fide manner.
The procedure of the court proceedings
The procedures laid as per the Contempt of Court Act, 1971 has to be followed, as mentioned in Article 129 and 215 of the Constitution of India. An individual can recourse to the following options against the contempt.

He may place the information before the court and request the court to take action.
He may put the information before the Attorney General and request him to take appropriate action.

The contemnor alleged is entitled to get a notice about the same an opportunity of being heard, before considering him guilty of contempt and passing an order. 
Punishment for contempt of court

Supreme Court and High Court are bestowed with the power to punish the contemnor for the contempt of the court.
As per Section 12 of Contempt of Court Act, 1971, the punishment for the contempt of court can be the simple imprisonment for a term which may extend to six months, or with fine which may extend to two thousand rupees, or with both.
However, in civil cases, if the court considers that a penalty is not meeting the ends of justice and that a sentence of imprisonment is necessary, then the court shall instead of sentencing him to simple imprisonment, direct that he be detained in civil prison for such period not exceeding six months as it may think fit.
The punishment awarded to an accused may be discharged on apology being made by the accused to the court's satisfaction. An excuse cannot be rejected on the grounds if accused makes it bonafide.

Limitation Period:
Section 20 of the Contempt of Courts Act, 1971 defines the limitation period within which the actions have to be taken against the contempt. It specifies that the limitation period is of one year from the date on which the contempt is alleged to have been committed.
Remedies against an order of Punishment
The Contempt of Court Act, 1971, recently witnessed an amendment in the year 2006, through, which section 13 of the act came into force. The new act is therefore termed as Contempt of Court Amendment Act, 2006. Section 13 states that contempt of court cannot be punished under certain circumstances or certain cases.
Clause (a) of Section 13 of the Contempt of Court (Amendment) Act, 2006 states that no court under this Act shall be punished for contempt of court unless and until it satisfies that the contempt is of such a nature that it tends to substantially interfere or substantially interferes with the due course of Justice.
Clause (b) of Section 13 of this Act states thatthe court has the authority to give defence on the justification of truth in cases where it finds that the act done in the public interest and the request for invoking that defence is bona fide. 
Landmark Contempt of court cases
Supreme Court Bar Association of India vs. Union of India & Anr
In this case, the judge stated that procedural factor of Contempt of court may still be regulated by the Parliament so that it could be applied in the Supreme Court and as well as the High Court. This further means that Section 12(1) of the Contempt of court Act, 1971, which states a maximum fine of Rs. 5000 and imprisonment for a term of six months shall be applicable in this case. 
Sudhakar Prasad vs. Govt. of A.P. and Ors.
This case is similar to the above-mentioned case study. In this case, also once again, the Supreme Court declared that the ultimate powers to punish for contempt are inherent and in-built in nature, and the provision of the constitution only recognized the said pre-existing situation.
However, it is important to note that the provision of contempt of court cannot be used to limit the exercise of jurisdiction given in Article 129 and Article 215 of the constitution.
Zahira Habibullah Sheikh & Anr vs State of Gujarat & Ors
In this case, it was held that the punishment that is given for contempt in the Contempt of Court Act, 1971 shall only be applicable to the High Court but for Supreme Court, it acts as a guide. As this judgment was not accompanied by rationality, this was a difficult situation as the Supreme Court has been given great powers that the drafters of the Indian Constitution has also not given. 
Conclusion
The current job identifying with ex facie contempt of lower courts is unacceptable and deluding in India. It creates the impression that clearly, challenges in such manner are the after the result of the cover of contempt powers under the Indian Penal Code, Contempt of courts Act and hatred forces of the Supreme Court and High Court under the Indian constitution. The situation has risen as more convoluted by a method of the conflicting translations finished the Supreme Court and High Court in regards to different arrangements under the Indian Penal Code dealing with interference with the administration of justice and exclusion clause contained in the Contempt of Courts Act. Not just the higher court ought to be enabled to manage hatred, yet additionally, the lower court ought to be given this force. Contempt of court whenever seen from the point of view of the appointed authorities, higher legal authorities appear to be acceptable yet in the event that it goes to the viewpoint of common people it turns towards its awful impact. 
The author of this blog/Article is Kishan Dutt Kalaskar, a Retired Judge and practising advocate having an experience of 35+ years in handling different legal matters. He has prepared and got published Head Notes for more than 10,000 Judgments of the Supreme Court and High Courts in different Law Journals.  From his experience, he wants to share this beneficial information for the individuals having any issues with respect to their related matters.




			        ""Loved reading this piece by KISHAN DUTT RETD JUDGE? 
			  Join LAWyersClubIndia's network for daily News Updates, Judgment Summaries, Articles, Forum Threads, Online Law Courses, and MUCH MORE!!""




 Join our Telegram group





 Join our Whatsapp group















Click here to Get More Content on LCI Android App











						Tags :criminal law
"
Laws governing a Knife,"
According to the case reports published by different authors, it is an understanding that knives or arms, in general, have its origin in the process of human evolution, the invention of these arms were made by humans for the purpose of hunting and self-defence. Knives from a long time have been part of the country’s culture it has been in the country in various sects or groups as the country now limited by the boundaries geographically but once was the land divided into the various kingdom.
Introduction
As the speedy progress of humanity and the growth of civilization, it became necessary to introduce laws regulating actions of the human being in society. The laws introduced in the societies by various scholars understanding the righteousness to be practised by the mankind made some action void or illegal, such actions were against the mankind, and it would result in disrupting the harmony of the society. The early end of kingships led into different revolution altogether resulting in the forming of the government. This administration was based on different philosophies and ideologies, realizing the contemplation of the world to make a better place. These authorities were formed according to the legislation for its incorporation and also derived their powers from such legislations.
The authorities were further subdivided into three parts forming the pillars on which the harmony and progress of the state will rely on, and the pillars were given authorities to make rules and regulation, to implement and watch the rules and regulation with nexus sought to be achieved for the state. It became a priority for the authorities to implement laws that were to be followed obediently, violating those would incur punishment for the person committing such an act. Many rules were written in terms of heinous crimes against mankind and were made punishable, and it came to the state’s attention that there is a need to invent legislation controlling the roots of this tree whose branches culminated into fruits of violation and brutality.
The ingredients involved- arms and ammunition to such brutality, the government understanding an urgent need to legislate the arms and its use by people or citizens of the land. Various countries made rules in this behalf according to the nature and objective the state wants to achieve through these rules. In India, as the country’s origin from the times of the British rules, modernization and literacy found its right characters in the land of scholars who decided to regulate brutal actions against mankind to be a punishable crime and legislated a charter of law enforceable by the authority to be known as Arms Act, 1959.
History of Knives Legislation
The history of knives legislation finds its origin mostly in the southern states of the United States of America, and the regulation introduced was in prohibitive nature to eliminate the use of the knife for dueling and other deadly sports between men for the purpose of entertainment.The rules made thereunder were different according to the type of knives considering the deadly nature. The knives in the early 19th century were used in the west for much reason including settlement of the dispute and other quarrels regarding land disputes among gang members. To eliminate these casual ways of settling disputes by means of killing increased on a large scale where it became a priority to curb and eliminate this practice, it was made illegal bypassing law in this behalf. This law took a major turn after the Civil War in the USA; the laws were made more stringent with regards to purchasing and possession of the knives and other arms.
The law controlling the possession and use of the arms was first introduced in the year 1878 after the first uprising in the year 1857 but the laws made in the year arbitrarily allowed the sovereign to regulate the use of an arm at their own peril. After independence, it needed to create such rules that would require the government to meet its objective.
In the year 1959, the Government of India passed an Act, i.e. The Arms Act, 1959to legislate the acquisition, possession, use and disposal of arms in India in the late 50’s by studying the use of the arms and its use during the period of the British rule in India. The scholars in the country realized the grievous effects of the use of arm.
Legislation regulating Knives
In India, the arms and ammunition are regulated by the legislation passed by the parliament known as the Arms Act, 1959 and Arms Rule, 1962. According to the provision specified and rules in this behalf states that any person who is a law-abiding citizen will be allowed to have possession of the arms by the procedure established by the law. The provision incorporated was in effect from the year 1962, though such right to possess the firearms was not made the fundamental right but was accepted in the eye of law. This Act was enforced with the aim to regulate the use of arms and eliminate the trade and use of the illegal weapon. The rule states that any person under section 4 of the Arms Act, 1956 read with rules in Arms Rule, 1962 should not by any way acquire, possess, sale and use any arm or firearm whereby such arm is sharp edged and deadly by its very nature such as swords (including sword sticks), Dagger, Bayonets, spears (including lances and javelins), battle-axes, Knives (including Kirpan and khukeris) or any other arms whereby such arm has a blade which 9” longer and has wide breadth up to 2” broader for any purpose other than the purpose of domestic, agricultural, scientific, Industrial purposes, steel baton and all other weapons which are termed as “Life Preservers machinery used for making arms category other than 3 and any other weapon notified by the Central Government under section 4. 
The use of knives in the way used or if such knives result in creating a disturbance or ruptures in any way the public tranquility, peace or if such piece of weapon creates an environment of fear would also be charged under the Criminal Procedure Code, 1973.
The use of any other weapon by any person by way of showing it or threatening it or to gain any undue advantage even without the intent of harming such person or group of such persons will be charged under section 425 of the Indian Penal Code.
Such a person will also be held liable under section 268 of the Indian Penal Code under an act of public nuisance if such blade or knives creates such a situation. According to various laws made under the Indian legislatures, such as Indian Penal Code, 1860 and Criminal Procedure Code, 1973.
Types of Knives
There is a list of knives mentioned in the list or schedules under the Arms Rules, 1962 that specifically mentioned and prohibited by the Government following:

Swords:The long metal bladeconsists of sharp edges sometimes on the inner and outer edges use of thrusting and attacking with force to cause an injury to someone in the act of war.This head in the rules also prohibits the swords sticks which are basically a walking stick or any stick mainly having a wooden covering from outside and blade or sword inside. Such sticks basically look like a walking stick.
Dagger:Dagger is typically a small knife which is used for stabbing some because of its double-edged sharpness on both the side of the metal blade makes a perfect knife for causing serious injury to person or animal.
Bayonets: The Bayonets are the type of knives that are typically seen on the rifle, it was majorly used by the armies or land warriors where they used this knife at the time for their defence. Such knives are now prohibited by the government.
Spears: A pointed blade used by the warriors that are made in way to cut the pressure of the air so as to hit the target by throwing it from a distance. It also tied or affixed to a wooden bamboo to kill someone at a distance.

Kirpans in India
A kirpan is a sword or knife that has special permission given by the Constitution of India, Article 25(2) (b) of the Constitution of India allows the carriage of Kirpan by the person who identifies himself/herself as Sikhs. As secularism forms an inevitable part of the Indian Constitution that provides to recognize the land will practice no religion symbolically of the country but such every religion will be accorded with the same reverence as to any other religion without any distinct nature of minority or majority. Further, the article also states that every person will be allowed and is free to practice, propagate and profess about his religion and recognizes every religion in its entirety with no modifications unless necessary.
Sikhs is one sect people originally from the northern part of the Indian Subcontinent. As per the Sikhism, tradition is practised, and it is vitally important for the people of this sect to follow the cultural identity in the way they practice, profess and propagate their religion. There is in a total of five articles compulsory as per the Sikh ideology to wear in a way to justice the religious necessity such as:
1. Hair covered by the turban.
2. Kara (a steel bracelet)
3. Kanga (a small wooden comb)
4. Kacchera (undershorts)
5. Kirpan (a small knife or sword)
A Kirpan is basically an article of faith in the Sikhism, and the word Kirpan has derived from two words, i.e. Kirpa and Aan, that literally means an act of kindness and self-respect respectively. This is symbolic of a belief that every person practising Sikhism should be generous and should always be protecting his/her self-respect. In Sikhism, the Kirpan has no specific size or requirement it depends upon the person who carries the Kirpan except it’s should sheathe and worn with a strap.
The Indian legislation, regulates the rules and regulation for the Kirpan, such that the Sikh or by any person without the authority of the Government or by any provision of the law will not be allowed to manufacture and sale the Kirpan. Though the word Kirpan has not been defined in the Arms Act but such arm will be included in the meaning of the sword. Under the precedence set by the Magistrate Court in,The Crown v/s Basta Singh, (1922) I.L.R III Lah. 437 wherein a Sikh was arrested under the charge of manufacturing and sale of Kirpan under section 19 (a) of Arms Act and presented before the Magistrate where the person arrested was released by the Magistrate by stating the reason that as per schedule 2 of the Arms Rules, a person identifying himself as Sikh will be allowed an exemption from prohibition regarding the manufacturing and sale of Kirpan. According to the new rules, any person though allowed to carry Kirpan in as an exception to the rule of carrying a knife in the country has limited and regulated with reference to its and size and shape.
Self- Defense legislation in India
An act of self-defence can be said as an act to protect oneself from any person willing to or by committing such an act which may result in the one’s death. The pardoning for any act where the person seriously injures or sometimes such injuries led to the death of that person came in the society in the medieval period, at such time to pardon such action it was at the sole discretion of the King. This was an attempt made by the administration and scholar who developed a sense of common understanding of the revolt of humanity against such crimes. In the case of the Brown v/s United States of America, Justice Holmes stated that it would more grievous crime committed by the states if such person would in turn for saving his life commits any action or cause any injury to a person willing to kill, would be allowed a pardon by the court of law. The principle of the uplifted knife is to be understood in the context of protection from such attacks but then such decision will be on the sole discretion of the court and might differ depending on the facts of the case.
In India, action of self-defence is considered as rightful action against the crimes that take place against mankind, it is governed by the Indian Penal Code. The IPC under sections 96 -106 covers the act of self-defence, there is various interpretation of a situation where acting to save one’s life would be a timely demand and committing any action pursued immediately in the phases of terror would be allowed a pardon. Such consideration based on the principle of “Necessity Knows No Law” it specifically states that if a situation arises were following a legal procedure to save his/her life would be terrible or delayed choice of action then such person can commit such act to mitigate the loss that will be caused to him/her, in turn, if such situation turns fatal then the court will have sole discretion depending on the facts of the case and evidence presented to recognize the eligibility of the action by an individual for pardon.
Though such action is due for pardon by the court carrying knife for such act is prohibited, the law states that any person carrying any arm or knife for such reason which does not comply with the requirement with regards to its shape and size will not be allowed for any such reason.
The Act states that any person in India will not be allowed to carry a knife which more the 9” long metal blade and 2” wide in size and such knife should be fancy in the way to be threatened by the public at large.
In the case of Malti Devi Singh & Others v/s The State of Uttar Pradesh, whereby the accuser’s conviction of causing injury to the respondent while acting in self-defence was considered by the court under the principle of the uplifted knife, the court set aside the order of the lower court for the appellant’s conviction provided a legal theory by an eminent jurist the Justice Holmes who stated that “a detached reflection cannot be demanded in the presences of an uplifted knife, the appellant.
Conclusion
In India the parliament has enlisted detailed laws regulating the states and action of citizens, in the above article, it was discussed at length various rules formed with due consideration for the use of arms. As the development is a concern, it is important to maintain the harmony of the state as the paramount interest of the administration, where any kind of fatal contemplation has to be avoided by way of legislating its use and other aspects relating to the commodity. The Indian legislature promulgates fairly codified provision enforceable in the country regulating the all the aspects of arms and ammunition. As this article discusses at lengththe permission to carry a knife with due consideration to the laws and provides a brief about the curtailment of the usage of knives. The rationale provided for prohibition suggests the procuring step in understanding the future recourse regarding such arms, as amendment still suggest the adaptability of the Act to limit the use of arms, for any purpose other than the qualified use as recognized by the states.
The article mainly covers the aspect of usage of Knives with its exception in recognizing the need to curb the sale and usage of it in any other illegal ways or for such purpose which is with intent to disrupt the public tranquility. The article also includes the exception provided by the state in this behalf and illustrates the understanding with regards to the case laws emphasizing that every exception has its onus upon the person who pursues such exception or requires the exceptional context to be considered for use that is in violation of the stated provision.
Lastly, it clears the understanding that the use of knives in any way has been prohibited by the Arms Act, 1959 read with Arms Rule, 1962, further the act in itself require a modification many aspects, but it may stay stringent with the rules made regulating the manufacture, sale, possession, use and trade in the way of the knife.
The author of this blog/Article is Kishan Dutt Kalaskar, a Retired Judge and practising advocate  having an experience of 35+ years in handling different legal matters. He has prepared and got published Head Notes for more than 10,000 Judgments of the Supreme Court and High Courts in different Law Journals.  From his experience, he wants to share this beneficial information for the individuals having any issues with respect to their related matters.




			        ""Loved reading this piece by KISHAN DUTT RETD JUDGE? 
			  Join LAWyersClubIndia's network for daily News Updates, Judgment Summaries, Articles, Forum Threads, Online Law Courses, and MUCH MORE!!""




 Join our Telegram group





 Join our Whatsapp group















Click here to Get More Content on LCI Android App











						Tags :criminal law
"
Medical negligence and its Compensation,"
Medical negligence in India has increased tremendously in the past few years. In recent times, the Indian Society is experiencing a growing awareness regarding the patient’s rights. Since the Consumer Protection Act, 1986, has come into force, patients are able to file legal cases against doctors, by establishing that they were negligent in providing medical service.
Negligence is an act carelessly done by a person resulting in damages to the others. Negligence is an offence under the law of tort, Indian Penal Code, Indian Contracts Act, Consumer Protection Act (CPA), and so on. Medical negligence is basically the misconduct by the medical practitioner by not providing services and hence resulting in a breach of their duties towards patients.
Negligence is the violation of a legal duty to care. Breach of this such duty gives the patient the right to initiate action for injury caused due to negligence.
The rise in Medical Negligence Litigation
Recently, a survey was conducted by the National Law School of India University (NLSIU), Bengaluru that stated numbers of reasons that contributed to the growth of medical negligence litigation. According to the guest speaker present in the NLSIU, Sairam Bhat, associate professor and coordinator, Distance education department, and CEERA, NLSIU, Bengaluru, there are four major reasons for the growth of medical litigation which primarily includes greater consumer awareness, the cost involved in medical facilities, a lot more flexible consumer forums, and the mind-set regarding litigation among the population.
Bhat further mentioned, consumers are becoming increasingly aware of their rights as well as their duties and responsibilities and are ready to combat any deficiency in service delivery mechanisms. With the introduction of consumer forums, it has become very flexible for the consumers to lodge complaints and initiate legal proceedings. This is a much simpler process then registering a complaint in a civil court. There have been cases where the consumer has been seen fighting his own case, rather than advocates.
As the cost of healthcare has witnessed a huge jump, expectations from the medical institutions are grown too. Medical negligence cases are filed for the smallest negligence in delivering justice. Research studies suggest that cases of medical negligence have gone up by 400% in the last decade. 
Compensation- A remedy
There are different kinds of remedies available to the victim of medical negligence which varies depending on the structure of the case. In some cases, the victim’s family may be awarded a huge amount of Compensation, and in some cases, the doctor is given a warning or the license of the doctor is cancelled.
Talking about Compensation, it is one of the most common type of remedies available to the patients when they complain regarding medical negligence in the consumer forums. The punitive damages and limitless financial Compensation often imposed for medical errors in developed countries may have some inherent flaws. In India, however, healthcare is assumed to be regulated by a quasi-judicial medical council that has failed to safeguard the patients against the widespread negligent and irrational treatment by the doctors. Therefore, large payouts awarded by the courts of law remains the only way to instill accountability for wayward doctors and save lives. Compensation became a major and hot topic in the country after the Supreme Court of India awarded more than Rs.11 crores in damages including interest against several doctors and a private hospital based in Kolkata for the wrongful death of the patient. This has been the biggest payout in Indian Medico legal history. Till now, the courts have generally been awarding Compensation ranging between INR 3,00,000-6,00,000, and often less, which has failed to have any deterrent on affluent doctors and hospitals. 
Let us first understand the Kunal Saha Case:
Kunal Saha Vs. AMRI Case
This complaint was filed by KunalSaha for his wife, AnuradhaSaha, who died at the age of 36 due to the sheer negligence of doctors in Kolkata.
Itis one of the most significant case law pertaining to medical negligence in India.KunalSaha, a doctor by profession himself, filed a case against the doctors of AMRI hospital in Kolkata. However, after his petition was dismissed in Calcutta High Court and West Bengal Medical Council, he went to the Supreme Court of India. After a proper investigation, the Supreme Court directed the hospital and the doctors to pay a compensation of INR 5.94 crores along with interest, i.e. INR 11 crores. This is the maximum amount that has been awarded as Compensation for medical negligence.
For the grant of Compensation as a legal right, which is a tort liability to be curbing in medical negligence, it should be able to serve at least two purposes. Firstly, it must be calculated in such a way that it provides adequate financial support for the victim’s family (Compensation) to fill the irreversible vacuum created by the wrongful death as best as possible. Secondly, perhaps most important, is that the award must act as a brake against future negligent behaviour by other doctors and hospitals.
Negligence and Compensation to the Victim
The Supreme Court of India has recently relaxed the norms for the medical faculty regarding criminal liability for medical negligence with the help of adding the requirement of “gross” medical negligence. However, the court has recognized the culpability of doctors through the process of civil liability in which the victim or the family of the victim is awarded higher compensations.
The emergence of high compensation awards for medical deficiency claims in India has resulted in apprehensive speculation regarding the result that such remedies may have on the manner in which doctors practise medicine within India and how this process translates into rising costs for the patients. While some assume a consequent rise in frivolous litigation, others put forward the point that healthcare sector should be regulated with more stringent laws and that huge amount compensations will push doctors to not be negligent any more towards their patient. The way recent cases are being heard and awarded huge compensations, there certainly lies the uncertainty of whether this encourages the beginning of increasing medical negligence litigation and the practise of defensive medicine, or there is the need to modify the way in which medical negligence issues are currently being addressed in India.
Moreover, India’s healthcare system is accountable for and regulate private which includes individual and corporate, public, and not for profit hospitals within its framework. In addition to these, the Indian government is also responsible to ensure universal and all time access of healthcare to the general public through its public sector. It is therefore, important for the judiciary to balance the interests, rights, and duties of all the concerned parties.
The decision to take a legal action against a medical practitioner is determined by not only the original injury, but also by poor communication and insensitive handling after the original incident. Therefore, the patient who alleges medical negligence can resort to any of the following legal remedies.

A complaint can be made to the State Medical Council.
The patient can file a case before the Consumer Court.
A complaint can be filed before the Civil Court.
The patient who has alleged medical negligence can file a case citing “gross” negligence of the medical practitioner.

Our article talks about the Compensation that can be only avoided by the Consumer Court or by the Civil Court and therefore our discussions shall stick to the same. This article mainly talks about the Compensation awarded to the victim or kin of the victim when a medical negligent act takes place. It further puts forward the points in favour of “larger compensations” and also gives detailed analysis that why Compensation is yet a simpler and easily given through which a victim can live a normal life. Collectively, the article talks about how medical negligent issues are addressed in a country which has the second highest population of the world and one of those countries, which considers the medical faculty as one of the most prominent role models.
Calculation of Compensation in a Medical Negligent Case
In the Indian Common law, the basis of computing compensation for any case lies on the legal principle of “restitutio in integrum,” which when translated means, that the person who is seeking damages due to a wrongful committed him/her is in the position that he/she would have been had the wrong not been committed. This implies that the victim or the family of the victim needs to be compensated for financial loss as well as other loss caused by doctor’s or hospital’s negligence, future medical expenses, and any pain and suffering that is endured by the victim.
The court of USA have a jury system that determines culpability or quantum of Compensation, but unfortunately, the same scenario doesn’t exist in our country. In India, the judge in the civil court or the consumer court has the complete discretion over the compensation amount and hence is bound or forced to consider the impact of the judgment because he/she sets a precedent even in the manner and quantum of damages awarded. The case laws like Dr. Balram Prasad vs. Kunal Saha and Rajesh and Ors. Rajvir Singh V and Ors correctly speaks about how Compensation is inconsistent and is one of the biggest problem that the healthcare sector of India is facing. It is important to consider every case independently because it would be incorrect to not give the facts of every case’s situation due importance. However, this not only increases the unpredictability but also the scope of discretion provided to the judge in such situations.
The Supreme Court noted that, “The lack of uniformity and consistency in awarding Compensation has been a matter of grave concern… If different tribunals calculate Compensation differently on the same facts, the litigant, the claimant, the common man will be perplexed, confused, and bewildered. If there is significant divergence and similarities among tribunals in determining the quantum of Compensation on similar facts, it will lead to distrust and dissatisfaction in the system.”
In most of the medico-legal cases, the defendants have asserted that the method to determine the Compensation ought to be the “multiplier method”. The main and principal argument in favour of using such a method is it at least gives uniformity and predictability. Furthermore, doctors and hospitals will not be compelled and order to pay large sums of money to compensate for negligence.
Talking about the history of the multiplier method, it was first created to facilitate awarding Compensation in relation to motor vehicle accidents to calculate “no-fault” liability. Therefore, it only stands for the loss of income of the victim only. The sum is calculated according to the “multiplicand” that is, victim’s salary minus the amount he spends on himself for the treatment, and the “multiplier”, that is, the total number of years, that the victim would have earned his salary. The multiplier is calculated by taking into account the average life expectancy, the number of years that the victim will be unemployed, the victim’s age and any other factors concerning the victim’s health. The common formula for the calculation of Compensation is ((70-age) x annual income + 30% of for inflation – 1/3 expenses).  Defendants say that this is the figure that will adequately calculate the loss incurred, and therefore this method can be utilized for the calculation of medical negligence cases.  However, the argument here is that, Compensation solely based on the income of the victim is not ethically correct. It simply means that medical negligence causing death or injury to a wealthy person is much more worth when compared to medical negligence that impacted an unemployed individual or homemaker or a child or senior citizen. Therefore, being legally unethical, the Supreme Court declined the dependency of calculation of Compensation on the multiplier method for medical negligence. Addition to these, the Supreme Court, added other dimensions for the calculation of Compensation which included medical costs incurred by the victim during the litigation, cost of any future medical expenses, Compensation towards mental agony and physical pain, and Compensation toward loss of litigation and consortium.
Still, there are few problems, that judges face while awarding Compensation in medical negligence case which includes:

The law is required to protect a patient’s right.
The law is also responsible to provide due autonomy to a profession that by all definitions are an inexact science.

However, the process of calculating Compensation for medical negligence is very uncertain and unpredictable as it varies hugely across different cases, courts and tribunals resulting in loss of faith on the courts, protracted litigation and also the frequent appeals.
Argument in favour of Compensation
A person who has suffered medical negligence has the liberty to decide how they would like to address the problem. If it is the accountability they seek, they can approach the state medical council. But if the victim or the family of the victim is thinking of  compensation, they can lodge a complaint before the Civil or the Consumer Court. However, the Compensation is considered an ideal remedy for medical negligence because it acts as retribution towards the negligent medical faculty, insurance to the victim and as an example or deterrent to other doctors and hospitals.
1. Coverage of expenses of the Victim
Compensation as a legal remedy to the victim of medical negligence provides with resources as they help to cover medical costs, future medical expenses, cost of litigation, loss of income etc. only when they prove that the doctor or hospital in the case was negligent. This arrangement attempts to ensure that the victims are financially strong for allowing them to bear the consequences of medical negligence, be it injury or wrongful death.
2. Deterrence
Large compensation amounts penalizes the doctors heavily. Therefore, there are chances that the doctors would be more careful as one case could result in grave losses. Large Compensation which sometimes also includes punitive damages will result in incentivizing allocation of resources towards safety. Moreover, it acts an expression of the community’s indignation toward an abhorrent crime and therefore also imposes a civil action against it. Also, large Compensation could act as a civil enforcement mechanism because it rewards the complainant for initiating litigation and thereby supplements the criminal justice system.
3. Retribution
The compensation amount that will be imposed by the court for the doctors and hospitals will be based on the determination of the liability and the judge’s discretion or direction regarding the same. This further ensures that parties which are guilty of negligence are made to pay for their actions.
The Purpose of Medical Settlement
The reason for medical Compensation through medical settlement is done to make the client whole again. It is intended to compensate them for any medical and personal costs occurred due to the injury caused during the process of treatment. In serious cases, the remedy includes compensation to offset the cost of care for the person and lifetime of lost earnings. In some cases, it might include the cost of modifying the client’s home to let them continue to live there, medical assistance from already paid caregivers or someone who quit a job to take care of them, and new vehicles that the disabled person can drive.
There are also cases, where the compensation to the victim or to the victim's family is awarded only after the claimant is able to gain back the mental function after a negligence case. In a type of case where mental impairment is involved, there are chances that additional damages are also claimed, to support the victim’s family. This also holds true when childbirth injuries occur, or pregnant women suffer from negligence or mistakes from doctors or medical staff or any other third party associated with the healthcare facility.
Conclusion
There is a need to assess the way wherein India decides to address medical negligence. Notwithstanding the dread of protective medication, expanding protection premiums and ascend in costs for patients, it is time we know about the inequity that the current framework sustains. Systemic deficiencies such as heavy litigation costs, delayed and protracted litigation, as well as dependence on judicial discretion, do not give adequate equity justice to victims and could harm doctors and hospitals as well.
In a nation where there is (an) a horrifying interest in wellbeing, (b) the nonappearance of Human Resources, (c) an enormous hole among urban and rustic human services, and (d) poor political will to improve the wellbeing segment, it is shrewd to actualize a no-deficiency risk framework inside the general wellbeing area and furthermore to have tops on the sorts remuneration after exploration and conversation. The administration needs to act and put resources into medicinal services before it is past the point of no return. India needs to upgrade the current arrangement of tending to medical negligence utilizing the entirety of the previously mentioned arrangements successfully.
The author of this blog/Article is Kishan Dutt Kalaskar, a Retired Judge and practising advocate  having an experience of 35+ years in handling different legal matters. He has prepared and got published Head Notes for more than 10,000 Judgments of  the Supreme Court and High Courts in different Law Journals.  From his experience he wants to share this beneficial information for the individuals having any issues with respect to their related matters .
The author can also be reached at kalaskarnetra@gmail.com




			        ""Loved reading this piece by KISHAN DUTT RETD JUDGE? 
			  Join LAWyersClubIndia's network for daily News Updates, Judgment Summaries, Articles, Forum Threads, Online Law Courses, and MUCH MORE!!""




 Join our Telegram group





 Join our Whatsapp group















Click here to Get More Content on LCI Android App











						Tags :criminal law
"
Criminal Procedural Code: Case Law - Rhea Chakraborty vs. State of Bihar,"
(After many jurisdictional arguments, Supreme Court has stated that the exercise of Extra-Jurisdictional act taken by Bihar Police appears to be in order, due to the nature of allegations that were made in the case.)
Bench: Hrishikesh Roy J
Issue: The issue is based on the unnatural death of the late-actor Sushant Singh, whose death is mysterious, which was declared as a suicide but certain allegations claim his death to be a murder and ask for CBI investigation, as the investigation of Mumbai Police is not conducted in relevance to allegations raised.
Petitioner: Rhea Chakraborty
Respondent: State of Bihar
Facts:
• The case is based on death of Sushanth Singh Rajput, a popular bollywood celebrity. His death was reported as Suicide, but many allegations and issues were raised claiming that his death wasn't a suicide, instead it was a murder.
• Rhea Chakraborty, the late-actor's girlfriend is accused under some sections of CrPC by the respondents, State of Bihar and father of the late-actor.
• Petition keeps on stating about the jurisdiction and that Patna police does not have any right to interfere in the case.
• According to the Constitution of India, police falls under the state list in the 7th Schedule, therefore investigation of a crime should be conducted by the concerned state police.
• A major suspicion rose because of Mumbai police is more concerned about obstructing and hinder Bihar police to enter Mumbai.
• Mr.Vikas Singh has made some serious allegations referring to CrPC, on the petitioner in the FIR registered.
• Major arguments related to the case is whether the Patna police has the Jurisdiction to investigate the case or not?
Petitioner's Contention:
Rhea Chakraborty, an actress in bollywood was in live-in relationship with Sushanth Singh who is the subject of the case, whose death is said to be mysterious. His girlfriend Rhea is the petitioner, she has stated that Mumbai Police can take actions and competent enough to investigate the case for which the FIR is filed in Patna. She contends that as everything has happened inside the jurisdiction of the State of Maharashtra, all the procedures relating to the case should have taken place with the Bandra Police Station, as it is the place according to the jurisdiction of the incident that has taken place. She has mentioned that the registration of the complaint in Patna is entirely because of the Politics played by Bihar Police Authority. The Learned Senior Counsel for the petitioner has repeatedly argued that Patna police has no power to enter in this case, therefore their prayers in the case does not need to be granted as it would not amount to a Lawful Consent of the Consent as per Section 6 of the Delhi Special Police Act, 1946. The petitioner has also mentioned that she has co-operated for the enquiry and she has no objection in the case getting transferred to CBI. The petition side has stated that every offence either cognizable or non-cognizable offence, should be tried by the court which is present in the local jurisdiction. Most importantly, if another state is allowed to enter, everyone will get an option to choose which will damage the federal structure of the nation.
Respondent's Contention:
Learned Senior Counsel of the Respondent side has accused Mumbai Police, by stating that they have suppressed the real facts of the case and did not conduct the investigation properly. Superintendent of Police, Patna was quarantined after he reached Mumbai, this is clearly a non-cooperative which brings the suspicion. The investigations conducted by the police of Mumbai were not in accordance to the allegations which were made in the complaint. Mr. Vikas Singh the 2nd respondent of the case is personally connected to the case as he is the father, so expecting a fair investigation from his part can be justifiable. The complainant contends that the Mumbai Police is simply painting the truth to disappear to make the real culprits escape from what they did and also with political pressure.
Judgment:
Supreme Court has said that it does not have any power to come to conclusion with the evidences that are present now, and cannot decide whether it was a murder or suicide. The Court has also ensured that it should maintain public confidence and justice, by invoking the powers conferred by Article 142 of the Constitution. The Court has stated that any future cases that arise on the death of the late-actor, CBI will be the body that would investigate.




			        ""Loved reading this piece by Karthi ? 
			  Join LAWyersClubIndia's network for daily News Updates, Judgment Summaries, Articles, Forum Threads, Online Law Courses, and MUCH MORE!!""




 Join our Telegram group





 Join our Whatsapp group















Click here to Get More Content on LCI Android App











						Tags :criminal law
"
National Investigation Agency (NIA) & its functions,"
NIA deals with terrorism & such offences
The National Investigation Agency Act provides for creation of the National Investigation Agency (NIA) in the country.
The NIA Act was enacted in the aftermath of the Mumbai terrorist attacks of 2008. The enactment of NIA Act in fact was a course of action perilously close to crossing the constitutional limits because policing is a state subject under the Constitution. No central police force could be established except having the Central Bureau of Investigation (CBI) which is acting as a substitute for a national police force at times as police is not a union subject for law making. However there has been a plea for enacting a CBI Act for creating a national police force which did not go much forward.
NIA is the only federal agency in the country, along the lines of the Federal Bureau of Investigation (FBI) in the United States of America. NIA is much more powerful than the CBI though its resources and facilities are quite limited.
Objective of National Investigation Agency (NIA)
The broad-based objective of the NIA is to investigate and prosecute offences affecting the sovereignty, security and integrity of India, the security of State, friendly relations with foreign States and offences under laws enacted to implement international treaties, agreements, conventions and resolutions of the United Nations, its agencies and other international organizations and for connected and incidental matters.
NIA has powers to take suo motu cognizance of terror activities in any part of India. The agency can register a case, enter any state without permission from the state government, and investigate and arrest people. The CBI does not have this power and privilege.
Amendment of the NIA Act in 2019
The NIA Amendment Act in 2019 expanded the type of offences that NIA could investigate and prosecute.
The agency can thereon investigate offences related to human trafficking, counterfeit currency, manufacture or sale of prohibited arms, cyber-terrorism, and offences under the Explosive Substances Act, 1908. The amended Act empowers the agency to investigate offences committed outside India, subject to international treaties and domestic laws of other countries. The amendment enables the central government to designate Sessions Courts as Special Courts for NIA trials, in consultation with the Chief Justice of the State.
The Unlawful Activities (Prevention) Amendment (UAPA), passed in 2019, authorizes an NIA officer to conduct raids, and seize properties that are suspected to be linked to terrorist activities without even taking prior permission of the Director General of Police of a state. What the investigating officer requires is the sanction from the Director General of NIA alone.
What offences the NIA investigates into
The NIA can investigate and prosecute the offences coming under the following Acts:

The Explosive Substance Act, 1908
The Atomic Energy Act, 1962
The Unlawful Activities (Prevention) Act, 1967
The Anti-Hijacking Act, 1982
The Suppression of Unlawful Acts against Safety of Civil Aviation Act, 1982
The SAARC Convention (Suppression of Terrorism) Act, 1993
The Suppression of Unlawful Acts Against Safety of Maritime Navigation and Fixed Platforms on Continental Shelf Act, 2002
The Weapons of Mass Destruction and their Delivery Systems (Prohibition of Unlawful Activities) Act, 2005
The offences under the Sections 121 to 130, Sections 370 & 370A, and Sections 489-A to 489-E of the Indian Penal Code,  1860
The Section 25 of the Arms Act, 1959
The Section 66F of the Information Technology Act, 2000

Investigation of Offences under NIA Act
NIA Act prescribes some procedures for investigation in addition to following the procedures stipulated in the Criminal Procedure Code, 1973 (CrPC)
On receipt of and recording of information under Section 154 of the CrPC relating to any Scheduled Offence, the officer-in-charge of the police station shall forward the report to the State Government. The State Government in turn should forward the report to the Central Government as expeditiously as possible.
On receipt of the report from the State Government, the Central Government shall determine on the basis of information made available by the State Government or received from other sources, within fifteen days from the date of receipt of the report, whether the offence is a Scheduled Offence or not and whether, having regard to the gravity of the offence and other relevant factors, it is a fit case to be investigated by the NIA.  If the Central Government considers that the offence is a Scheduled Offence and is fit enough to be investigated by the Agency, it shall direct the Agency to investigate the offence.
Where any direction has been given as above, the State Government and any police officer of the State Government investigating the offence should not proceed with the investigation and should transmit the relevant documents and records to the Agency.
However, till the Agency takes up the investigation of the case, it shall be the duty of the officer-in-charge of the police station to continue the investigation.
Centre’s suo moto power to direct investigation
The NIA could take over cases if they fall under the offences mentioned in the Schedule of the NIA Act. There was no need for the Centre to seek the permission of the state governments as the law empowers the Centre to suo motu investigate the offences scheduled in the act.
As per the 2019 amendment, the powers, functions and privileges that the state police officers have in regard to the investigation of offences listed under the NIA act can be exercised by the NIA as well. That means the agency can make arrests directly in the states without seeking the assistance of the state agencies.
Special Courts under NIA Act
The Central Government has powers to constitute Special Courts for any area, or for such category of cases, by notification. The Central Government’s decision as to the jurisdiction of the court shall be final.
The judge who presides over the Special Court shall be appointed by the Central Government. The NIA may make an application to the Chief Justice of the High Court for appointment of a Judge to preside over the Special Court. On receipt of such an application, the Chief Justice shall, as soon as possible and not later than seven days, recommend the name of a judge for being appointed to preside over the Special Court. On the recommendation of the Chief Justice of the High Court the central government will make appointment of the judge.
The Central Government can, when required, appoint an additional judge or additional judges to the Special Court, on the recommendation of the Chief Justice of the High Court.
A Sessions Judge or an Additional Sessions Judge in any State is qualified for appointment as a judge or an additional judge of a Special Court. The attainment of the age of superannuation in the parent service by a person appointed as a judge or an additional judge of a Special Court shall not affect his continuance as such judge or additional judge, provided the Central Government directs that he shall continue as judge until a specified date or until completion of the trial of the case or cases before him.
The judge of the Special Court can issue written orders from time to time for distribution of business of the Special Court among all judges, including himself and the additional judge, and for the disposal of urgent business in the event of his absence or the absence of any additional judge.
Appointment of Public Prosecutors
The Central Government shall appoint a person to be the Public Prosecutor and may appoint one or more persons to be the Additional Public Prosecutor or Additional Public Prosecutors. The Central Government may also appoint for any case or class or group of cases a Special Public Prosecutor.
A person shall not be qualified to get appointed as a Public Prosecutor or an Additional Public Prosecutor or a Special Public Prosecutor unless he has been in practice as an Advocate for not less than seven years, or has held any post, for a period of not less than seven years, under the Union or a State, requiring special knowledge of law.
Every person appointed as a Public Prosecutor or an Additional Public Prosecutor or a Special Public Prosecutor under this law shall be deemed to be a Public Prosecutor under the CrPC.
Procedure and powers of NIA Special Courts
NIA Special Court may take cognizance of any offence, without the accused being committed to it for trial, upon receiving a complaint of facts that constitute an offence or upon a police report of such facts.
Where an offence is punishable with imprisonment for a term not exceeding three years or with fine or with both, the Special Court may try the offence in a summary way in accordance with the procedure prescribed under Sections 263 to 265 of the CrPC.
In the course of a summary trial if it appears to the Special Court that the nature of the case is such that it is not desirable to try it in a summary way, the Special Court shall recall any witnesses who may have been examined and proceed to re-hear the case in the manner provided by the CrPC for the trial of such offences not amenable to summary trial proceedings.
In the case of any conviction in a summary trial it shall be lawful for a Special Court to pass a sentence of imprisonment for a term not exceeding one year and with fine which may extend to five lakh rupees.
NIA Court has powers of a Court of Sessions
The NIA Special Court shall, for the purpose of trial, have all the powers of a Court of Session and shall try such offence as if it were a Court of Session in accordance with the procedure prescribed in the CrPC for the trial before a Court of Session.
Every case transferred to the NIA Special Court shall be dealt with as if such case had been transferred under section 406 of the CrPC  to such Special Court.
NIA Special Court may, subject to the provisions of section 299 of the CrPC, for reasons to be recorded by it, proceed with the trial in the absence of the accused or his pleader and record the evidence of any witness, subject to the right of the accused to recall the witness for cross-examination.
Appeal against NIA Court orders
An appeal shall lie from any judgment, sentence or order, not being an interlocutory order, of a Special Court to the High Court both on facts and on law.
Every such appeal shall be heard by a bench of two Judges of the High Court and shall, as far as possible, be disposed of within a period of three months from the date of admission of the appeal.
No appeal or revision, except as provided above, shall lie to any court from any judgment, sentence or order including an interlocutory order of a Special Court. However an appeal shall lie to the High Court against an order of the Special Court granting or refusing bail.
Every appeal shall be preferred within a period of thirty days from the date of the judgment, sentence or order appealed from. The High Court can admit an appeal after the expiry of thirty days, but not later than ninety days, if the appellant convinces the court sufficient reason for not preferring the appeal within thirty days. 
Chhattisgarh Government’s Petition
The state government of Chhattisgarh filed a petition stating that the NIA Act, in its present form, not only takes away the state’s power of conducting investigation through police but also confers unfettered discretionary and arbitrary powers on the Centre.
In its plaint, the state argues that police was under the state list and Parliament was not competent to pass a law like the NIA Act. The state government says that the NIA Act took away the state’s powers to investigate crimes. There are no rules governing the exercise of Centre’s powers under the Act, making the law arbitrary. As the law does not provide seeking consent of the state government before operating in its jurisdiction, it violates the federal principle enshrined in the Constitution.
Chhattisgarh’s plaint challenges the entire NIA Act and not just the 2019 amendments alone.




			        ""Loved reading this piece by Adv K Rajasekharan? 
			  Join LAWyersClubIndia's network for daily News Updates, Judgment Summaries, Articles, Forum Threads, Online Law Courses, and MUCH MORE!!""




 Join our Telegram group





 Join our Whatsapp group















Click here to Get More Content on LCI Android App











						Tags :criminal law
"
"Critical Analysis of The Fake News (Prohibition) Bill, 2019","
INTRODUCTION:
With time, as is settled principle and is evident; as law of nature changes, so does there is requirement of reforms and amendments with introduction of new laws to control infringement of rights, privacy or individuals.
In the current changing scenario, if we try to look behind almost seven decades ago, time was very different, there being not much development in technology and advancement, growth and development. Publications normally used to be in the form of print media, news channels especially after introduction of television and on radios.
With time, developments kept going on and these developments especially on the technological front made mass development with introduction of computers, internet, social media, networking websites which crept in and made way in lives of people.
The fact cannot be sidelined and ignored that with development, lives, life pattern, life style of people has changed a lot, thus people becoming more tech-savvy and it cannot be ignored that lives of people has been now more nucleus and concentrated and attached to few things especially media and communication systems, which rather could be said are playing important roles in the life of people.
In a generalized way it can always be said normally nowadays that any information is a news. Not necessary that it is specifically related to any specific filed; be it politics, medical science, engineering, law, publications, business or otherwise.
It’s a matter of great concern that with time, as said the development and especially the technological development and introduction of gadgets have crept in life of people thus every normal person has an access to anything irrespective whether it’s good quality subject or otherwise.
Time and again, as it was said earlier in old era it depends on the quality of life you live, the trend changed remarkably and people now prefer a easy going life.
It’s a known fact that ""where there’s a heap of gold, there’s always a thief"". Similarly, where there’s development, there’s a hole and likewise, there are opportunists waiting for opportunity to make out profit; no matter whether someone suffers or not.
These opportunists cannot always be said to be good trader or businessman but more likely are offenders playing with lives of people with malice. To attract people to the beehive they always portray picture which entice masses to fell prey to things. Such items can be in the form of news, promotion campaigns and is not limited or restrictive to one; thus affect lives of many.
The phrase ""Grass is always green on the other side of the mountain"" comes true, when people fell prey to such fake news, promotion campaigns; etc.
Trends change; so does law of society. As time is getting modern; people are finding ways to commit offences in an elite way using technology. Thus, the need of the Bill introduced by Government of India i.e. The Fake News (Prohibition) Bill, 2019.
OBJECTIVE OF THE BILL:
The advent of modern technology has caused a shift from traditional news reporting in print, broadcast media and the internet, especially on social media platforms. We hear and read the phrase ""fake news"" every day. Fake news creates impression and beliefs based on false premises leading to division, misunderstanding and further exacerbating otherwise tenuous relations.
The distribution of false information through fake news has become easier in the age of internet, where anyone can post a report or a statement to resemble a news story and claim it as true and factual. Fake news or information cause or intend to cause panic, division, chaos, violence, hate or must exhibit or intend to exhibit a propaganda to blacken or discredit one’s reputation. A large number of incidents of mob lynching have reported from various part of the country due to the spread of fake news in the social media like whatsapp, Facebook, Twitter, etc. Studies have also found evidence of political parties spreading propaganda on social networks during elections in the country.
As the object of the Bill speaks; fake news in India refers to misinformation or disinformation in the country which is spread through word of mouth and traditional media and more recently through digital forms of communication such as edited videos, memes, unverified advertisements and social media propagated rumors. Fake news spread through social media in the country has become a serious problem, with the potential of it resulting in mob violence, as was the case where at least 20 people were killed in 2018 as a result of misinformation circulated on social media.
Rasmus Kleis Nielsen, director at Reuters Institute for the Study of Journalism, thinks that ""the problems of disinformation in a society like India might be more sophisticated and more challenging than they are in the West"". The damage caused due to fake news on social media has increased due to the growth of the internet penetration in India, which has risen from 137 million internet users in 2012 to over 600 million in 2019. India is the largest market for WhatsApp, with over 230 million users, and as a result one of the main platforms on which fake news is spread. One of the main problems is of receivers believing anything sent to them over social media due to lack of awareness. Various initiatives and practices have been started and adopted to curb the spread and impact of fake news. Fake news is also spread through Facebook and Twitter. 
According to a report by The Guardian, the Indian media research agency CMS stated that the cause of spread of fake news was that India ""lacked (a) media policy for verification"". Additionally, law enforcement officers have arrested reporters and journalists for ""creating fictitious articles"", especially when the articles were controversial. 
To control and curb the circulation of fake news in any form whether it is by way of circulation, sharing, misquotation of statement, editing of audio and video clips, fabricating content, undermining, sowing seeds of enmity, sedition, hatred, disseminate, edit, abet, etc. ; in the House of Lok Sabha on 08th February, 2019, debate took place on the subject and Shri. Tej Pratap Singh from Mainpuri proposed before the Hon’ble Chair Person to introduce the Bill.
As per the debate ""That leave be granted to introduce a Bill to prohibit the creation and distribution of fake news in media and for matters connected therewith."" The motion was adopted. 
"" ÓżČÓźŹÓż░ÓźĆÓżżÓźćÓż£Óż¬ÓźŹÓż░ÓżżÓżŠÓż¬ÓżĖÓż┐ÓżéÓż╣Óż»ÓżŠÓż”ÓżĄ : Óż«Óż╣ÓźŗÓż”Óż» , Óż«ÓźłÓżéÓżĄÓż┐Óż¦ÓźćÓż»ÓżĢÓżĢÓźŗÓż¬ÓźüÓż░ : ÓżĖÓźŹÓżźÓżŠÓż¬Óż┐ÓżżÓżĢÓż░ÓżżÓżŠÓż╣ÓźéÓżéÓźż ""(As per Lok Sabha Debates Introduction of The Fake News (Prohibition) Bill, 2019. on 8 February, 2019 Sixteenth Loksabha > Title: Introduction of the Fake News (Prohibition) Bill, 2019.) 
PROVISIONS UNDER ""THE FAKE NEWS (PROHIBITION) BILL, 2019"": 
The bill presented before Lok-Sabha, comprise of Sections, i.e. Section 1 to Section 10. Vide Section 1 of the Bill, the Bill once assented to by Hon’ble President of India would be termed as The Fake News (Prohibition) Act, 2019 and is made applicable to whole of India and shall come into force on such date as the Central Government may, by notification in the Official Gazette, appoint. 
Thus, as yet since the date of it having been proposed before Lok-Sabha; there’s no news of the Bill to take form of an Act. 
Under Section 2 which is the ""definition"" clause, the definitions are set out which would regulate and be part and parcel of the provisions of the Act, as of now The Bill. 
Section 3 of the Bill speaks of ""Prohibited Acts"" and is reproduced as under: 
The following acts are hereby prohibited:- 
(a) create through broadcast, social media platforms and/or print fake news by any mass media outlet whether or not such mass media outlet knows of its falsity and regardless of intent; 
(b) aid or abet in the creation, distribution or circulation of fake news by any mass media outlet whether or not such mass media outlet knows of its falsity and regardless of intent; 
(c) deliberately and maliciously create and disseminate fake news through broadcast, social media platforms and/or print by any mass media outlet or social media user; 
(d) deliberately and maliciously aid or abetting in the creation, distribution or circulation of fake news through broadcast, social media platforms and/or print by any mass media outlet or social media user; 
(e) defer or desist from any mass media outlet or social media user,- 
(i) retracting any fake news; and 
(ii) broadcasting or publishing an erratum addressing the fake news. 
The provision of Sec 3 if gone through read with section 5 of the proposed bill. Section 3 of the proposed bill is absolutely contrary to the provision of section 5 of the proposed bill and thus demolishes the scope and object of the proposed bill to come into effect in the form of an Act. 
Section 4 of ""The Bill"" speaks about PROHIBITION ON MALICIOUS CREATION AND DISTRIBUTION OF FAKE NEWS. 
No person shall maliciously offer, publish, distribute, circulate and spread false news or information or cause the publication, distribution, circulation or spreading of the same in print, broadcast or online media housing such false news or information cause or intend to cause panic, division, chaos, violence, hate or which exhibit or intend to exhibit a propaganda to blacken or discredit one's reputation and the person knowingly commits such act with full knowledge that such news or information is false, or with reasonable grounds to believe that the same is false. 
Reading the section which is part of the act enunciates all the acts prohibited to be done or distributed. The opening of the section is with the word ""No person"" which means and include every person. However, the section is incomplete as it says ""with full knowledge that such news or information is false, or with reasonable grounds to believe that the same is false"". It means every person who is having knowledge of the news or any material to be false need not distribute or circulate it and thus leaves a loophole and does not include word ""unknowingly"" and thus lacks and does not cover persons ""who are not having knowledge of."" 
The drawback of the section is it incorporates word ""maliciously"", thus renders the provision of no use as it opens a gateway for the offenders to plead innocent unless proven guilty. 
The biggest flaw which is apparent that the section does not speak of punishment to be imposed on an individual person, if the offence is committed by an individual in particular. 
SECTION 5 of The Bill speaks of FAILURE TO REMOVE FALSE NEWS. 
Section 5 elucidates ""If any mass media enterprise or social media platform fails, neglects or refuses to remove false news or information within a reasonable period after having knowledge, or having reasonable grounds to believe, of its falsity shall be deemed to be guilty of an offence punishable under this Act."" 
Though Section 5 speaks of failure to remove false news. However, itsapplicability is only to social media platforms and not applicable to every single individual of society. Nonetheless, the provision is contrary to definition stated under section 2 (i) ""retract"" means the withdrawal and deletion of fake news broadcast or published when applicable.
The section speaks of the words ""within reasonable time"" which is ambiguous and not clear as to within what time the fake news need to be removed from the social media platform after having knowledge. Thus, the provision in absence of specific time frame becomes redundant. 
The provision of section 5 nowhere emphasis the regulatory body who would ask for removal of the fake news, which makes the bill redundant.  
SECTION 6 of The Bill speaks of PENALTIES. 
(1) Any mass media outlet found guilty of creating, disseminating, aiding, abetting or refuses to retract fake news shall be punished,—
(a) with a fine of rupees five lakh for first offence;
(b) rupees ten lakh and its operation suspended for one week for second offence; and
(c) twenty lakh and its operation suspended for a month for any subsequent violation.
(2) Any social media user found guilty of creating, disseminating, aiding, abetting or refusing to retract fake news shall be punished with a fine of rupees one lakh for the first offence, rupees two lakh for the second offence and rupees five lakh for any subsequent violation.
Thus, bare reading of the section elaborates its applicability to mass media/social media. It is noteworthy that the provision is absolutely discriminatory within itself as for mass media, the quantum of fine is kept quiet exorbitant and on the contrary for the social media platform it is kept meager as compared to each other. Thus, the act shows a biased approach meant and drafted benefiting social media platforms.
SECTION 7 of The Bill speaks of OFFENCES BY COMPANIES. 

Where a person committing a contravention of any of the provisions of this Act or of any rule, direction or order made thereunder is a company, every person who, at the time the contravention was committed, was in charge of, and was responsible to, the company for the conduct of business of the company as well as the company, shall be guilty of the contravention and shall be liable to be proceeded against and punished accordingly:

Provided that nothing contained in this sub-section shall render any such person liable to punishment if he proves that the contravention took place without his knowledge or that he exercised all due diligence to prevent such contravention.

Notwithstanding anything contained in sub-section (1), where a contravention of any of the provisions of this Act or of any rule, direction or order made thereunder has been committed by a company and it is proved that the contravention has taken place with the consent or connivance, of or is attributable to any neglect on the part of, any director, manager, secretary or other officer of the company, such director, manager, secretary or other Officer shall also be deemed to be guilty of the contravention and shall be liable to be proceeded against and punished accordingly.

Explanation.—for the purpose of this section:—

""company"" means anybody corporate and include a firm or other association of individuals; and
""director"" in relation to a firm, means a partner in the firm.

Analytically, the section clearly states that the fault if any would be of the Company and thus involve the person responsible at the time when the offence take place subject to if the same is done with knowledge.
The part of Section 7 (1) is in absolute contravention to section 4 of the Bill and is supported by proviso clause, which gives right to an offender to prove that the contravention took place without his knowledge and exercised due diligence.
That apart, Section 7(2) starts with a non-obstinate clause and continue to say that ""where a contravention of any of the provisions of this Act or of any rule, direction or order made thereunder has been committed by a company and it is proved that the contravention has taken place with the consent or connivance, of or is attributable to any neglect on the part of, any director, manager, secretary or other officer of the company, such director, manager, secretary or other Officer shall also be deemed to be guilty of the contravention and shall be liable to be proceeded against and punished accordingly"".
As stated ""supra"" the scheme of the Bill as per Section 6 and 7 speaks of Penalties and Offences by Companies.
Reading Section 6 and 7 together, it can be construed that, nowhere under the scheme of Section 6 words ""director"", ""manager"", ""secretary"" or ""other Officer"" are defined under Section 2 of The Bill.
Section 7 (2) of The Bill as speaks of words ""director"", ""manager"", ""secretary"" or ""other Officer"", to be held deemed guilty. However, the penalty on ""director"", ""manager"", ""secretary"" or ""other Officer"" to be fastened as per Law is nowhere prescribed under the Bill and thus in absence of words ""director"", ""manager"", ""secretary"" or ""other Officer"" in Sec 6 of The Bill leaves vacuum in the provision to punish ""director"", ""manager"", ""secretary"" or ""other Officer"".
It is noteworthy that, words ""director"", ""manager"", ""secretary"" or ""other Officer"" though mentioned and specified under section 7 (2) of The Bill, but nowhere it is stated that the ""director"", ""manager"", ""secretary"" or ""other Officer"" need to be in-charge thus bringing them within the ambit of ""consent or connivance, of or is attributable to any neglect"".
As postulated under section 7 of The Bill that, for any contravention committed by a company, not only the company would be liable for punishment but as well ""director"", ""manager"", ""secretary"" or ""other Officer"" shall be deemed to be guilty. Herein word deemed is of great importance and value as per Criminal Law.
Under the proposed bill, the word ""deemed to be guilty"" is addressed.However the provision of section 7 (2) overrides provision of section 7 (1) as section 7 (2) starts with non-obstinate clause. Contrary to what is stated in section 7 (2), section 7 (1) speaks of liability of person who is in charge.
SECTION 8  
By virtue of Section 8 of The Bill, Powers have been vested in the Government to remove difficulties. However, the proviso clause being specific and holds good, no orders to remove difficulties can be passed after 3 years from date of commencement of the Act.
SECTION 9
Of The Bill gives overriding effect and thus the Act after its commencement and the provisions therein would have an overriding effect on other acts or law.
SECTION 10 vests Powers to make rules in the Central Government.
CONCLUSION:
No doubt, the problem of fakeism and fake news is spreading like weed all over and there is a necessity to have law to control and curb circulation of fake news via social media vis-à-vis other platforms.
Needless to mention here that, the Bill  though introduced and proposedby the Central Government for curtailing the spreading and prohibition of fake news;is absolutely silent in regard to the jurisdiction of Court/ forum to decide the case/offence as stipulated under section 5 and 7 of the proposed Bill.
It is noteworthy that the Bill is silent as well in respect of the Regulating body/authority which would decide the authenticity or a news to be fakeas per section 2of the proposed bill. The bill nowhere speaks of anyregulating body/authority named to control the spreading/circulation of fake news nor does it empower any person or institution to take legal action against the company as per the scope and scheme of the bill. The bill does not propose in the event if any fake news is in respect of a person in particular; to who such person should approach for lodging complaint is not specified in the proposed bill.
The offence though stipulated under the scheme of the proposed bill already presented, before Lok-Sabha. However, the entire body of the proposed bill to come into effect in the form of an Act pursuant to the assent of Hon’ble President of India, does not disclose whether the offence would be cognizable or non-cognizable offence and would be bailable or non-bailable.
Sec 9 of the proposed Bill speaks of overriding effect notwithstanding anything inconsistent therewith contained in any other law for the time being in force on the subject and save aforesaid the provisions of the Act shall be in addition to and not in derogation of any other law for the time being in force.The proposed bill; as speaks of commission of an offence, punishment; the proposed bill does not disclose or classify the applicability of procedural aspect of Code of Criminal Procedure for trying the offences.
The Bill crafted and drafted, though focus on the issue to prohibit spreading, circulation of fake news and thus ""The Fake News (Prohibition) Bill, 2019 came into existence and placed before Lok-Sabha. However, the Bill is incomplete and does not hold good to come in the form of an Act unless made stringent not requiring notifications and amendments from time to time.




			        ""Loved reading this piece by Adv. Yogesh V Nayyar? 
			  Join LAWyersClubIndia's network for daily News Updates, Judgment Summaries, Articles, Forum Threads, Online Law Courses, and MUCH MORE!!""




 Join our Telegram group





 Join our Whatsapp group















Click here to Get More Content on LCI Android App











						Tags :criminal law
"
Is Judiciary Not Capable Of Punishing Criminals,"
No matter how hard we all who are in the legal profession may try to deny but it is an unpalatable fact that the image of judiciary has taken a severe beating in the eyes of the people in last few decades as the criminals mostly escape either totally unscathed or face very lenient punishment which is just not done. Very rarely do we see them getting the strict punishment which they deserve also! It is high time and judiciary must now come out of its comfort zone and take strong steps to salvage its sagging reputation in the eyes of the people! Laws must be amended now to favour the victim and not the criminal as we see most unfortunately right now much to our chagrin!
If judiciary had ensured that Vikas Dubey was sentenced promptly to even 14 years in jail without any relief, he probably would not have been able to spread his criminal roots so deep in the society that permeated not just politicians but even the police! Why are murderers accused allowed to come out so easily on bail? Why are history sheeters allowed to not just come out on bail but also contest elections?
Why judiciary allows even dacoits and hard core criminals to contest elections and become MPs and MLAs? Why when for getting even a small job, one has to get police verification done and even a single false case disqualifies one to get the small job but for politicians who rule this country is it that even after facing 1000 criminal cases still they are not rendered ineligible? Why are they allowed to contest even from jails? It is here that judiciary has most miserably failed as it has done nothing to contain it due to which the percentage of politicians with criminal antecedents are increasing very rapidly with every passing election!
Why those who commit brutal crimes are allowed to get away by following the 'rarest of rare case' doctrine propounded in Bachan Singh's case by Supreme Court in 1980 which ensures that rarely ever is a hardened criminal ever hanged? Why it takes several decades before the case is finally decided? Why even after Supreme Court sentences a criminal is he allowed to fritter away time by first filing mercy petition, then filing review petition and then filing curative petition and worst of all no time limit is fixed for deciding mercy petition, review petition and curative petition?
Why there is no mandatory death penalty for gang rape and rape cum murder? Why are 'discretion bombs' in form of 'may' not defused in rape laws so that criminals don't gain from it? Why judiciary has ensured that just a few rapists-cum-murderers are hanged in last many decades which has only served to further encourage criminals?
Why are witnesses not accorded full protection and why is it not ensured that they are saved from being killed? Why a witness has to depend on himself to ensure his/her protection and reach court safely at his/her own risk in most of the cases due to which many times they are either badly wounded or are even killed? Why are witness protection schemes not fully implemented in all the States and why judiciary does not take any action to ensure that the same is done urgently?
Why judiciary has miserably failed to ensure that its own landmark recommendations on police reforms as outlined in Prakash Singh case in 2006 have not been implemented even after 14 years in 2020? Why in cases of custodial torture, judiciary does not ensure that those who are guilty of torturing and killing innocent persons are not just sent behind bars but also are sent to the gallows? Why judiciary does not realize that lenient approach to custodial torture only results in police getting emboldened to indulge in more such tortures and many times we see that innocent persons face the most worst brunt?
Why has judiciary not ensured that for cases of corruption involving crores of rupees there is mandatory death penalty? Why instead do we see many times that those involved in corrupt cases are allowed to easily secure bail? Why judiciary has failed to act tough against corrupt people in last so many decades after independence?
Why is it that when a truly dedicated and determined Chief Minister like Yogi Adityanath of UP known all over for his impeccable conduct and firm determination to weed out criminals from each and every hook and corner of the state and decides to 'name and shame criminals' who indulge in destroying public and private property, burning buses, vehicles etc do we see that judiciary steps in and speaks vociferously for protecting the 'right to privacy' of criminals just like Allahabad High Court did? Why is it that protesters were allowed by judiciary to block national highway at Shaheen Bagh for more than 100 days and none other than the Supreme Court appointed a high powered Committee comprising of senior lawyers like Sanjay Hegde which only further emboldens others to similarly indulge in such anti-national acts? Why protesters are allowed to block rail tracks etc as we saw earlier during the Gurjar reservation stir and why judiciary is not prepared to do anything to stop it forthwith?
Why judiciary feels that there is nothing wrong in hanging just one poor Dhananjoy Chatterjee who was the son of a priest and that too on just circumstantial evidence alone in decades and not allowing the son of a former top IPS cop to be hanged even though there was direct evidence and the murder was committed most ruthlessly as we saw in Priyadarshini Mattoo murder case and the accused who was a senior in a Law College is set free after about just 14 years or so in prison? Why judiciary holds its hand very tight to ensure that many rapists cum murderers are able to easily escape death penalty even after committing the most ghastly and most dastardly crime? Why judiciary never does any serious introspection on this that by not hanging rich and powerful rapists cum murderers, they only serve to send a loud and clear message that the rich and powerful can get away by doing anything in their life?
Why judiciary ensures that those who commit most heinous offences like rape, murder etc are given bail after some time like few months or an year at the most? Why judiciary never cares to see that those very offender who comes out on bail once again resorts to crime and destroy the life of yet another person most easily? Why judiciary allows criminals to contest from jails and get bail very easily even after committing most horrifying crime just by paying money for surety etc which the rich and the powerful don't find any difficulty in doing so?
Why judiciary ensures that criminals gain most in hugely populated state like UP which has maximum pending cases all over India by having just one high court bench and that too just about 200 km away from Allahabad high court at Lucknow since 1948 and no bench in remote areas like West UP where more than 9 crore people live and litigants have to travel more than 700 km on an average to travel all the way to Allahabad to get justice due to which victims suffer the most? Why judiciary ensures that peaceful states like Maharashtra which tops in justice index list has 4 high court benches and UP which is in the bottom among all big states has just one? Why judiciary ensures that Centre led by the then Congress government partially implements the landmark recommendations to create more high court benches at Maharashtra in Aurangabad, at Jalpaiguri in West Bengal and Madurai in Tamil Nadu but not a single for UP for which it had recommended 3 high court benches at Agra, Dehradun and Nainital? Why judiciary behaves like a helpless spectator knowing fully well that many former UP CM have supported the demand for more benches in UP and Yogi Adityanath had demanded for Gorakhpur in 1999 while in his capacity as an MP from there?
Why judiciary knowing fully well that West UP accounts for more than 57% of the total criminal pending cases in UP as was acknowledged even by Justice Jaswant Singh Commission in his report has never ensured that a high court bench is created here? Why can't judiciary take the lead in this direction instead of passing the buck always on Centre? Why for just 6 crore people of Karnataka there is a high court and 3 benches but for more than 9 crore people of West UP there is not even a bench?
Why UP which has more than 23 crore population has just one high court bench due to which cases are not being decided in time and it is criminals who are having a gala time and still judiciary decides to play safe even though it acknowledges that West UP deserves a high court bench? Why judiciary fails to appreciate that the more than 9 crore people of West UP especially the litigants have to suffer immeasurably due to no bench being created here? Why can't UP have more high court benches?
Why can't judiciary ensure that those who are arrested for heinous offences are not able to come out on bail after just few months? Why can't judiciary be more proactive to ensure just like UP CM Yogi Adityanath to ensure that no one is allowed to block roads, rail tracks under any circumstances? Why instead should judiciary question UP CM instead who has always lead from the front in taking on criminals which only encourages anti-social elements and lumpen elements to take law for granted and indulge in destruction of public and private property, blocking of road, rail etc?
Can our nation afford it? Can our nation afford more Shaheen Bagh? Let me reiterate: Judiciary must now come out of its comfort zone and do some honest introspection on this!
Needless to say, Supreme Court certainly has heavily blundered on Shaheen Bagh by not ordering the prompt removal of protesters from highway and instead forming Committee to talk with them who broke law and caused maximum inconvenience to commuters! Judiciary is certainly capable of punishing criminals only if it stops kowtowing before them on one pretext or the other! Criminal cases should not linger for several decades as we see most unfortunately for which it is judiciary which has to act decisively now!
No doubt, bail should not be given ever for heinous offences like rape, murder etc! Only then can criminals be checked most effectively! Clearly, the ball lies now in the court of the judiciary!




			        ""Loved reading this piece by Sanjeev Sirohi? 
			  Join LAWyersClubIndia's network for daily News Updates, Judgment Summaries, Articles, Forum Threads, Online Law Courses, and MUCH MORE!!""




 Join our Telegram group





 Join our Whatsapp group















Click here to Get More Content on LCI Android App











						Tags :criminal law
"
The offence of Stealthing: Removing the condom; the cloak and dagger way,"
Introduction
Rape, seen from the lens of limited understanding, is still one of the most debated aspects of law. Several legislations and recommendations later, the legislature and the Judiciary still find themselves struggling with the nuances of the offence. Rape, is a gendered offence and despite the recommendations by the Verma committee in 2013 to make it gender neutral, the legislation continues to hold it's allegiance to the Victorian morality followed by Lord Macaulay.
Not all offences of rape leave scars of brutality, some are committed within four walls, with almost no blots of guilt to trail behind. The most heinous offences of rape take years to be proved, with victims expected to verbatim narrate the harrowing tale. The society questions her morality, decency and her character, while forever putting a tag of ""dishonor"" on the family. The fear of being ostracized and isolated, the terror of standing and deposing in front of formidable Judges and the fright of loosing a future, halts a woman from knocking the Court doors.
Consent
The existing definitions of consent have muddied the waters and have left judiciary in a state of puzzle. A question that often crosses one's mind is whether consent can be revoked at any stage or not and whether every distinguished act requires a separate consent?
The Courts are at their wits end, trying to break down biology, legally.
Amidst the clamour surrounding consent, the offence of ""stealthing"" has caused an uproar across the globe.Stealthing is the offence committed when, during sexual intercourse the man removes his condom without the knowledge or consent of the woman.
The concept remains incomplete without the mention of Alexandra Brodsky, who through her paper ""Imagining legal response to Non-consensual condom removal"", caught the attention of people from all over the world.
She says that, ""the practice of stealthing is an ethical wrong with practical, psychic and politically salient repercussions for it's victims.""
The victims here, give their consent for sexual intercourse with protection, however, their consent is vitiated if without their knowledge, the man removes his condom.
The consent here is given knowing fully well the ‘nature of the act', but if the ‘nature' itself is changed without the knowledge of the victim, then the offence committed should fall under section 375 of Indian Penal Code.
Whether a woman's consent will be vitiated this stage or not depends on the factor, whether the consent is revocable or not during the continuance of the act.
International Recognition
Switzerland in 2017 upheld the conviction of a man who committed the offence of stealthing, by awarding him a sentence of 12 months. The court was of the opinion that the act did not amount to rape but was categorized as ""defilement"".In 2014, Canadian Supreme Court held a man guilty for making ""holes in the condom without his partner's consent.""Germany followed suit, holding a man guilty of ""stealthing"" in 2018 and so did Australia.
Conclusion 
The law on stealthing is still at a nascent stage, gradually evolving and spreading.
India has still not entered the phase of wrangling and the country has a long way to go.  
What we first need is an unambiguous definition of consent, and a clear vision of stronger legislation.




			        ""Loved reading this piece by Prakriti Rastogi? 
			  Join LAWyersClubIndia's network for daily News Updates, Judgment Summaries, Articles, Forum Threads, Online Law Courses, and MUCH MORE!!""




 Join our Telegram group





 Join our Whatsapp group















Click here to Get More Content on LCI Android App











						Tags :criminal law
"
All About Bails! Bail and the Laws Relating to it! ,"
Bail is the rule but not its refusal
Bail is the rule and refusal of bail is the exception. When the bail is refused the personal liberty of the citizen is deprived. Such deprivation can be done only by following the principles and procedures known to law. That means refusal of bail must be done by following due process of law. Bail can be granted at any stage of the trial.
Bail is a judicial act
Bail means to set an arrested or imprisoned person at liberty. It is a judicial release from custody to the custody of the sureties, under the broad supervision of the court. The grant, refusal or cancellation of bail is a judicial act. Bail is a matter of judicial discretion.
No court is bound by the decision of the other court in the matter of granting bail. Each bail application in every court has to be considered on its own merit. No straight jacked formula can be laid down from the superior court except the broad ones.
Bail in bailable offences
In bailable offences, there is no question of exercise of any discretion in granting bail. It is a statutory right of the accused to get bail in such category of cases. The police officer or the court can grant bail to an accused charged with a bailable offence.
The accused person can be released on bail by furnishing a surety when bail is granted. If the person is an indigent one he can be released on bail by the police or the court on his executing a bail bond without sureties under Section 436 CrPC.
If the person released on bail fails to comply with the conditions in the bail bond as regards time and place of attendance, the court may refuse him to be released on bail when he appears on a subsequent occasion. The bond executed by him and his surety stand cancelled under Section 446-A of CrPC.
 If a person released on bail under Section 436 (1) indulges in acts subversive of a fair trial the High Court or Sessions Court may cancel his bail and commit him to custody.
The police officer arresting a person without warrant on a bailable offence must inform the person of his right to be released on bail, under Section 50 (2) CrPC.
Purpose of bail                                                                   
The principal purpose of bail is to ensure the presence of the accused at his trial on one hand and not to unreasonably interfere with his personal liberty on the other.
The purpose of taking bail bond from sureties is to make the sureties responsible for ensuring the presence of the accused whenever required.
No bail in case of grave offences   
When a person accused of guilty of a non bailabe offence appears or is produced before the court other than the High Court or the Court of Sessions, the general practice is that he may be released on bail at the discretion of the court under Section 437 (1) CrPC. 
But when the person accused of a non bailable  offence punishable with death or imprisonment for life appears or is produced before such court, he should not be released on bail under Section 437 (1) (i) CrPC.  However this restriction put by the statute is not applicable in case the accused person is a woman, child, sick or infirm person the court has discretion in releasing such a person. That the accused person is a woman would not entitle her for bail outright, if the offence is a grave or heinous one.
Similarly, if the accused person had been previously convicted for an offence punishable with death, imprisonment for life, or imprisonment for seven years, or more, he should not be released on bail.   
Any person previously convicted twice for an offence for three years or more but less than seven years also cannot be released on bail. But the court can release these persons if it thinks it is just and proper to release them on some special reasons. The court should record such special reasons.
The court while granting bail to persons accused of grave offences should impose some conditions as necessary in the circumstances under Section 473 (3) CrPC. The conditions to be imposed are that the accused should attend in accordance with the stipulations in the bail, should not commit similar offences, should not influence any one acquainted with the facts, or should not tamper with the evidence. Such conditions can be imposed only by the court and not by the police officer.
A person who has broken the conditions of his bail bond shall not be entitled to bail when he is brought to the court subsequently.
Matters to be considered in bail
In a non-bailalbe offence, bail is not a matter of right but a matter of discretion of the court or the police officer.
The scope of discretion is inversely proportional to the gravity of the crime. The court has better discretion than that of the police officer. The High Court and the Court of Sessions have more discretion than that of other courts. In granting bail in a non-bailable offence, the High Court or the Court of Session has statutory jurisdiction in releasing the accused on bail.
The discretion to grant or refuse bail has to be exercised according to certain rules and principles that have been laid down by the CrPC and judicial decisions.
In fact, at the stage of granting bail a detailed examination of evidence and elaborate narration of the merit of the case need not be done. A vague allegation that accused may tamper with the evidence or witnesses may not be a ground to refuse bail. But the criminal antecedents of the accused cannot be ignored wile granting bail. Similarly, if the accused is of such character that his mere presence at large would intimidate the witnesses or if there is material to show that he will use his liberty to subvert justice or tamper with the evidence, then bail will have to be refused.
An indicative list of factors to be considered while granting or refusing an application for bail is as follows:

whether there is any prima facie or reasonable ground to believe that the accused had committed the offence
nature and gravity of the charge
severity of the punishment in the event of conviction
danger of accused absconding or fleeing if released on bail
character, behaviour, means, position and standing of the accused
likelihood of the offence being repeated
reasonable apprehension of the witnesses being tampered with, and
danger, of course, of justice being thwarted by grant of bail.
the health, age and sex of the accused
the interest of the society

Any officer or court releasing any person on bail in a case of non bailable offence is required to record in writing his or its reasons for doing so. Any such order devoid of recorded reasons for granting bail suffers from non-application of mind. While granting bail, it is necessary that the roots of the accused in the community must be assessed to determine the chance of his fleeing.
Grant or refusal of bail
There is no specific provision for appeal against the order refusing to grant bail under Section 436 (1) CrPC. But the accused person can move the High Court or the Court of Sessions under 439 CrPC.
The Supreme Court (SC), in Kalyan Chandra Sarkar v Rajesh Ranjan @ Pappu Yadav and Anr. (2004 (7) SCC 528) case says the court granting bail should exercise its discretion in a judicious manner and not as a routine manner. At the stage of granting bail a detailed examination of evidence and elaborate documentation of the merit of the case need not be undertaken. But, there is a need to indicate in such orders the reasons for prima facie concluding why bail was being granted particularly where the accused is charged with a serious offence. Any order devoid of such reasons would suffer from non-application of mind.
While dealing with an application for bail, there is a need to indicate in the order, reasons for prima facie concluding why bail was being granted particularly where an accused was charged with a serious offence.
Statutory bail
When the accused is in custody and the investigation officer fails to conclude the investigation within 90 days in an offence punishable with  death / imprisonment for life / imprisonment or a term of ten years or more,  or within 60 days in other cases of lesser punishment, the accuse should be released on bail. The period starts running from the day of remand by the Magistrate.
Trial not concluded with 60 days
If a case triable by a Magistrate in a non bailable offence is not concluded with a period of 60 days from the first date of taking evidence, the accused should be released on bail if he is in custody during the whole period of trial, under Section 437 (6) CrPC. If the Magistrate otherwise directs, he should record his reasons in writing.
High court has ample jurisdiction
Under Section 439 CrPC, the High Court or the Court of Sessions has the power to direct that any person released on bail be arrested and committed to custody.  The power of the High Court can be invoked by even an informant as well.
In granting bail under Section 439 CrPC, the jurisdiction of the High Court is concurrent with that of the subordinate judge. It is desirable that the Court of Sessions should be moved first. The higher court can set aside the bail order after examining the correctness of the order.
In granting bail, the High Court and the Court of Sessions have wide discretion. They are not fettered with restrictions as in the case of other courts, under Section 437 CrPC. But the courts are bound to exercise such discretion judicially according to well established principles. However a Court of Session cannot cancel a bail which has already been granted by the High Court.
Setting aside a bail order v cancelling a bail
The concepts of setting aside a bail order and cancelling a bail are totally different in criminal law, even though the results of both are the same.
The concept of setting aside the bail is applicable in the case of an unjustified, illegal or perverse order whereas the cancellation of bail is done when the person released on bail violates some bail conditions. 
Setting aside the bail
When a bail order of a court is a perverse one right at the time of its granting, it is competent in law for the aggrieved party to move the High Court for cancellation of the bail in revisional application. That means once it is found that bail was granted on untenable grounds, same can be cancelled by a higher court.
However, such setting aside of bail should not be done on re-appreciation of evidence. The higher court dealing with an application for setting aside a bail under Section 439(2) can consider whether irrelevant materials were taken into consideration at the time of granting bail. That is considered so as to know to what extent the irrelevant materials weighed with the Court for accepting the prayer for bail and granting bail.
Cancellation of the bail
The concept of Cancellation of bail is quite a different one. There is no direct provision for cancellation of bail.  But when a court which released a person on bail finds it necessary because of some supervening circumstances, it can direct the person be arrested and commits him to custody under Section 437 (5) CrPC.  Exercise of this power is called cancellation of bail.
The cancellation is done on the ground that the accused has violated some bail conditions subsequent to the granting of the bail. This power is given to the court and not to the police. The court which granted the bail alone can cancel it. The bail granted by a police officer cannot be cancelled by the court of a Magistrate.
Cancellation of bail is possible only by reason of supervening circumstances. The basic concept in cancellation is that when the bail order was passed it was valid and the cancellation of it is done only on account of the subsequent violation of bail conditions like the accused commits the same offence, hampers the investigation, tampers the evidence, runs away to other country, commits acts of violence etc.
However, there is no direct provision in the CrPC to cancel the bail granted by the appellate revisonal, or the sentencing court. But the only option available in such a situation is that the High Court can exercise its inherent powers in such cases if the person released on bail is grossly abusing the freedom.
Additional Reading

Kalyan Chandra Sarkar v. Rajesh Ranjan @ Pappu Yadav and Anr. (2004 (7) SCC 528)m
Puran v. Rambilas and Anr. (2001 (6) SCC 338)
Lokesh Singh v State Of U.P. & Anr, 
State Through C.B.I v Amaramani Tripathi (AIR 2005 SC 3490)
Gurcharan Singh & Ors v State (Delhi Administration) (1978 AIR 179





			        ""Loved reading this piece by Adv K Rajasekharan? 
			  Join LAWyersClubIndia's network for daily News Updates, Judgment Summaries, Articles, Forum Threads, Online Law Courses, and MUCH MORE!!""




 Join our Telegram group





 Join our Whatsapp group















Click here to Get More Content on LCI Android App











						Tags :criminal law
"
Courts Must Apply Stringent Tests While Understanding The Complexity Of Section 319 Cr. P. C ,"
In Criminal Justice System from the initial stage of investigation some time it happens that those who are actually committed the offence easily escape the boundaries of  Penal Law, by one way or the other. Most commonly it happens so during the investigative stage of the offence which results in filling of improper charge-sheet, due to laxity in investigation. But their names are deleted before filing of charge-sheet under Section 173 (2) of Code of Criminal Procedure, 1973, and then the victim or the Complainant left with no option except to record his or her evidence before the Court and then move an application under Section 319 of Cr. P. C for summoning of accused involved in crime, named in First Information Report but not charge-sheeted before the Court or the Victim or Complainant have to opt for filing of a separate Complaint otherwise then of Police report, against the remaining accused who were not charge-sheeted. If the Victim or the Complainant does not opt either way then also Court is empowered to precede Suo – Muto, if a Magistrate hearing a case against certain accused finds from the evidence that some person, other than the accused before him, is also concerned in that very offence or in a connected offence. So there comes an issue that, if the Complainant has stated the person's name in the Police report and such person is the main root cause of the crime has not been summoned before the Court Of Law due to lack of evidence then he cannot be questioned. Where the investigating agency for any reason does not array one of the real culprits as an accused, the court is not powerless in calling the said accused to face trial.
The legislature cannot be presumed to have imagined all the circumstances and, therefore, it is the duty of the Court to give full effect to the words used by the legislature so as to encompass any situation which the Court may have to tackle while proceeding to try an offence and not allow a person who deserves to be tried to go scot-free by being not arraigned in the trial in spite of the possibility of his complicity which can be gathered from the documents presented by the prosecution.
The Court is the sole repository of  Justice and a duty is cast upon it to uphold the Rule Of Law and, therefore, it will be inappropriate to deny the existence of such powers with the Courts in our Criminal Justice System where it is not uncommon that the real accused, at times, get away by manipulating the investigating and/or the prosecuting agency. The desire to avoid trial is so strong that an accused makes efforts at times to get himself absolved even at the stage of investigation or inquiry even though he may be connected with the commission of the offence.
Section 319 of Cr. P. C & Its Objective
The Section reads as;
319. ""Power to proceed against other persons appearing to be guilty of offence -
(1) Where, in the course of any inquiry into, or trial of, an offence, it appears from the evidence that any person not being the accused has committed any offence for which such person could be tried together with the accused, the Court may proceed against such person for the offence which he appears to have committed.
(2) Where such person is not attending the Court, he may be arrested or summoned, as the circumstances of the case may require, for the purpose aforesaid.
(3) Any person attending the Court, although not under arrest or upon a summon, may be detained by such Court for the purpose of the inquiry into, or trial of, the offence which he appears to have committed.
(4) Where the Court proceeds against any person under sub- section (1), then -
(a) the proceedings in respect of such person shall be commenced a fresh, and the witnesses re-heard;
(b) subject to the provisions of clause (a), the case may proceed as if such person had been an accused person when the Court took cognizance of the offence upon which the inquiry or the trial was commenced.
Section 319 Cr. P. C. springs out of the doctrine ""Judex Damnatur Cum Nocens Absolvitur"" meaning thereby that ""Judge is condemned when guilty is acquitted"" and this doctrine must be used as a beacon light while explaining the ambit and the spirit underlying the enactment of Section 319 Cr. P. C. In Criminal Justice System, there are always chances that the real culprit or accomplice may be rescued either by the collusion of Police or due to poor and incompetent investigation. In order to bring such culprits under the hammer of Justice, the power of summoning the additional accused is provided to Courts trying the case. This power under Section 319 Cr. P. C may be used by Court suo-moto or on an application by the Complainant. The person who is summoned may be arrested or taken into custody if the Court deems fit.
The legislative policy behind framing of this Section in the Criminal Procedure Code, 1973 is multi-fold. The Constitutional mandate under Articles 20 & 21 of the Constitution of India provides a protective umbrella for the smooth Administration of Justice making adequate provisions to ensure a fair and efficacious trial so that the accused does not get prejudiced after the law has been put into motion to try him for the offence but at the same time also gives equal protection to victims and to the society at large to ensure that the guilty does not get away from the clutches of law. For the empowerment of the Courts to ensure that the Criminal Administration of Justice works properly, the law was appropriately codified and modified by the legislature under the Cr. P. C.
This is indicative of how the Courts should proceed in order to ultimately find out the truth so that an innocent does not get punished but at the same time, the guilty are brought to book under the law. It is these ideals as enshrined under the Constitution of India and our laws that have led to addition of Sections like 319 in Criminal Procedure Code, 1973 to find out the real truth and to ensure that the guilty does not go unpunished.
Necessity & Object Of Power To Summon Additional Accused
It happens sometimes that a Court which includes a Magistrate or a Judge, hearing a case against certain accused finds from the evidence that some person other the accused before him, is also concerned in that very offence or in a connected offence.
Once cognizance has been taken by the Magistrate, he takes cognizance of an offence and not the offenders; it is his duty to find out who the offenders, really are and once he comes to the conclusion that apart from the persons sent up by the police, some other persons are involved, it is his duty to proceed against those persons. The summoning of the additional accused is part of the proceedings initiated by him taking cognizance of an offence. [""Raghubans Dubey Vs State of Bihar"", 1967 Cri. L. J 1081; ""Hareram Satpathy Vs Tikaram Agarwal & Ors"", AIR 1978 SC 1568; ""S. K. Latifur Rehman & Ors. Vs State of Bihar"", 1985 Cri. L. J 1238 (FB)]. 
Power under Section 319 of Code of Criminal Procedure, 1973 is conferred on the Court to ensure that Justice is done to the society by bringing to book all those guilty of an offence. One of the aims and purpose of the criminal justice system is to maintain social order. It is necessary in that context to ensure that no one who appears to be guilty escapes a proper trial in relation to that guilt. There is also duty upon the Court to render Justice to the victim of an offence. It is in recognition of this that Cr. P. C as specifically conferred power on the Court to proceed against others not arrayed as accused in the circumstances set out by Section 319 Cr. P. C. It is a salutary power enabling the discharge of a Court's obligation to the society to bring to book all those guilty of a crime. [""Rajendera Singh Vs State of U. P"", 2007 Cri. L. J 4281 (SC) followed in ""Hardeep Singh Vs State of Punjab & Ors"", (2014) 3 SCC 92].
Twin Requirements For Summoning An Additional Accused Under Section 319 Cr. P. C:
As regards the satisfaction of the Court before it exercises the power under Section 319, the Constitution Bench in [""Hardeep Singh Vs State of Punjab & Ors"", (2014) 3 SCC 92] held:
“105. Power under Section 319 Cr. P. C is a discretionary and an extraordinary power. It is to be exercised sparingly and only in those cases where the circumstances of the case so warrant. It is not to be exercised because the Magistrate or the Sessions Judge is of the opinion that some other person may also be guilty of committing that offence. Only where strong and cogent evidence occurs against a person from the evidence led before the court that such power should be exercised and not in a casual and cavalier manner.
106. Thus, we hold that though only a prima facie case is to be established from the evidence led before the court, not necessarily tested on the anvil of cross-examination, it requires much stronger evidence than mere probability of his complicity. The test that has to be applied is one which is more than prima facie case as exercised at the time of framing of charge, but short of satisfaction to an extent that the evidence, if goes unrebutted, would lead to conviction. In the absence of such satisfaction, the court should refrain from exercising power under Section 319 Cr. P. C. In Section 319 Cr. P. C the purpose of providing if “it appears from the evidence that any person not being the accused has committed any offence” is clear from the words “for which such person could be tried together with the accused.” The words used are not “for which such person could be convicted”. There is, therefore, no scope for the Court acting under Section 319 Cr. P. C to form any opinion as to the guilt of the accused.”
Twin requirements for summoning an additional accused under Section 319 Cr. P. C are as under:
(i) That from the evidence it appears to the Court that such person has committed any offence.
(ii) That such a person could be tried together with the accused already facing trial. [""R. Dineshkumar Vs. State & Ors."", (2015) 7 SCC497].
Who Can Use Section 319 Of Code of Criminal Procedure, 1973
The Constitution Bench of Supreme Court in [""Hardeep Singh Vs State of Punjab & Ors"", (2014) 3 SCC 92] held;
""It is at this stage the comparison of the words used under Section 319 Cr. P. C. has to be understood distinctively from the word used under Section 2 (g) defining an inquiry other than the trial by a Magistrate or a Court. Here the legislature has used two words, namely the Magistrate or Court, whereas, under Section 319 Cr. P. C, as indicated above, only the word Court has been recited. This has been done by the legislature to emphasize that the power under Section 319 Cr. P. C. is exercisable only by the Court and not by any Officer not acting as a Court. Thus, a Magistrate not functioning or exercising powers as a Court can make an inquiry in a particular proceeding other than a trial but the material so collected would not be by a Court during the course of an inquiry or a trial. The conclusion, therefore, in short, is, that in order to invoke the power under Section 319 Cr. P. C, it is only a Court of Sessions or a Court of Magistrate performing the duties as a Court under the Cr. P. C. that can utilize the material before it for the purpose of the said Section.""
Therefore, from the Para quoted above it can be safely concluded that only the Court is empowered to summon the additional accused under this Section and not any other Magistrate who doesn't act as Court thereof.
Can Session Court Summon An Additional Person To Try Without Committal Proceedings Under Section 319 of Code Of Criminal Procedure, 1973?
As per Section 193 of the Cr. P. C, the Session Court will not take cognizance of any offence originally and all the cases shall be committed to by Magistrate. The procedure of committal is discussed under Section 209 of Cr. P. C. Now a question arises, whether Session Court is competent to summon or to take cognizance of offence of any additional person (under Section 319) who was not made the accused initially as there is an express bar under Section 193 of Cr. P. C for Session Court to take any cognizance.
This issue was answered by the Constitution Bench in the case of [""Dharam Pal Vs State of Haryana"", AIR 2013 SC 3018], wherein, it was held that a Court of Session can with the aid of Section 193 Cr. P. C, proceed to array any other person and summon him for being tried even if the provisions of Section 319 Cr. P. C. could not be pressed in service at the stage of committal.
The Court clarified that the opening words of Section 193 Cr. P. C. categorically recite that the power of the Court of Sessions to take cognizance would commence only after committal of the case by a Magistrate. The said provision opens with a non-obstante clause except as otherwise expressly provided by this code or by any other law for the time being in force. The Section, therefore, is clarified by the said opening words which clearly means that if there is any other provision under Cr. P. C, expressly making a provision for exercise of powers by the court to take cognizance, then the same would apply and the provisions of Section 193 Cr. P. C. would not be applicable. Hence, session court is competent to summon or take cognizance of the additional accused even when the case of that particular person was not committed to it.
At What Stage The Power Of Section 319 Cr. P. C Can Be Used?
Two words are used under Section 319 Cr. P. C - enquiry and trial. It says that Court can summon any additional person to try with accused during the course of enquiry and trial. It is clear that the power of Court can't be used during investigation as the Police report has not filed and cognizance or committal is yet to be taken.
As trial commences after the framing of charge, an inquiry can only be understood to be a pre-trial inquiry. Inquiries under Sections 200, 201, 202 Cr. P. C. and under Section 398 Cr. P. C. are species of the inquiry contemplated by Section 319 Cr. P. C. The Court under this Section can summon at any stage either during enquiry or trial. Trial generally starts from framing of charge and lasts upto the Judgment of the case in the form of an acquittal or conviction . The Court under sec 319 can summon any person appears to be guilty even when trial has completed but Judgment is reserved.
Now question arises that whether the Court can summon accused under Section 319 when the Judgment has been pronounced or delivered by Court. This question was raised recently in the case of Sukhpal Singh Khaira vs The State Of Punjab (2019) that can the Court summon any accused under Section 319 Cr. P. C once the Judgment against one accused is pronounced. In the case of Sukhpal Singh (supra), the Judgment against one accused was delivered and another accused was absconding and hence the trial had bifurcated. The Honourable Supreme Court referred this matter to a Larger Bench and now it is sub-judice, but as of now the settled rule is that the stage on which the power of Section 319 Cr. P. C can be used are from inquiry to trial but before the judgment is passed.
Against Whom The Power Of Section 319 Cr. P. C Can Be Used?
The plain language of Section 319 Cr. P. C says that it can be used against any person who is not accused but it appears from evidence that he committed the offence. Such person may or may not be named in the FIR or was named in FIR but his name was dropped in Police report submitted under Section 173 (2) of Cr. P. C the power under Section 319 can be used against them.
In [""Joginder Singh Vs. State of Punjab"", AIR 1979 SC 339], a three-Judge Bench of Apex Court held that the argument that any person not being the accused occurring in Section 319 Cr. P. C, excludes from its operation an accused who has been released by the Police under Section 169 Cr. P. C. and has been shown in Column 2 of the charge-sheet needs to be rejected outrightly. The said expression clearly covers any person who has not been tried already by the Court and the very purpose of enacting such a provision like Section 319 (1) Cr. P. C. clearly shows that even persons who have been dropped by the Police during investigation but against whom evidence showing their involvement in the offence comes before the Criminal Court, are included in the said expression.
Similarly, in [""Anju Chaudhary Vs. State of U.P."", (2013) 6 SCC 384], a two-Judge Bench of Supreme Court held that even in the cases where report under Section 173 (2) Cr. P. C. is filed in the Court and investigation records the name of a person in Column 2, or even does not name the person as an accused at all, the Court in exercise of its powers vested under Section 319 Cr. P. C. can summon the person as an accused and even at that stage of summoning, no hearing is contemplated under the law.
Again in [""Suman Vs. State of Rajasthan"", AIR 2010 SC 518], a two- Judge Bench of Apex Court observed that there is nothing in the language of this sub-section from which it can be inferred that a person who is named in the FIR or Complaint, but against whom charge-sheet is not filed by the Police, cannot be proceeded against even though in the course of any inquiry into or trial of any offence, the Court finds that such person has committed an offence for which he could be tried together with the other accused. However, it is pertinent to note that there is a great difference with regard to a person who has been discharged. A person who has been discharged stands on a different footing than a person who was never subjected to investigation or if subjected to, but was not charge-sheeted. So while summoning a person who has been discharged by Court, court needs high degree of evidences against such person to use the power under section 319 Cr. P. C.
As per Hardeep Singh case (Supra) the power under Section 319 Cr. P. C. can be exercised against a person not subjected to investigation, or a person placed in the Column 2 of the Charge-Sheet and against whom cognizance had not been taken, or a person who has been discharged. However, concerning a person who has been discharged, no proceedings can be commenced against him directly under Section 319 Cr. P. C. without taking recourse to provisions of Section 300 (5) read with Section 398 Cr. P. C.
What Should Be Nature Of Evidence To Summon An Additional Person As Accused Under Section 319 Cr. P. C?
It is true that a prima facie case is to be established from the evidence led before the Court and not necessarily tested on the anvil of Cross-Examination, but it requires much stronger evidence than mere probability of his complicity. The test that has to be applied is that the evidences should be more than prima facie establishing the guilt as exercised at the time of framing of charge but short of satisfaction to an extent that the evidence, if goes unrebutted, would lead to conviction. In the absence of such satisfaction, the court should refrain from exercising power under Section 319 Cr. P. C.
In [""Sarabjit Singh Vs. State of Punjab"", AIR 2009 SC 2792] Court held that, ""Whereas the test of prima facie case may be sufficient for taking cognizance of an offence at the stage of framing of charge, the court must be satisfied that there exists a strong suspicion. While framing charge in terms of Section 227 of the Code, the court must consider the entire materials on record to form an opinion that the evidence if unrebutted would lead to a judgment of conviction. When a higher standard be set up for the purpose of invoking the jurisdiction under Section 319 of the Code is the question. The answer to these questions should be rendered in the affirmative.""
Hence the nature of evidence to summon any person under Section 319 should be more than prima facie but less than 'Surety of conviction'. Moreover, the evidence on the basis of which additional accused is summoned, should be taken during the trial and not necessarily that witnesses who gave such evidence need to be cross examined. If by examination in Chief, some material evidences surfaced against any person who is not tried, then court is competent under section 319 Cr. P. C to summon such person and to try him jointly.
In the case of [""Periyasami Vs. S. Nallasamy"", 2019 SCC OnLine SC 379], Court held that under Section 319 of the Code, additional accused can be summoned only if there is more than prima facie case as is required at the time of framing of charge but which is less than the satisfaction required at the time of conclusion of the trial convicting the accused.
Similarly the Honourable Supreme Court in {Criminal Appeal No. 395 of 2019 (arising out of  SLP (Crl.) No. 4626 of 2017 titled Sunil Kumar Gupta & Ors. Vs State of Utter Pardesh & Ors.""} found an occasion to conclude, that before the Court exercises its jurisdiction in terms of Section 319 of Cr. P. C it must arrive at satisfaction that the evidence adduced by the prosecution, if unrebutted, would lead to conviction of the persons sought to be added as the accused in the case. 
Supreme Court Guidelines For Exercising Powers Under Section 319 Cr. P. C:
In the case of [""Sarojben Ashwin Kumar Shah Vs. State of Gujarat"", 2011 (74) ACC 951 (SC)(Para 16)], the Hon'ble Supreme Court has drawn following guidelines for exercising the jurisdiction by Courts under Section 319 Cr. P. C:
(i) The Court can exercise the power conferred on it under Section 319 of the Code suo motu or on an application by someone.
(ii) The power conferred under Section 319 (1) Cr. P. C applies to all Courts including the Sessions Court.
(iii) The phrase ""any person not being the accused"" occurring in Section 319 Cr. P. C does not exclude from its operation an accused who has been released by the police under Section 169 of the Code of Criminal Procedure, 1973 and has been shown in Column 2 of the charge-sheet. In other words, the said expression covers any person who is not being tried already by the Court and would include person or persons who have been dropped by the police during investigation but against whom evidence showing their involvement in the offence comes before the Court.
(iv) The power to proceed against any person, not being the accused before the Court, must be exercised only where there appears during inquiry or trial sufficient evidence indicating his involvement in the offence as an accused and not otherwise. The word ""evidence"" in Section 319 Cr. P. C contemplates the evidence of witnesses given in Court in the inquiry or trial. The Court cannot add persons as accused on the basis of materials available in the charge-sheet or the case diary but must be based on the evidence adduced before it. In other words, the Court must be satisfied that a case for addition of persons as accused, not being the accused before it, has been made out on the addition let in before it.
(v) The power conferred upon the Court is although discretionary but is not to be exercised in a routine manner. In a sense, it is an extraordinary power which should be used very sparingly and only if evidence has come on record which sufficiently establishes that the other person has committed an offence. A more doubt about involvement of the other person on the basis of the evidence let in before the Court is not enough. The Court must also be satisfied that circumstances justify and warrant that the other person be tried with the already arraigned accused.
(vi) The Court while exercising its power under Section 319 of the Code of Criminal Procedure, 1973 must keep in view full conspectus of the case including the stage at which the trial has proceeded already and the quantum of evidence collected till then.
(vii) Regard must also be had by the Court to be constraints imposed in Section 319 (4) Cr. P. C that proceedings in respect of newly added persons shall be commenced afresh from the beginning of the trial.
(viii) The Court must, therefore, appropriately consider the above aspects and then exercise its judicial discretion.""
The author can also be reached at chauhanjmu@gmail.com and dschau08@yahoo.com




			        ""Loved reading this piece by Dinesh Singh Chauhan? 
			  Join LAWyersClubIndia's network for daily News Updates, Judgment Summaries, Articles, Forum Threads, Online Law Courses, and MUCH MORE!!""




 Join our Telegram group





 Join our Whatsapp group















Click here to Get More Content on LCI Android App











						Tags :criminal law
"
Stricter laws to prevent animal cruelty: The need of an hour,"
“The assumption that animals are without rights and the illusion that our treatment of them has no moral significance is a positively outrageous example of Western crudity and barbarity. Universal compassion is the only guarantee of morality.”: Arthur Schopenhauer[1]
SYNOPSIS
The paper discusses the history and objective of the Animal laws in India. It highlights the societal urgencies existing then that required the incipience of such a law. It also discusses the approach adopted by the courts in providing effect to constitutional provisions dealing with the protection of animals and for the application of such laws. Further, based on the present application, the deficiencies in the liability imposed by the PCA are analysed. Deficiencies in the law are broadly categorised intosum of penalty, non-cognizable status of offences, statutory limitation.
INTRODUCTION
Since immemorial times, Indian society has been known to be country where animals are treated as an integral part of the world and are worshipped too. As per the ancient Indian culture, animals are regarded as divine beings and animals like cow, tiger, lion, elephant, horse, bull, snake, monkey are worshipped. Presently, animals hold various roles, such as agricultural and transportation purposes in the rural areas, as pets, in sports, for entertainment purposes, scientific experiments in the educational sectors in science and research etc. They have a major contribution to our Indian diet. Since the inception of mankind, humans have been dependent on domestic creatures.
However, either they are treated as an object to be worshipped or are subjected to cruelty like harming stray dogs, shooting innocent birds and leaving completely harmless animals to starvation and death, or seen companies illegally experimenting their products on animals, animals being mistreated and harmed for entertainment in zoos and parks, men carrying an unimaginable number of cattle in a cart or truck, beating them and overloading them. Rise in such cruelty against animals has compelled us to recognize importance of laws required to protect and respect animals. Though there are various guidelines in the ancient religious scriptures of India for the protection of animals. India has some provisions in the Constitution and some acts, rules and regulations relating to protection of animals in India too but lack adequacy in them.
MAJOR LAWS RELATING TO PREVENTION OF ANIMAL CRUELTY IN INDIA
Since very early times, it has been seen that India has passed enormous Acts and Rules regarding protection of animals in India. Some of the major laws and rules have been listed below:
UNDER THE CONSTITUTION OF INDIA
The Constitution of India recognizes the lives and welfare of animals by making the same as a fundamental duty of the citizens of India to respect and treat all living creatures with compassion.

Animal rights are protected under the Constitution of India. Article 51A(G) makes it a fundamental duty upon every citizen of India to “protect and improve the natural environment including forests, lakes, rivers and wild life, and to have compassion for living creatures.”
According to Article 48, the state has the duty to organize agriculture and animal husbandry on modern, scientific lines and to take steps for preserving and improving breeds, prohibiting slaughter of cows and calves and other mulch and draught cattle.
Article 48A provides that the State (also) has the duty to protect, safeguard and improve the forests and wildlife of our country.
State List, Seventh Schedule, provides that the State has the power and authority to:Preserve, protect and improve stock and prevent animal diseases, and enforce veterinary training and practice.
Concurrent List, provides that both the Centre and the State have the power and authority toPrevent cruelty to animals, Protect wild animals and birds.
According to Article 243G, Eleventh Schedule, the Panchayati Raj institutions have the duty and authority to deal with matters relating toAnimal husbandry, dairying and poultry and Fisheries.

THE PREVENTION OF CRUELTY TO ANIMALS ACT, 1960

The Act was passed in 1960 and commenced in 1974. It is a central legislation regarding the animal protection in India. The Act came with a simple objective i.e. prevent the infliction of unnecessary pain or suffering on animals.
Section 3 lays down various duties of person to take care of an animal and not inflict harm on him. There are duties to advise Central government for making rules and prevent cruelty to animals.
Section 11 has explained different forms of cruelty to animals like killing them, not providing them food, shelter, water etc and is punishable by fine or imprisonment of up to 3 months or both.
Two large batches of rules under the PCA have been passed in the past 20 years, the first in 2001 and the second in 2017 and 2018. In 2001, rules pertaining to performing animals in circuses and movies, slaughterhouses, animal birth control, and the setting up of societies for the prevention of cruelty to animals (SPCA) were passed. In 2017 and 2018, rules on the regulation of shops that sell animals as pets, dog breeders, and livestock markets were passed.

THE WILDLIFE PROTECTION ACT,1972

This is another Central Act that provides for the protection of wild birds, animals, plants, etc.
According to Section2(37), wildlife includes any animal, aquatic or land vegetation which forms part of any habitat, thus making the definition a wide and inclusive one.
Section 9 of the Act prohibits the hunting of any wild animal (animals specified in Schedule 1, 2, 3 and 4) and punishes the offense with imprisonment for a term which may extend to 3 years or with fine which may extend to Rs. 25,000or with both.
The Act allows the Central and State Government to declare any area ‘restricted’ as a wildlife sanctuary, national park etc. where any industrial activity in these areas is carried out and is prohibited under the Act.
Section 48A of the Act prohibits transportation of any wild animal, bird or plants except with the permission of the Chief Wildlife Warden or any other official authorised by the State Government.
Section 49 prohibits the purchase without license of wild animals from dealers.
Specifically, Section 50 and 51 of the Act define duties for prevention of cruelty against animals and punishment for the harm inflicted respectively.

UNDER INDIAN PENAL CODE,1860

Sections 428 and 429 of the Indian Penal Code makes it illegal to maim or cause injury to any animal. It has also beenmade illegal for vehicles to purposefully injure dogs, cats and cows on the streets. A person who is caught violating these laws can be reported to the local animal protection group and to the police. A case can be filed under the mentioned sections.It is punishable by imprisonment for up to two years or fine or both, under S. 428 and under S. 429, the term is 5 years and is applicable when the cost of the animal is above Rupees 50.
 No sterilized dogs can be relocated from their areaUnder the Government of India, Animal Birth Control Rules 2001, no sterilized dogs can be relocated from their area. As per five different High Court Orders, sterilized dogs have to remain in their original areas. In case a dog is not sterilized, the society can just ask an animal welfare organization to sterilise and vaccinate the dog.

DRUG AND COSMETIC RULES, 2014

It is a worldwide practice that has been going on since ages that animals are subjected to experimentation and suffer in pain due to adverse effects of the same. Most exploited field of experimentation is medicine and cosmetic industry.
Under the Drugs and Cosmetics Rules (Second Amendment) 2014, animal testing for cosmetic products was prohibited all over India.
Any person who violates it is liable for punishment for a term which may extend from 3 to 10 years or shall be liable to a fine which could be Rs.500 to Rs.10,000, or both.
According to Rule 135B of the Drugs and Cosmetic (Fifth Amendment) Rules 2014, no cosmetic that has been tested on animals shall be imported into the country.
A committee, established under the provisions of Prevention of Cruelty to Animals Act–The Committee for the Purpose of Control and Supervision of Experiments on Animals (CPCSEA) released the Breeding of and Experiments on Animals (Control and Supervision) Rules, 1998 (amended in 2001 and 2006) that regulate the experimentation on animals.
Dissecting and experimenting on animals in schools and colleges was banned by UGC in India to avoid cruelty to animals, under the PCCA.

PRESENT STATUS AND APPLICATION OF PCA, 1960
The PCA has been heavily criticised for being inadequate and for lacking thenecessary force to prevent atrocities towards animals. After coming in force, the act has not seen much changes or developments according to changing times. Laws in it have become highly outdated. However, considering the fact that the PCA is the primary legislation in India dealing with animal welfare, it is still hardly seen by the states to follow and implement it.
Cruelty against animals specified under 11(1) (a) to (o) of the Act, makes the offender (in the case of a first offence) liable to pay a fine that may extend to only fifty rupees. In the case of a second offence or a subsequent offence committed within three years of the previous offence, the offender shall be made to pay a fine of not less than twenty-five rupees, the quantum of which may also extend to one hundred rupees or the offender may be imprisoned for a term which may extend to three months or both. These punishments were made in 1960 and have not been amended since then. These fines are very petty in amount in today’s date and don’t make any difference or teach a lesson, let alone preventing such acts by the offenders. Basically, the act’s implementation has lost its ground. And now requires a huge amount of amendments in order to fulfil the objective of the act with which it was made in the first place.
The need of the hour is to bring proportionality in duties of a responsible citizen as well as punishment for the offenders, especially the ones who are repeated offenders. Also, it is important to create awareness about the same.
CASES
ANIMAL WELFARE BOARD OF INDIA v. A. NAGARAJA[2]
In the landmark Jallikattu judgement prohibiting the cruel and inhumane bull taming sport.Animal Welfare Board of India v. A. Nagaraja (‘Nagaraja’), Supreme Court recognised that acts of cruelty towards animals, enumerated under the said provision of the PCA, when allowed, isunconstitutional. In Nagaraja, it banned the sport of Jallikattu,as, in the opinion of the Court, the sport violated Section 3, Section 11(1)(a), Section11(1)(m), Section11(1)(n) and Section22 of the PCA (which relate to competitions or matches between animals, wherein animals are made to fight or perform), and Art. 51-A(g) and (h) of the Constitution (which are Fundamental duties under the Constitution).[3]
It is a landmark judgment not only because it extended the ambit of Article 21, which provides the fundamental right to life and liberty, to include animals as well but courts from across the world have cited the judgment as a path changing judgementwhich has altered the way world sees its non-human citizens. 
N.R. NAIR v. UNION OF INDIA[4]
SC in the case of N.R. Nair v. Union of India, while upholding the validity of a notification issued by the Central Government, banning the training and exhibition of bears, monkeys, tigers and panthers, under Section 22(ii) of the PCA, opined that even though such duties are not legally enforceable in courts of law, the courts will uphold a reasonable restriction on relevant fundamental rights of humans if the State were to make a law which prohibited any act or conduct in violation of any of the duties towards animals.
ANIMALS v. MD. MOHAZZIM[5]
The Delhi High Court has interestingly, in People for Animals v. Md. Mohazzim, recognised the fundamental right of birds to fly in the sky as against the right of humans to keep them in small cages for the purpose of their trade or business.
DESPITE, so many acts, rules and judgements, cruelty against animals never really stopped, even shockingly in recent times, such cases of cruelty have only been increased.
PETA in one of its reports has mentioned that, “If any society chooses to treat cruelty to animals lightly, they are encouraging violence towards humans too. That’s because research in psychology and criminology shows that people who commit acts of cruelty to animals often don’t stop there – many move on to hurting other animals or humans. The US Federal Bureau of Investigation has found that a history of animal abuse is one of the traits that regularly appears in the records of serial rapists and murderers. “
RECENT CRUELTIES IN INDIA

In 2019 an incident of cruelty against animals in Uttar Pradesh took place where a tigress was brutally beaten with sticks, under a protected zone of the Pilibhit Tiger Reserve. 
In September 2019, in Bihar a video was recorded by few men where a nilgai (antelope) was pushed into a pitand buried alive, the same video surfaced internet heavily.
Very recently, there was a killing of pregnant elephant in Kerala, a pregnant cow from Himachal Pradesh and a jackal from Tamil Nadu. These incidents have been stated here together as these have the same method of cruelty used to seriously injure/kill them. In all three cases, those poor animals were fed explosives covered in fruits orany other kind of edibles.

CONCLUSION
There are a huge amount of amendments and changes that are required to be observed in order to stop and discourage such cruelties in country. The starting point should be increasing and bringing proportionality in punishments which have become absolutely outdated.
Establishing active welfare boards under the PCA in each and every state, taking cognizance and preventing such horrendous acts from happening.
Increasing public awareness and apathy towards animals and promoting the concept of treating animals equal to human beings.
There should not only an increase in monetary value of punishment but the same offences should be made non-cognizable where easy grant of bail is not an option.
And while there is a wait for laws to become stricter, we as responsible citizens should prevent happening of such cruelties, make people aware and educate them for having apathy towards animals and not stop demanding for better, stricter and strong laws for protection of animals.

[1] The Basis of Morality
[2]Animal Welfare Board of India v. A. Nagaraja, (2014) 7 SCC 547, 89, 90
[3]Compassion Unlimited Plus Action v. Union of India, (2016) 3 SCC 53
[4]N.R. Nair v. Union of India, AIR 2000 Ker 340, 9.
[5]People for Animals v. Md. Mohazzim, 2015 SCC OnLine Del 9508





			        ""Loved reading this piece by Namami Jain? 
			  Join LAWyersClubIndia's network for daily News Updates, Judgment Summaries, Articles, Forum Threads, Online Law Courses, and MUCH MORE!!""




 Join our Telegram group





 Join our Whatsapp group















Click here to Get More Content on LCI Android App











						Tags :criminal law
"
Legal Provisions to Deal with Obscene acts and songs,"
We do observe in our daily life that common citizen is forced to bear bscene acts and songs may it be in public place or public vehicles and common citizen without having knowledge of law or legal provision, continues to bear though showing his displeasure. Indian Penal Code contains the provision to tackle such problems.
Section 294 of IPC deals with obscene acts and songs. Section 294 does not constitute an act done which is done in private.
To establish a conviction under this section following ingredients have to be satisfied:

Obscene act must be done in some public place or recitation or utterance of a song or words in or in a vicinity of the public place
Annoyance should be caused as a consequence

Case
In the case of Deepa And Ors. v. S.I. of Police And Anr., 1985, the question was raised on the dance that was performed by cabaret dancers in a posh hotel. The court held that the dance performance amounted to obscenity because the dancers showed their private parts during the performance and dance was annoying to the audience.
This performance cannot be said that it was done in some private enclosure as the hotels and restaurants are accessible to the ordinary public.
In The State Of Maharashtra v. Joyce Zee Alias Temiko*, 1973, it was decided by the Bombay High Court that the hotels where the cabaret dancers perform fall under private and enclosed places where access is only allowed to persons who are willing to witness such performances, a person who is aggrieved or ‘annoyed’ after witnessing such performance cannot be protected under this section.
It is only after that such an adult consents to witness such acts that he goes to places where such performance is going on.
Punishment
A person held liable under this section shall be punished either with simple or rigorous imprisonment for a term that may extend to three months., or fine, or with both.
The offence under this section is bailable, cognizable, and non-compoundable and triable by any magistrate.
Keeping the lottery office
Section 294A of IPC punishes those who keep the lotteries that are unauthorized by the government. The object of this section is to save people from getting trapped in such games whose nature is similar to that of gambling. 
This section has been inserted by the Indian Penal Code (Amendment) Act, 1870.
The two methods have been devised in order to prohibit such circulation of money, that is:

Charging for keeping such places or offices that draw such lotteries.
Penalizing the advertisements pertinent to them.

Punishment
The first point of this section says that if any person keeps any place or office for the purpose of drawing such lottery that is neither a State lottery nor it is authorized by the State Government, shall be punished with simple or rigorous imprisonment for a term maximum up to six months, or fine, or both.
The second point of this section penalizes the publication of any proposal related to a lottery that is not authorized by the government. If someone does so he shall be punished with a fine extending up to one thousand rupees.
The offence under Section 294-A of the Code is non-cognizable, bailable and non-compoundable, and is triable by any magistrate.
In nutshell, it a common man wants to initiate action against the accused person, he may do so by adopting the aforesaid legal provisions and ensure the punishment as per law accordingly.




			        ""Loved reading this piece by Raj Kumar Makkad? 
			  Join LAWyersClubIndia's network for daily News Updates, Judgment Summaries, Articles, Forum Threads, Online Law Courses, and MUCH MORE!!""




 Join our Telegram group





 Join our Whatsapp group















Click here to Get More Content on LCI Android App











						Tags :criminal law
"
"Are Criminals, politicians or politicians, criminals?","
Are Criminals, politicians or politicians, criminals?
I would call them ‘crimacians’.
The world of gangsters and politicians have stitched a seamless web around their vote bank in India.
Citizens exercise their constitutional right under Article 326 in delusion, befuddled by the true identity of their leader.
Soliciting votes can be done through power, fame, work or threat.
This unsinking bond came to light with the recent encounter of VikasDubey. The man’s story is not a monotonous tale of his wickedness, it goes beyond and uncovers a heroic and worshipped side to him guarded by the association of his political companions. The enormity of his crimes was safely buried under the garb of his magnanimity.
Dubey, despite being charged under the UP Gangster’s Act, National Security Act and NDPS act continued through his political stints.
Somewhere in 1993, he ran for MLA elections through a BJP ticket, and then through a BSP ticket in 1995-96.
He had great reverence for Hari Krishna Srivastava and respectfully addressed him as his ‘political guru’.
In 2001, Dubey, was accused of killing UP politician, SantoshShukla. He was arrested and later acquitted as 20 witnesses turned hostile.
None of the witnesses were questioned and no appeal was filed upon the final decree of the Court.
While Dubey’s life seemed to fade in custody in the four years he was kept there, his wife was seen contesting elections under the banner of the ruling party.
There was no kryptonite to dim VikasDubey, as he prepared to run the assembly elections in UP in 2022.
Politician Mukhtar Ansari, who won 5 elections from Mau Assembly Constituency, was a member of BSP before he was expelled in 2010 on account of his criminal activities. He was acquitted by CBI Special Court in the murder of BJP MLA, KrishnandaRai.
Despite such grave charges, Delhi Chief Minister ArvindKejriwal, expressed his hopes to join hands with Ansari to give a tough fight to his political contemporaries.
The Union Cabinet and the Speaker of LokSabha are also not free of criminal blots. With their hands stained in blood, they continue to govern the largest democracy of the world.
The National English Watch and the Association of Democratic Rights in 2019,analyzed the ‘self-sworn’ affidavits of 58 ministers including the Prime Minister.
They found that 39% of ministers had criminal charges against them, while 29% had ‘serious’ charges against them.
They stated that there was a 43% inflated percentage of criminal cases against MP’s in 2019, as compared to a 24% in 2014.
Challenging the spread of forbidden activities in politics, a writ petition was filed in 2019. (Public Interest Foundation vs Union Of India) (2019) 3 SSC 224
The petitioner in this case stated that, the presumption of innocence, till proven guilty is an essential feature of criminal law. However, any proceeding prior to conviction does make a person liable under civil law. And therefore, if a person charged with an offence is kept from contesting elections, it will only amount to a reasonable restriction and not a separate offence.
The petitioner forwarded an interesting question by asking,that,if a person charged with an offence with an imprisonment of five years or more is considered undesirable for a government job, then how can such a person be allowed to become a law maker and control the working of the government machinery?
The Court here took a progressive view of the matter and stated that even though they did not want to over- step the boundaries and take over the task of the sword or the knife of government, yet, they did think that “the treatment has to be aggressive”.
The Court in it’s language held that, “There is a need for rectification of a system, failing which there will be a progressive malady in governance and gradually, the governance would be controlled by criminals.”
Finally, the Court concluded by stating that, “Informed choice is the corner stone to have a pure and strong democracy.”
However, it took the country another Judgment and stringent guidelines based on a contempt petition filed in the case of  Ram Baby Singh Thakur v Sunil Arora to realize their duties of keeping citizenry abreast with their leader’s credentials.
The Court passed muster in it’s duty, but stopped short of barring criminals from contesting elections.
All calls of integrity and security are brushed aside every 5 years, exposing the country to the dangers of it’s own kind.
Ironically, the only saving grace of our elections is that section 62(5) of the Representation of People’s Act 1951 disqualifies prisoners from voting in an election.
Thus, all we did is prevent one criminal from choosing another who speaks his language.




			        ""Loved reading this piece by Prakriti Rastogi? 
			  Join LAWyersClubIndia's network for daily News Updates, Judgment Summaries, Articles, Forum Threads, Online Law Courses, and MUCH MORE!!""




 Join our Telegram group





 Join our Whatsapp group















Click here to Get More Content on LCI Android App











						Tags :criminal law
"
Surrender followed by an encounter of gangster Vikas Dubey,"
WHO IS VIKAS DUBEY?
The Uttar Pradesh police started searching for Vikas Dubey after a resident of Bikru village, Rahul Tiwari, lodged a case of attempt to murder against the notorious gangster. The police conducted raids in several places on the basis of the FIR filed by Rahul Tiwari.
Apart from this FIR of an attempt to murder case, Vikas Dubey has over 60 criminal cases lodged against him under CrPC. The criminal cases against him include murder, robberies and kidnapping charges.
Vikas Dubey was also identified as the main accused in the murder of Bharatiya Janata Party (BJP) leader Santosh Shukla, who was a minister of state (MoS). The dreadful criminal killed Santosh Shukla inside the Shivli police station in 2001. Two policemen also lost their lives during the attack. After committing this high-profile murder, Dubey, also known as Shivli's don, had surrendered before the court. However, Dubey was later acquitted from the murder charges by a session court.
Dubey is also accused of plotting murders while in prison, including the murder of his cousin, Anurag.
He also won the Nagar Panchayat elections from Shivrajpur while in jail, and was said to be well-connected with every party in the state. He allegedly used to keep an armed group of henchmen in the village and is feared in the region.
He had also joined Mayawati’s Bahujan Samaj Party (BSP). Vikas Dubey was also involved in the murder of Siddheshwar Pandey, the principal and assistant manager of Tarachand Inter College, in 2000. He was sentenced to life imprisonment in the murder of Siddheshwar Pandey. 
Recently, he and his accomplices committed heinous crime of killing 8 policemen including a deputy superintendent of police, three sub-inspectors, and four constableswith semi-automatic weapons like AK-47.
ARREST OF VIKAS DUBEY
Gangster Vikas Dubey was taken into custody outside a temple in Madhya Pradesh’s Ujjain after a six-day long manhunt for a criminal accused of orchestrating one of the deadliest attacks on policemen in recent years which resulted in death of eight policemen.
For the same, a bounty of Rs 1 lakh has been announced for his capture, which has now been increased to Rs 2.5 lakh, along with the affirmation that the tipster’s identity will not be disclosed. Across the state, fifty dedicated teams and more than 3,000 police officers were mobilized to apprehend him in a major manhunt. The day began with the arrest of two of his aides, namely, Prem Prakash Pandey and Atul Dubey.
CRUCIAL HIGHLIGHTS OF THE ARREST

Vikas Dubey is reported to have shouted his name out when being arrested outside the famous Mahakal temple in Ujjain. “Main Vikas Dubey hoon, Kanpur wala!,” he was heard saying by eyewitnesses. Though various versions of how his arrest being carried out emerged through the day. A Madhya Pradesh minister claimed Dubey was caught by a policeman, while police officials, eyewitnesses, and an administration official claimed he was spotted by locals first and may have surrendered before his arrest.
Madhya Pradesh’s Policemen Vivek Johri claimed that a man selling flowers saw Dubey and informed the security agency at the Mahakal temple, following which the police outpost nearby was informed. When the cops checked Dubey’s identity card, they found out that he was there in the name of one Naveen Pal.
A policeman told that Dubey purchased a ticket for Rs 250 from the temple counter at about 8.30am. He later told the flower shop owner that he was Vikas Dubey from Kanpur. The flower seller said he had identified Dubey as he behaved suspiciously and later informed the security agency guard at the gate of the temple.
A police officer said Dubey kept changing his responses while initial questioning in Ujjain and didn’t correctly reveal how he reached Ujjain and from where and when. The police officer said that Dubey claimed to have arrived in MP through Kota on Wednesday by a busbut his account was not credible since the interstate bus service is still suspended, the officer added. A liquor company’s manager, who is a relative of Vikas Dubey, was reportedly picked up by police to find out whether he had called Dubey to Ujjain. The police did not confirm his detention.
A police officer who interrogated him said most of the officers involved in the manhunt said Dubey was helped at every step, from leaving to a friend’s place at Shivli in Kanpur Dehat to reaching Ujjain while covering around 1,250 km across four states. The police are particularly looking at who Dubey may have reached out to after the Kanpur ambush, while hiding at a friend’s house in Kanpur Dehat’s Shivli town, three kilometres from his village. It was said he reached Shivli on a motorcycle as travel by car would have required him to go through the main roads.
According to police officials, Dubey’s aide Prabhat Mishra claimed during his interrogation before he was killed in an encounter in Kanpur that Dubey had planned everything from his escape to eventual surrender. He used an SUV car to reach Auraiya and then switched multiple rides to reach Faridabad.
Dubey is then alleged to have asked his key shooter Amar Dubey to reach Madhya Pradesh through the Bundelkhand region of Uttar Pradesh. But the police nabbed Amar in Hamirpur and he was killed in an encounter when he tried to escape, the police said. Prabhat Mishra and the staff of the hotel, where Vikas Dubey stayed in Faridabad, said he was confident and relaxed.The other aide, Praveen alias Bauwa Dubey, also wanted in connection with the Kanpur ambush, was killed in an encounter in Etawah, the police said.
Dubey’s wife, his son and their domestic help were also arrested later in the day. According to figures by Kanpur police, the number of people arrested could be as high as 20, including four women who were the spouses of some of the fugitives.
Congress leader Priyanka Gandhi Vadra demanded a CBI probe to ascertain the facts about the alleged patronage and protection to Vikas Dubey. Former MP chief minister Kamal Nath said the gangster’s “safe departure” from Kanpur, arrival at Ujjain and the manner of arrest gave birth to a lot of suspicion.





			        ""Loved reading this piece by Namami Jain? 
			  Join LAWyersClubIndia's network for daily News Updates, Judgment Summaries, Articles, Forum Threads, Online Law Courses, and MUCH MORE!!""




 Join our Telegram group





 Join our Whatsapp group















Click here to Get More Content on LCI Android App











						Tags :criminal law
"
Political background of Vikas Dubey,"
Vikas Dubey was a gangster turned politician, based in Kanpur, Uttar Pradesh, with a long criminal record On July 10, 2020, he was gunned down after he reportedly tried to flee when a convoy taking him from Ujjain to Kanpur overturned dead. The circumstances surrounding the gangster’s encounter are highly questionable at the present time. 
The first-ever criminal case against him was registered in early 90s and by 2020, he had around 60 criminal cases against him. Currently, he is known for his infamous massacre, connected to the killing of a Minister of State inside a police station along with eight policemen,who attempted his arrest.
As has happened with many criminal-turned-politicians, Vikas Dubey's journey was also reaching the safe-haven destination. He was preparing for contesting the Uttar Pradesh Assembly Elections 2022, possibly on a BSP ticket.
His gangmen were preparing the ground in Raniya Assembly Constituency in Dehat District of Kanpur which is a part of Akbarpur Lok Sabha Constituency. The seat is currently held by Pratibha Shukla of the BJP.
Given the current political flavour of Uttar Pradesh, Vikas Dubey had simultaneously been trying to get into the BJP. Some local reports have suggested his entry into the BJP was being ""blocked"" by a national-level party leader.
Becoming an MLA was his ""immediate and much-needed"" goal. Vikas Dubey was, however, not a green horn in politics. His rise in the crime world happened through political backing.
Vikas Dubey was first arrested as a teenager around 1990, when he attacked somebody over an altercation with his father. Some local politicians got him released even without a FIR being registered.
He had powerful connections with politicians, who approached him during every election seeking votes in return for protection from law. The political backing was his tool to get released on bail, despite being involved in a number of case where heinous crimes have been committed. . His last bail was secured in 2018, when he had over 150 criminal cases slapped on him.
By mid-1990s, Vikas Dubey was a BSP member, and the party chief, Mayawati was the UP Chief Minister. Later, he was reportedly cajoled by the Samajwadi Party before 2012 polls which resulted in the Samajwadi Party winning the Raniya Assembly seat. Lately, he had been developing closer contacts with the BJP leaders, which won the seat in 2017.
At the time of the murder of Santosh Shukla (he was a BJP leader and was murdered by latter inside the police station in 2001), Vikas Dubey was a Zilla Panchayat member from Ghimau, 2000-05. It became a reserved seat in 2005, after which Vikas Dubey got his ""men"" elected to the Zilla Panchayat till 2015. In 2015, this seat was reserved for women.
Vikas Dubey's wife, Richa, who is now in police custody had won the seat ""as the day before polling Vikas Dubey and his gangmen toured constituency telling people to vote for her"".

Gangster Vikas Dubey was shot dead while trying to escape after a car accident in Uttar Pradesh, the police said on Friday morning, a day after his dramatic arrest in Madhya Pradesh.

The statement given by the police who were in charge and were present there at the time of encounter seems dissatisfying and leaves the people with many burning questions.




			        ""Loved reading this piece by Member (Account Deleted)? 
			  Join LAWyersClubIndia's network for daily News Updates, Judgment Summaries, Articles, Forum Threads, Online Law Courses, and MUCH MORE!!""




 Join our Telegram group





 Join our Whatsapp group















Click here to Get More Content on LCI Android App











						Tags :criminal law
"
Information to the police and their powers to investigate - Proposal to strengthen the legal framework,"
Offence is the breach of Law or Rules or Commission of illegal act of Crime. The main objective of the law to provide a basic framework for the punishment of offenders against the substantive Criminal law and prescribed the rules for conduct of proceedings against any person who has committed an offence under any Criminal law, whether it is Indian Penal Code or any other Criminal law. Criminal Procedure Code, 1973 provides the manner and place, where investigation inquiry and trial of an offence shall take place and dealt by the respective enactments. Thus the law has laid down well defined methodology under Chapter XII to handle information given to the police authorities besides defining their powers to investigate such complaints received from any common man for initiation of Criminal procedures against the offenders or person who perpetrated the commission of any crime. This paper evaluates the scope for enlargement of the existing provisos under this Chapter to ensure that the culprit is cornered at all sides to facilitate expeditious action under the due process of law.
CHAPTER XII OF CRIMINAL PROCEDURE CODE, 1973





SEC


CONTENT HEADING 


NEW ADDITIONS TO PLUG THE DEFICIENCIES




154


Information in cognizable cases


Information need not be always insisted in writing. The Complainant shall use all means of electronic channels to ensure that the information is registered at the police station and the data should be readily accessible to the State Police HQ for follow up and disposal. This would ensure not only transparency but also enable judicious classification of offences under Bailable, Non-Bailable, Cognizable, Non-Cognizable, Compoundable & Non-Compoundable. Every police station should be attached with a list of empanelled lawyers to render legal services both to the Police and as well as public so that professional interpretation of legal provisos is enabled at the initial stage itself.




155


Information as to non-cognizable cases and investigation of such cases.


All Non-cognizable cases and investigations should contain the prima-facie approval the local Magistrate who will engage the services of the Government Pleaders and other Law Officers before entrusting the case to the concerned police station for enquiry and investigation. Judiciary should first take lead and guide the law enforcing agencies in all such cases.




156


Police officer’s power to investigate cognizable case.


This Power should be entrusted only to the office of the District Superintendent of Police along with the Magistrate who will again seek the legal guidance from the Government law officers and the empanelled advocates as prescribed under Section 190 before taking cognizance of offences.




157


Procedure for investigation.


The Investigation Report should be duly ratified or attached with the Legal Opinion report of the Government empanelled advocate to study the legal feasibility which could serve as a main document for the prosecution.




158


Report how submitted.


Report should be invariably routed through the office of the District Superintendent of Police who must evaluate and forward to the District Magistrate along with the legal opinion report of the Government Lawyer.




159


Power to hold investigation or preliminary inquiry.


Magistrate should be empowered to directly summon the complainant and the parties notified in the report to the court after deputing his subordinate to collect and verify the evidences and witnesses and register in a dairy before conducting the preliminary inquiry at the court premises.




160


Police officer’s power to require attendance of witnesses.


Attendance of the witnesses should be taken on record and statements registered only in the presence of Senior Advocates.




161


Examination of witnesses by Police



Examination of witness should be done only the presence of a superior officer and Advocate.
Oral enquiries should be registered in a diary.
The true copy should be certified by DSP rank official.





162


Statements to police not to be signed: Use of statements in evidence.


Statements to police should be signed only the deponent and certified in the presence of Government appointed advocate




163


No inducement to be offered.


Inducement made by police official should also be recorded in the register.




164


Recording of confessions and statements.


Recording of confession and statements should be done only at the premises of Magistrate’s Court duly witnessed




164A


Medical examination of the victim of rape.


Rape victim should be examined only by a lady doctor not less than a Civil Surgeon rank and her report should contain all the details specified in this proviso and must depose before the court as the first prosecution witness.




165


Search by Police Officer.


Search procedures should be oriented only towards the Prime Accused all parties related to the crime. Under no circumstances the searching Police officer should take any other person directly or indirectly related to the crime to be taken to the police station for any inquiry or interrogation at the preliminary stage. Legal obligation of the Prosecution to summon others, if needed for inquiry so that no innocent is harassed by the police in the name of search or inquiry.




166


When officer in charge of Police station may require another to issue search-warrant.


Search warrant procedures should not cause any harassment or assault or torture by the police. The concerned police officer should be held personally liable for causing damage to life and property




167


Procedure when investigation cannot be completed in twenty-four hours.


If the Investigation could NOT be completed in 24 hours the accused should be summoned before the Magistrate submitting all documents and Medical report alongwith the reasons for delay and apply for remand procedures for the Judge to decide.




168


Report of investigation by subordinate Police officer.


Report of Investigation by the Subordinate Police officer should be complete on all respects and should contain all material facts and evidences duly signed and witnessed by the parties.




169


Release of accused when evidence deficient.


When evidence is deficient the complainant and the accused should be summoned before the Magistrate and record his submissions and affidavit and requisite bonds. Police authorities’ along with the Law Officers of the Court should take up for disposal of the complaints based on available facts on hand.




170


Cases to be sent to Magistrate, when evidence is sufficient.


All original case documents including copies of statutory registers, bonds, affidavits, statements, etc should be signed by the parties concerned duly verified by advocates on both sides with regard to applicability of the relevant provisos of Criminal Laws to the case and submitted before the Magistrate with a set of copy delivered to all persons who executed the documents.




171


Complainant and witnesses not to be required to accompany police officer and not to be Subjected to restraint.


Compliance of this proviso should be strictly adhered and any violation would be subject to suitable disciplinary action against the erring police officer besides suspension of service. Non-execution or refusal of signing bond by the Complainant and witnesses should be mentioned before the Judicial Magistrate by the prosecution and the former can make submission for the reasons thereof before the Judge directly.




172


Diary of proceedings in investigation


Proceedings in Investigation should be electronically transmitted into the HQ Server under the registered login id of the police official who should also ensure proper maintenance of hardcopy records of case documents and annexures, etc.




173


Report of police officer on completion of investigation.


Once investigation process is completed the police officer should ensure uploading of all softcopies of all case documents into the HQ Server through data entry into a standard application software under a secured login id. The System should generate a unique Case ID and be noted on the physical copies of the case diary duly sealed and submitted to Magistrate.




174


Police to enquire and report on suicide, etc.


Police on receipt of information about any incident should accompany a Government doctor alongwith two or more respectable inhabitants of the neighbourhood to visit the scene of crime or accident or assault or the place suicide committed and body found. They must note down all details of the victim on the spot and submit directly to the Police station with a copy directly to the District Police HQ.




175


Power to summon persons.


Power to summon any person including the prime accused, accomplices and witnesses thereon should be entrusted only to the next higher police official of the Police Station based on prima facie facts and evidences received from the complainant




176


Inquiry by Magistrate into cause of death.


Magistrate should certify the correct Cause of Death based on his assessment by application of his mind on the basis of the medical-legal facts based on videography conduct of autopsy reports submitted by the Govt. doctors.





Information to police by any common man and the procedures adopted in the investigation process as laid down in the law has to be handled boldly, voluntarily with all fairness to ensure




			        ""Loved reading this piece by Parthasarathi Loganathan? 
			  Join LAWyersClubIndia's network for daily News Updates, Judgment Summaries, Articles, Forum Threads, Online Law Courses, and MUCH MORE!!""




 Join our Telegram group





 Join our Whatsapp group















Click here to Get More Content on LCI Android App











						Tags :criminal law
"
Bail and Suspension of Sentence in POCSO Act,"
The brief facts of the case is that Petitioner/accused and prosecutrix both residing in the same locality, known to each other for long time and the developed relationship each other and both with free consent, without any coercion and undue pressure decided to enter into a matrimonial relationship though before entering into relationship prosecutrix was aware of the fact that her marriage with petitioner will not be approved by her family members and there were high probability that she will be married to some one else, therefore she asked the petitioner to register their marriage at Arya Samaj. Marriage was registered and she resides voluntarily without any fear and coercion at her matrimonial home i.e. at the residence of the petitioner.
After 8 days, her uncle on 22.10.2016 (after a delay of about 8 days) filed FIR u/s 363 IPC against petitioner for kidnapping. That on 24.10.2016 prosecutrix was recovered from the house of petitioner and she voluntarily stated that her age is 18 years 6 months and she decided with free consent and without any fear to marry with petitioner as her parents would marry somewhere else.
Prosecutrix in her statement u/s 161 CrPC dated 24.10.2016 stated that she did not want to go to her parents house and she is more than 18 years of age and her statement u/s 164 CrPC was recorded on 24.10.2016 and she clearly stated that her age is 18 years and she married to petitioner.
Before Trial Court during evidence, prosecutrix stated that date of birth recorded in her school records is correct. As per school record, she is 13 years age. Principal of school stated that her date of birth was recorded on the basis of affidavit given by prosecutrix's father at the time of joining school. Ossification test was ordered by Trial Court, result shows that prosecutrix is b/w 20 to 30 years.
However, Trial Court applying the principles enshrined under Justice Juvenile act 2015, convicted petitioner u/s 366 IPC and u/s 6 r/w 5(p) of POCSO Act and sentence him for imprisonment for 10 year R.I. by relying on only piece of evidence that prosecutrix’s school records reflect her date of birth is 18.09.2003 which comes to age 13 years.
Petitioner challeged the same by filing appeal before Delhi High Court, though appeal was admitted but the bail and suspension of sentence application was rejected by Hon'ble High Court on the sole ground there is finding recorded by Ld. Trial Court that prosecutrix is aged 13 years at the time of offence.
The impugned order of High Court was challenged before Apex Court by filing Special Leave Petition. The Counsel for Petitioner namely Mr. Ronak Karanpuria with Vishwa Pal Singh, AOR stated that neither abduction was proved which falsify the basis of FIR. Most importantly prosecutrix in Section 161, 164 stated clearly supported the case of petitioner and her ossification test shows she is more than 20 years and therefore she was not minor on the date before enterning into sexual relationship. It was stated that Trial Court wrongly applied the principles of JJ Act, 2015, where date of birth recorded in matriculation certificate or school record can be relied only when it was based on authentic underlying documents, however, in the instant case, date of birth of prosecutrix was recorded on the basis of affidavit filed by her father which is not admissible at per law.
Mr. K M Natrajan ASG with Mr. Chirag M. Shroff, AOR appearing for State, supported the findings recorded by Ld. trial Court and stated that accused has undergone only 1.5 years of imprisonment out of 10 years and therefore ought to not be released from Jail.
Apex Court after hearing both sides granted leave and allowed the criminal appeal. Held that High Court was totally wrong in not granting bail and suspension of sentence. Apex Court setaside the order passed by High Court and set the petitioner/appellant free. 




			        ""Loved reading this piece by ronak? 
			  Join LAWyersClubIndia's network for daily News Updates, Judgment Summaries, Articles, Forum Threads, Online Law Courses, and MUCH MORE!!""




 Join our Telegram group





 Join our Whatsapp group















Click here to Get More Content on LCI Android App











						Tags :criminal law
"
A thematic review of criminal theory: Exploring the link between crime and morality,"
Synopsis:
Criminal law has a distinguishing role to play in the social world, a function that provides it a distinct center from different territories of law, since criminal law is the essential legal organization by which a community reconstructs the ethical premise of its social order, its moral life, in the wake of an assault on that moral life. However, it's not obvious why the concept of embodied ethical life is in a way associated with the thought about crime and punishment. This article's purpose is to uncover that link.
Introduction:
Law is basically a collection of rules and principles created and enforced by the state whereas morals are a collection of beliefs, values and principles and behavior standards which are enforced and created by society. Legal and moral rules can be differentiated, with the previous being created by the legislative institution of parliament; whereas the latter have evolved with and through society and are the standards which society generally accepts and promotes. Some laws mirror the bulk of society’s moral view, for instance, that murder is wrong but the introduction of same sex marriages is seen by some people as morally wrong and society is split.
The relation between law and morality:
Law and morality both overlap sometimes, both of those can not be exclusive but sometimes something is against the law but in keeping with morality or something against morals will be per law.
For example, if a hungry needy person stole a bit of bread, if we see this in keeping with the law then stealing something is against the law but if we see this example in keeping with morals then, it's right because the person was trying to fulfil his fundamental right to keep his soul and body together.
In another example a nation refuses to offer permission to refuges to require shelter in their country to safeguard its citizens right and makes a law for the identical purpose, it's against the morality because we must always help the needy one but this can be lawful.
The law is additionally an efficient tool to enforce moral values and principal, for instance, every citizen should pay the tax for development of the sate but there'll be less number of taxpayers if there'll be no law regarding this. In another example once we are driving on road we must always obey traffic rules to shield others who are also travelling with us, however in the event that there'll be no law in regards to this no one will adhere to these standards simply because of ethics.
The relation between law and morality can be understood by two theories of law positivism theory and natural law theory.
Natural law theory: in step with this theory both law and morality are connected. Consistent with natural law theorist, human law is predicated on the principle of morality, not on any human-made principles.
Status of law under natural theory doesn't rely upon only acts, but also religion, custom, ethics. this theory talks about what should be. Natural law is intrinsic and not required any authority to impose it.
Positive law theory: According to this theory law is command of sovereign authority. A command of a human being for the masses where the previous one is more powerful and stronger than other. The sovereign enjoys the power status and his authority as the lawmaker is unquestionable. In step with the matter, it'll decide what's right and what's wrong and if one doesn't follow the law there'll be a punishment. Jeremy Bentham who is taken into account to be the first positivist believes that law should be supported on human experiences. The positive law might set the quality for the actions that are required and for those which are prohibited.
Historic case where the conflict between law and morality can be traced.
R v Dudley and Stephens
[Law and ethical quality – the law knows no guard of necessity]
Three mariners and a cabin boy were wrecked and were hapless in an open boat 1600 miles from land. After they had somehow survived eight days without food, and six without water, DD concluded that their solitary possibility of survival was to kill the kid (cabin boy) and eat him, and this they did. After four days they were picked by a passing boat, and on coming back to England were sentenced for homicide.
Held: Necessity can never be a defence to kill. Their sentence of death was later driven to a half year's detainment.
Oppenheimer v Cattermole
[law and morality- an out of line law ought to be given inclination above morality]
Mr.oppenheimer was a German resident and was a educator there. He was kept for a brief timeframe at the concentration camp at Dachau and after that he went to Britain and acquired British citizenship. German authorities resolved to make remuneration to the representatives of Jewish religious communities gave Mr. Oppenheimer annuity and another pension was likewise granted to him when he turned 65.
Later an inquiry was raised that whether he is liable to pay tax to the British government on his annuities or not. In the event that he is just a British resident, at that point he needs to pay, however on the off chance that he is additionally a resident of Germany he can be excluded from this risk. The case initially choose by UK Special Commissioners for annual assessment held that as indicated by German law 1913, "" a German lost their German nationality in the event that they procured a nationality without authorization."" Thus, he lost his German citizenship and subsequently was obligated to pay taxes.
Law and morality and current scenario:
1.Section 377 of Indian penal code,1860 and morality
Section 377 provided the punishment for ""carnal intercourse against the order of nature"". This section criminalised all the sexual act which weren't in step with the character and prescribed punishment for the identical. These acts include all the sexual acts which are non vaginal or not productive, due to this section the member of LGBT(lesbian, gay, bisexual, transgender,) faced social discrimination.
However, on 6 September 2018, the Supreme Court of But, on 6 September 2018, the Supreme Court of India decided that the applying of Section 377 to consensual gay sex between grown-ups was unlawful, ""unreasonable, indefensible and obviously arbitrary"". The Constitution guarantees all citizens, independence of sexual orientation or identity as their fundamental right. This judgement proved that the Court is concerned with safeguarding ‘constitutional morality’, not ‘popular morality’.
2. Female genital mutilation
The practice of genital mutilation is practised in India by Dwoodi Bohra community, A Muhammedan community originated from Yemen, settled within India during the 16th century. The primary explanation for this practice is to follow shariat. This is often against the law. This practice is extremely dangerous since it is usually practised by an untrained person who do not have any medical expertise, and because of these factors, the victim of these practices need to suffer physical and mental pain.
Touching of female genital parts aside from medical purpose is a crime under IPC and POCSO act. Something that's criminal can not be practiced within the name of ethics or morality. It's against the dignity and privacy of girls. Still, this practice is prevelant in India.
3. Nikah halala and morality
Halala is a term that is driven from word ""halal"" which implies something passable and as per law. Nikah halala is a part of the personal law of Muslim community. According to this, if a groom had divorced from his significant other, and from that point forward, on the off chance that he needs to wed her once more. At that point for being qualified to re-wed her past spouse, the lady initially ought to wed some other man and afterward consummate her marriage and then only after taking divorce from that man, she can wed her past husband. These sort of practices consistently favor male individuals from a community, and ought to be tested for checking legitimacy, this is against the general principles of morality.
4. Refuges and morality:
Helping a needy person is an ethical obligation or an act as per moral standards. Today a few nations in the word have more assets and some do not have any. So the nations should help each other in this kind of circumstance. However, what is happening currently is an alternate picture, nations are passing laws that keep refugees from entering their nation. The reasons given for such acts are danger to the country's security, depleting of assets and so on. In spite of the fact that these laws are lawfully right however such acts are denounced for being against the Ethical standards.
Conclusion:
The Constitution of India protects all facets of individual diversity and morality, and thus any conduct that's a mirrored image of diversity, can not be labelled as harm.
Whatever is the manner in which the direct of individual is administered either by moral standards or by man-made law.They must be progressive in nature and should have that power to differentiate between wrong and right. Fundamental necessities of people mustn't be laid low with any form of law. Law is an instrument to urge moral standards adequately.The moral is an intrinsic phenomenon but the law is external if someone isn't following morality in his conduct there'll be no effect but if one disobeys the law there's punishment for the identical.




			        ""Loved reading this piece by Shalini Kashyap? 
			  Join LAWyersClubIndia's network for daily News Updates, Judgment Summaries, Articles, Forum Threads, Online Law Courses, and MUCH MORE!!""




 Join our Telegram group





 Join our Whatsapp group















Click here to Get More Content on LCI Android App











						Tags :criminal law
"
"Pedophilia: A mental disorder, not a crime per se","
INTRODUCTION
According to a survey, 1% of the male population continues, long after puberty, to find themselves attracted to minor children. These people are living with pedophilia, a recurrent and intense sexually arousing fantasies, sexual urges, or behaviors involving sexual activity with children, mostly of age 13 years or less. It's a mental illness, and like most people, they have no control over their sexual preferences. Unfortunately, our laws are failing them and, hence, ignoring opportunities to prevent child abuse.
MISCONCEPTIONS
There is no explicit cases on pedophiles in India, because India recognise every child sexual offender as a pedophile. This ignorance is not justified and awareness must be spread about this misconception. Pedophilia is a mental illness and it’s high time that India recognise it like other countries do.
Part of the failure stems from the many misconceptions that people have like pedophilia is the same as child molestation. One can live with pedophilia and not act upon it. Most pedophiles believe that sex with children is wrong. They have such sense of morality.They themselves are the victims of their mental condition.
A second misconception is that pedophilia is a choice. Recent research suggests that the disorder may have neurological origins. Pedophilia could result from a failure in the brain to identify which environmental stimuli should provoke a sexual response.
The third misconception is that pedophilia is much more common among men than among women. It can happen to anyone, but the difference lies upon the person who acts on it. Mostly men are more likely to act upon this disorder than women.
DIAGNOSIS
M.R.I.s of sex offenders with pedophilia show fewer of the neural pathways known as white matter in their brains. Men with pedophilia are 3 times more likely to be left-handed or ambidextrous, a finding that strongly suggests a neurological cause. But it is just a theory.
Some findings also suggest that disturbances in early childhood increase the risk of pedophilia. Studies have also shown that men with pedophilia have, on average, lower scores on tests of visual-spatial ability and verbal memory.
Predatory pedophiles may use force or coercion to engage children sexually and may threaten to harm them if the child tells anyone. Many of these pedophiles have an antisocial personality disorder.
Many pedophiles have or develop substance abuse and depression. They often come from a dysfunctional family, and marital conflict is common among them. Many have been sexually abused as children.
INDIA AND ITS STAND ON PEDOPHILIA
Pedophilia is not an offense under the Indian law, because Indian law does not identify pedophilia at all.
POCSO is the only act that is been made for child molestation in India. Child predatory concerns are valid in any country and laws to protect them must be executed.
The Protection of Children from Sexual Offences (POCSO) Act, 2012 was enacted to provide a legal framework for the protection of children from offenses like sexual assault, sexual harassment, and pornography, while safeguarding the interest of the child at every stage of the judicial process.
The Act provides for a variety of offenses under which an accused can be punished.
It recognizes forms of penetration other than penile-vaginal penetration and criminalizes acts of immodesty against children too. Offenses under the act include-

Penetrative Sexual Assault: Insertion of penis/object/another body part in a child's vagina/urethra/anus/mouth, or asking the child to do so with them or some other person
Sexual Assault: When a person touches the child or makes the child touch them or someone else
Sexual Harassment: passing sexual remarks, sexual gestures, repeatedly following, flashing them, etc.
Child Pornography

The act is gender-neutral for both children and the accused. The Act also makes abetment of a child sexual abuse an offense.
So basically this Act only focuses on the victims and gives all the sexual offenders the same kind of punishment, but what it ignores is the mental condition of the offender. Pedophilia is a disorder that cannot be fully treated, so even if the offender does his/her time in jail, it doesn't guarantee that he/she will not repeat it again in the future, because of the lack of proper treatment.
There must be some law to differentiate sick or unfit people from the rest of the offenders so that proper treatment is available to them.
KEY POINTS

Pedophilia is a sexual orientation and is unlikely to change. Treatment aims to enable someone to resist acting on his/her sexual urges. Treatment is the only way possible to limit sexual molestation.
No intervention is likely to work on its own; outcomes may be better when the patient is motivated and treatment combines psychotherapy and medication.
Parents should be aware that in most sexual abuse cases involving children, the perpetrator is someone the child knows.
Misconceptions can harm people, and a proper diagnosis of these people is very important.
We need to spread awareness regarding this issue and India needs to act upon it.

CONCLUSION
People don't choose what arouses them, they discover it. No one grows up wanting to be a pedophile. But we cannot ignore the fact that it is a mental condition, which is recognized by many medical schools and experts. We have to understand that in some cases pedophiles are the ones who are the real victims because they do not know what they are doing and why they are doing so because of their illness. The important thing is that people know they do not want real-life sex with children and doing so is wrong and immoral. But there is no awareness regarding this condition. Even if someone wants treatment, they wouldn't know and have to live with this condition, which will not only harm them but also people (especially children) around them. We cannot identify and justify every sexual molestation against a child in a single Act or law.




			        ""Loved reading this piece by Mehak Gupta? 
			  Join LAWyersClubIndia's network for daily News Updates, Judgment Summaries, Articles, Forum Threads, Online Law Courses, and MUCH MORE!!""




 Join our Telegram group





 Join our Whatsapp group















Click here to Get More Content on LCI Android App











						Tags :Criminal Law
"
A custodial death of a father and son to start a protest in Tamil Nadu,"
Introduction:
Even during these tough times, the situations can take a turn even for the worse, and a protest in the midst of such is nothing more than the mockery of law and order. While the world angers over the death of George Floyd to police barbarity, back home the demise of a father-son duo allegedly in police custody in Tamil Nadu's Tuticorin district has resulted in a furore in the state.
Now, media reports have indicated that the pair was viciously sexually ill-treated in police custody.
Facts of the news:
P. Jayaraj, 58, a timber dealer, and his son, J. Benicks, 31, who owned a phone service and sales centre, were inactive for allegedly keeping their shops open when licensed hours at Sattankulam city in Thoothukudi district and remanded to judicial custody.
On Friday it had been mentioned that the father was closing the shop around 8:15 p.m. that was past the time assigned within the district, Personnel from the Sathankulam police station was on patrol duty, reportedly force him up for running the shop on the far side the permissible time, And an argument happened.
On Saturday evening, the police personnel visited the shop once more and had a confrontation with Jayaraj. Once the son interceded, each father and son were taken to the police headquarters and engaged underneath many sections of the IPC, as well as Section 188 (disobedience to order punctually publicised by employee) and 353 (use of force to discourage public servant from duty).
On Sunday, when a medical check-up, the pair was lodged within the Kovilpatti sub-jail. That evening, native residents alleged, Benicks complained of hurting and Jayaraj had a high fever. each was taken to the Kovilpatti government hospital, where Benicks died on Monday evening and Jayaraj succumbed to respiratory disorder Tuesday dawn.
The action of the Judicial System:
In a swift response, the Madurai Bench of the Madras supreme court, that took suo moto cognizance of their death, has determined to control the progress of the statutory magisterial investigation. it's asked for a standing report from the police and conjointly directed that the autopsy be video-graphed. Chief Minister Edappadi K. Palaniswami has proclaimed a compensation of â‚ą10 hundred thousand every, whereas 2 sub-inspectors are suspended ANd an inspector placed on obligatory wait. The sheer moratorium of police personnel concerned is AN inadequate response to AN implausibly wrongful abuse of authority by the enforcement machinery. The police ought to register a case of murder and also the matter confiscated by AN authority for a good investigation. Custodial  deaths square measure typically the results of the pervasive use of torture in India’s police stations for extracting admissions of crime, however , it's not uncommon, alas, for the police to use their power and authority to settle personal scores. If the death of Jayaraj and Benicks square measure ultimately established as guardian killing as a result of torture or assault by the police, it might solely mean that the matter is way deeper than the mere lack of expertise in fact-finding strategies. it would indicate a unique pathology among police officers that produces them visit violence and damage against the weak. Since the first days of this internment, there are numberless reports, typically backed by video footage, of the police and officers assaultive voters within the name of imposing restrictions, and award  personal penalty on violators, and generally kicking and overturning carts containing things purchasable. During this case, the father was thrashed even before being taken to the police headquarters.
Their offence would have solely attracted Section 188 of IPC (for disobeying the time restrictions ordered by a public servant), however, they were conjointly engaged underneath Section 383 (extortion by threat) and Section 506 (ii) (criminal intimidation). it's renowned that the police embrace ‘intimidation’ within the FIR exclusively to get AN order of remand because it is non-bailable if they're bent upon causing somebody to jail. The inclusion of non-bailable sections for a lockdown violation indicates a perverse and previous inclination to harass the 2 and cause suffering. the highest brass of the police too can have to be compelled to bear responsibility for this atrocity because it indicates a proof failure to get down norms for policemen on the sphere to handle internment violations with quality.
FATHER-SON SUBJECTED TO CUSTODIAL SEXUAL ABUSE: MEDIA REPORT
A Chennai-based news site The Federal has quoted eyewitnesses as an expression that Jayaraj and his son Fennix were allegedly sodomised in police custody.
Quoting friends and family, The Federal reported that once the father-son pair was free from jail, they were found abundantly hurt from their body part. “Between seven am and twelve pm on June twenty, the father and son had modified a minimum of seven lungies (waistcloth) every as that they had become wet thanks to blood oozing from their rectums,” The Federal quoted a follower of Bennick's as expression.
The friend is conjointly aforementioned that the father-son pair came out of jail in a very dishevelled state with torn and bloody garments. He added that they complained of severe body part pain and unbroken hurt from their body part. They were taken to a hospital when being free from jail wherever the doctor allegedly declared the pair match on the insistence of the native inspector.
Bennick's and his father were then taken to the judicial functionary however reportedly couldn't tell the reality of their ordeal thanks to perennial threats from the police. Friends of Bennicks, who were present within the police headquarters once the police rounded them up, told the news outlet that for 3 hours, they detected solely the screams and cries of Jayaraj and Bennicks. ""Throughout the night, the pair cried for facilitating and folks residing concerning five hundred meters off from the station may hear that,” the looker reportedly aforementioned.
The Justice Demanded by the Family:
The family demanded that a killing case be registered against 2 sub-inspectors, since transferred, alleging they were in command of the halt of their father and brother. They aforementioned that they had lost each the male members of their family. The relatives aforementioned they'd not settle for the bodies until their demand was heeded to, as the post mortem was command at the Tirunelveli Government Hospital. Various political parties, as well as the DM K, wished action those chargeable for the duo's death.
Now the concern here stands is whether the cost of a naive citizen of this nation is merely a compensation of some payment or will justice be served against the protector of the law themselves?




			        ""Loved reading this piece by Varnita Ojha? 
			  Join LAWyersClubIndia's network for daily News Updates, Judgment Summaries, Articles, Forum Threads, Online Law Courses, and MUCH MORE!!""




 Join our Telegram group





 Join our Whatsapp group















Click here to Get More Content on LCI Android App











						Tags :Criminal Law
"
Plea Bargaining and its Procedures ,"
What is plea bargaining?
Plea bargaining essentially is pre-trial negotiation (bargaining) between the accused and the prosecution.  In plea bargaining, what really happens is that the accused pleads guilty in exchange of seeking some reduction in the charges or sentence.
Plea bargaining is in operation since 2006, by adding a Chapter XXI-A (Sections 265A to 265L) through an amendment in the Criminal Procedure Code, 1973 (CrPC).
The precise object of plea bargaining is to reduce the delay involved in criminal trial and to punish the accused with a lesser sentence when he pleads his guilt.
It was the 154th Report of the Law Commission of India which first recommended for including the practice of plea bargaining in Indian criminal justice system. Many countries have included this practice in their criminal practice.
Two kind of plea bargaining
Two categories of plea bargaining are there: one is charge bargaining and the other is sentence bargaining.
In charge bargaining the accused pleads guilty in exchange of a promise by the prosecutor either to reduce the charge to a less intensive one or to dismiss some of the multiple charges.
On the other hand in sentence bargaining, the accused pleads guilty in exchange of a promise by the prosecutor to recommend a lighter sentence.
Where plea bargaining not applicable
Plea bargaining is not available to an accused who has been charged with an offence punishable with death, life imprisonment or imprisonment for a term exceeding 7 years.
Similarly, plea bargaining is not permissible if the offence is against a woman or a child of less than 14 years of age.
Plea bargaining is impermissible, if the offence affects the socio economic condition of the country. Such offences have been notified by the Central Government.
On 11th July 2006, the government notified the offences coming under 19 laws from the Dowry Prohibition Act to the Army Act to the explosive act as offences affecting the socio- economic condition of the country.
Who can apply for plea bargaining?
Two kinds of accused persons can apply for plea bargaining: one is the accused against whom police report has been forwarded by the officer in charge of the police station alleging the offence, and the other is the accused against whom a Magistrate has taken cognizance of an offence. But a plea bargaining is not applicable to any juvenile or child.
An accused person satisfying the above conditions can file an application for plea bargaining in the court where such an offence is pending for trial.
What the application should contain?
The application should contain a brief description of the case. It should be accompanied by an affidavit stating that he has voluntarily preferred the application after understanding the nature and extent of the punishment and has not been convicted in the same offence by a court earlier
Procedure for disposal of application
The court then issue notice to the public prosecutor/complainant, and the accused asking them to appear before the court on a specified date. The court shall then examine the accused in camera in the absence of the other party to ensure that the filing of application was voluntary.
Then the court shall allow the prosecutor/complainant, and the accused to work out a mutually agreeable disposition of the case which would include giving compensation and other expenses to the victim.
Based on the agreement arrived at by the prosecutor and the parties, the court will prepare a report of satisfactory disposition signed by the Judge and others participated in the meeting, and dispose of the case.
Compensation & quantum of punishment
While disposing the case the court will award compensation to the victim as agreed, and hear the parties on the quantum of punishment & releasing of the accused on probation of good conduct under Section 360 CrPC / the Probation of offenders Act, and impose a lesser punishment on the accused.
The procedure for arriving at the punishment by the court after hearing the parties will be as follows:

If the court finds that it is a fit case for releasing the accused on probation it may release the accused on probation.
If the court finds that a minimum punishment for such an offence is provided in the law it shall impose half of the minimum punishment.
If the court finds that the case is not fit for above mentioned modalities the court may impose the accused to one-fourth of the punishment provided in the law.

After deciding the punishment the judge will deliver his judgment in the open court and sign it.
No appeal for such judgments
The judgment delivered by the court under plea bargaining shall be final and no appeal shall lie against it.  However, the aggrieved person can file Special Leave Petition (SLP) / Writ Petition under Article 226 / 227 of the Constitution against such judgment.
If the trial court does not strictly follow the procedures, revision will lie against the judgment and there is a possibility for remitting the case to the trial court.
The author is a practising advocate at Thrissur, Kerala.
Also watch: Evaluation of the Concept of Plea Bargaining in India | Justice Chandra Jit Singh | #LCI_Talk


Â 





			        ""Loved reading this piece by Adv K Rajasekharan? 
			  Join LAWyersClubIndia's network for daily News Updates, Judgment Summaries, Articles, Forum Threads, Online Law Courses, and MUCH MORE!!""




 Join our Telegram group





 Join our Whatsapp group















Click here to Get More Content on LCI Android App











						Tags :criminal law
"
The law surrounding depression and suicide,"
The recent death of Bollywood actor Sushant Singh Rajput, who allegedly committed suicide on 14th June 2020, has left the country in shock and has once again started the discussion on the much-subsided topic of the importance of mental health. As per sources, the actor was battling depression. This article focuses on the law surrounding mental illness and suicide.
As compared to earlier times, the rate of suicidal deaths are increasing every year in the country and majority of suicides are being committed by the youth of the country. Depression is a leading cause for the commission of suicide. In recent years the number of patients suffering from depression has also increased resulting in an increase in suicidal deaths. In India, an attempt to commit suicide was a punishable offence under Indian Penal Code, 1860 however the Mental Healthcare Act 2017 stresses the aspect of mental illness behind the commission or an attempt to commit suicide and raises the presumption of severe stress in case of attempt to commit suicide.
In 1946 the Constitution of the World Health organization (WHO) recognized that the enjoyment of the highest attainable standard of health is one of the fundamental rights of every human being without distinction of race, religion, political belief, economic or social condition. Later, the International Covenant on Economic, Social and Cultural Rights, by Article 12 stated that the States Parties to the present Covenant recognize the right of everyone to the enjoyment of the highest attainable standard of physical and mental health. Not only physical but mental health has also been given importance at international level.
I. Depression is a mental illness:
Mental illness is present at the time of suicide 27% to more than 90% of the time.[1] Half of all people who die by suicide may have major depressive disorder; having this or one of the other mood disorders such as bipolar disorder increases the risk of suicide 20-fold.[2]
Dr. Ranna Parekh in her article on depression defines depression as 'Depression (major depressive disorder) is a common and serious medical illness that negatively affects how you feel, the way you think and how you act. Depression causes feelings of sadness and/or a loss of interest in activities once enjoyed. It can lead to a variety of emotional and physical problems and can decrease a person’s ability to function at work and at home.'[3] Depression is a mental illness however it also has an adverse effect on the physical and emotional health of a person.
Mental illness is defined in section 2(s) of Mental Healthcare Act 2017 - 'mental illness' means a substantial disorder of thinking, mood, perception, orientation or memory that grossly impairs judgment, behaviour, capacity to recognise reality or ability to meet the ordinary demands of life, mental conditions associated with the abuse of alcohol and drugs, but does not include mental retardation which is a condition of arrested or incomplete development of mind of a person, specially characterised by subnormality of intelligence.[4]
The understanding of depression as a mental illness is not yet much developed in India. Depression is understood as being emotionally sensitive rather than being mentally ill. The emotional and physical effect that depression has on a person is not yet understood widely in our country. Due to lack of understanding of depression as a mental illness many people do not seek medical help as they think they are not suffering from any disease. Little do they know that depression is a serious medical illness which might even cause a person to take his own life. Depression leads to a loss of interest in life which may cause a person to commit suicide.
II. Suicide
Every year close to 800,000 people take their own life and there are many more people who attempt suicide. Every suicide is a tragedy that affects families, communities and entire countries and has long-lasting effects on the people left behind. Suicide occurs throughout the lifespan and was the second leading cause of death among 15-29 year-olds globally in 2016.[5]
Suicide is the act of intentionally causing one's own death.[6] Mental disorders, including depression, bipolar disorder, autism, schizophrenia, personality disorders, anxiety disorders, and substance abuse including alcoholism and the use of benzodiazepines are risk factors.[7] Some suicides are impulsive acts due to stress, such as from financial difficulties, relationship problems such as breakups, or bullying.[8] Approximately 1.5% of people die by suicide.[9]
Commenting on the reasons for committing suicide the Andhra High Court observed 'There may be so many reasons for committing suicide. It may be an act of a sickly person, committed in a of state delirium. It may be a self-centered phenomenon, arising out of aberrations in individual behaviour. It can be the result of a social mala adjustment. After all a man's mental stability is conditioned by the changing developments around him and the social millieu is destined to leave its impact on man especially when he has to struggle for his survival. It may be committed due to some of the proximate problems prior to suicide family dissensions, incurable ailments and guilt complex. There may be many who are prone to egoistic tendencies and they cherish their individualism as sacrosanct, the fell dejected. Their will to live and struggle to survive wane quickly. High individualism may lead to suicide. Sometimes a person kills himself an a gesture of sacrifice. ""Sati"" in India had 'Harakiri' in Japan are well Known. In primitive societies, men of old age embraced death so that they were not a burden to society. In case there is nothing to look forward to with hope and nothing to look back with satisfaction. If the society imposes regulation on individuals and when these check valves weaken, the individuals become nameless and anonymous entities and let themselves go without restraint only to land in the pit of dejection and depression. Sometime fatalism leads to suicide when there is no escape from discipline and regimentation people may resort to suicide. Many problems like poverty, deprivation, disappointment and several social mal-adjustments are sought to be solved by suicide.'[10]
Mentally ill persons may not exhibit symptoms of their illness in some cases but the mentally depressed persons are choosing their own ways to commit suicide. Their disordered mind is searching its own fruitful ways. According to them the horrible sound of the train is a sweet melody and the flame of the fire may be an inspiration.[11]
Not only abetment to suicide but attempt to commit suicide was also a punishable offence under Indian Penal Code.
III. Law Surrounding mental illness and suicide
3.1 View of Supreme Court and High Courts on law of suicide (section 309)
Abetment to commit suicide is a punishable offence under section 306 of Indian Penal Code (IPC). In addition to this, attempt to commit suicide was also a punishable offence under section 309 of IPC before 2014. Section 309 of IPC reads as under:
'309. Attempt to commit suicide - Whoever attempts to commit suicide and does any act towards the commission of such offence, shall he punished with simple imprisonment for a term which may extend to one year or with fine, or with both.'
Hon’ble Mr. Justice R.Basant of Kerela High Court had observed 'Whether Section 309 I.P.C. can at all be an offence has been the subject matter of discussion by the Constitutional Courts on many occasions. In theology, in morality and in law, suicide has always been reckoned as impermissible whatever be the justification for such perception. The law does not, of course, make commission of suicide punishable. Commission of suicide is not made punishable not because the commission of suicide is not culpable, but because the person culpably responsible would have departed from this world before he can face any indictment.'[12]
The Law Commission in its Forty Second Report had examined whether attempt to commit suicide be retained as a penal offence. The Commission referred to the Dharma Sastras which legitimized the practice of taking one’s life in certain situations and also referred to the provisions of Suicide Act, 1961 in Britain which decriminalized the offence of attempt to commit suicide. After examining these views, the Commission recommended that section 309 is harsh and unjustifiable and it should be repealed.[13]
Hon’ble Mr. Justice Rajinder Sachar commented on the punishment for attempt to suicide as 'It is ironic that Section 309 Indian Penal Code still continues to be on our Penal Code. The result is that a young boy driven to such frustration so as to seek one's own life would have escaped human punishment if he had succeeded but is to be bounded by the police, because attempt has failed. Strange paradox that in the age of votaries of Euthanasia, suicide should be criminally punishable. Instead of the society hanging its head in shame that there should be such social strains that a young man (the hope of tomorrow, should be driven to suicide compounds its inadequacy by treating the boy as a criminal. Instead of sending the young boy to psychiatric clinic it gleefully sends him to mingle with criminals, as if trying its best to see that in future he does fall foul of the punitive sections of the Penal Code. The continuance of Section 309 Indian Penal Code is an anachronism unworthy of a humane society like ours. Medical clinics for such social misfits certainly but police and prison never. The very idea is revolting.'[14]
With regards to the constitutional validity of section 309 of IPC the Bombay High Court tested whether section 309 passed the test of Articles 14,19 and 21 of constitution. With respect to Article 19 and 21 the Court held 'The fundamental rights enumerated in Art. 19 are only extensions of the right to life and have no meaning without it. Essentially therefore we have to examine the precise contents of Art. 21….There is nothing unnatural about the desire to die and hence with the right to die. Whatever the circumstances which induce a person to end or terminate his or her life, the act of termination of life is the act of that individual. It is no less his than his act of living.'[15] With respect to Article 14 the Court held 'What may be considered suicide in one community may not be considered so in another community and the different acts, though suicidal, may be described differently in different circumstances and at different times in the same community as we have seen earlier. While some suicides are eulogised, others are condemned. That is why perhaps wisely no attempts has been made by the legislature to define either. But the difficulty in providing a plausible definition cannot certainly be pressed in favour of the validity of the provision particularly when it is penal. The want of plausible definition and even of guidelines to distinguish the felonious from the non-felonious act itself therefore makes the provisions of S. 309 arbitrary and violative of Art. 14. As is rightly said arbitrariness and equality are enemies of each other.'[16] The Bombay High Court in this case held Section 309 of IPC to be unconstitutional.
In the case of Chenna Jagadeeswar v. State of Andhra Pradesh (supra) the Andhra High Court upheld the validity of Section 309 of IPC and observed that 'From these Articles, it is seen that the right to life is not specifically mentioned. But, in a broader sense, unless a man is assured of physical existence there can be no other fundamental right and since the State exists for the common good of the citizens, no Constitution can ignore the right of the citizens to life though it may not be explicitly explained. In these circumstances, it is rather difficult to hold that the right to life impliedly guaranteed by the Constitution includes the right to die.'[17]
The Supreme Court tested the constitutional validity of section 309 in the case of P.Rathinam vs. Union of India and held that 'On the basis of what has been held and noted above, we state that section 309 of the Penal Code deserves to be effaced from the statute book to humanize our penal laws. It is a cruel and irrational provision, and it may result in punishing a person again (doubly) who has suffered agony and would be undergoing ignominy because of his failure to commit suicide. Then an act of suicide cannot be said to be against religion, 26 morality or public policy and an act of attempted suicide has no baneful effect on society. Further, suicide or attempt to commit it causes no harm to others, because of which State’s interference with the personal liberty of the persons concerned is not called for. We, therefore, hold that section 309 violates Article 21, and so, it is void. May it be said that the view taken by us would advance not only the cause of humanization, which is a need of the day, but of globalization also, as by effacing section 309, we would be attuning this part of criminal law to the global wavelength.'[18]
However, the decision of the Supreme Court in P.Rathinam case was overruled by a larger bench in the case of Smt. Gian Kaur v. State of Punjab where the Court held 'To give meaning and content to the word ‘life’ in Article 21, it has been construed as life with human dignity. Any aspect of life which makes it dignified may be read into it but not that which extinguishes it and is, therefore, inconsistent with the continued existence of life resulting in effacing the right itself. The ‘right to die’, if any, is inherently inconsistent with the ‘right to life’ as is ‘death with life.'[19] The Court upheld the constitutional validity of section 309 of IPC and observed that right to life does not include right to die.
3.2 210th Report of Law Commission of India:
210th report of Law Commission of India is titled 'Humanization and Decriminalization of Attempt to Suicide'. The report studies the statistics relating to suicidal deaths in India, the interpretation of section 306 and 309 of IPC as well as the problems that are faced due to criminalization of attempt to suicide.
The report highlights the following problems caused due to criminalization of attempt to suicide:
'1. Emergency treatment for those who have attempted suicide is not readily accessible as they are referred by local hospitals and doctors to tertiary centres as it is termed as Medico Legal case. The time lost in the golden hour will save many lives.
2. Those who attempt suicide are already distressed and in psychological pain and for them to face the ignominy of police interrogation causes increased distress, shame, guilt and further suicide attempt.
3. At the time of family turmoil dealing with police procedure adds to the woes of the family.
4. It also leads to a gross under-reporting of attempted suicide and the magnitude of the problem is not unknown. Unless one is aware of the nature of extent of the problem effective intervention is not possible.
5. As many attempted suicides are categorized in the guise of accidental poisoning etc. emotional and mental health support is not available to those who have attempted as they are unable to access the services.'[20]
The Law Commission report also mentioned that the President of the International Association for Suicide Prevention, France, has, vide his letter of 9 October 2007 addressed to Hon’ble Minister of Law and Justice, Government of India, strongly supported withdrawal of the status of attempted suicide as a punishable offence. The report states, 'He has stated that most countries in the world who have had laws criminalizing attempted suicide have withdrawn those laws in the second half of the twentieth century, justifying the withdrawal by the belief that attempting suicide is not a crime that should be punished but rather a desperate reaction to a difficult life situation by people who usually suffer from a mental disorder. These changes have indicated awareness that suicidal individuals need to be helped and imprisonment only makes their problem worse. One of the fears expressed when all countries in Europe and North America decriminalized attempted suicide was that suicide rates may increase. There are no indications whatsoever that there was an increase in suicides following decriminalization, and in many instances it is thought that suicide decreased since more suicidal individuals received the help they need… The International Association for Suicide Prevention wishes India to join the countries of the world, who have decriminalized attempted suicide in order to clearly communicate to suicidal individuals that they should seek help, rather than avoid admitting to their problems for fear of imprisonment'[21]
The Commission recommended repeal of Section 309 of IPC as follows:
'5.3 Section 309 of the Indian Penal Code provides double punishment for a person who has already got fed up with his own life and desires to end it. Section 309 is also a stumbling block in prevention of suicides and improving the access of medical care to those who have attempted suicide. It is unreasonable to inflict punishment upon a person who on account of family discord, destitution, loss of a dear relation or other cause of a like nature overcomes the instinct of self-preservation and decides to take his own life. In such a case, the unfortunate person deserves sympathy, counselling and appropriate treatment, and certainly not the prison.
5.4 Section 309 needs to be effaced from the statute book because the provision is inhuman, irrespective of whether it is constitutional or unconstitutional. The repeal of the anachronistic law contained in section 309 of the Indian Penal Code would save many lives and relieve the distressed of his suffering.
5.5 The Commission is of the view that while assisting or encouraging another person to (attempt to) commit suicide must not go unpunished, the offence of attempt to commit suicide under section 309 needs to be omitted from the Indian Penal Code.'[22]
3.3 De-criminalization of attempt to suicide:
On the basis of the recommendation of Law Commission in its 210th report, in December 2014 the Rajya Sabha after claiming support of 18 states and 4 Union Territories decided to repeal Section 309 from the Indian Penal Code.
While attempt to commit suicide is decriminalized, abetment to commit suicide still remains punishable under section 306 of IPC.
3.4 Law relating to mental illness:
Mental Healthcare Act 2017 was enacted to provide for mental healthcare and services for persons with mental illness and to protect, promote and fulfil the rights of such persons during delivery of mental healthcare and services and for matters connected therewith or incidental thereto. The Act defines mental illness. The Act provides that a patient of mental illness may nominate a representative of his choice who shall consider the current and past wishes, the life history, values, cultural background and the best interests of the person with mental illness; provide support to the person with mental illness in making treatment decisions; be involved in discharge planning and perform such other duties as are specified under the Act.[23]
The Act also provides various rights of persons with mental illness such as:
(1) Right to access mental healthcare[24]
(2) Right to community living[25]
(3) Right to protection from cruel, inhuman and degrading treatment[26]
(4) Right to equality and non- discrimination[27]
(5) Right to information[28]
(6) Right to confidentiality[29]
(7) Restriction on release of information in respect of mental illness[30]
(8) Right to access medical records[31]
(9) Right to personal contacts and communication[32]
(10) Right to legal aid[33]
(11) Right to make complaints about deficiencies in provision of services[34]
The Act also casts a duty upon the Government to plan, design and implement programmes for the promotion of mental health and prevention of mental illness in the country and, in particular, plan, design and implement public health programmes to reduce suicides and attempted suicides in the country.[35] The Act also imposes a duty on the Government to create awareness about mental health and illness and reduce stigma associated with mental illness.[36]
The Act also provides for the establishment of an authority to deal with applications and complaints by persons with mental illness.
3.5 Presumption in case of attempt to commit suicide:
Section 115 of the Act provides a presumption in case of attempt to commit suicide as follows:
'(1) Notwithstanding anything contained in section 309 of the Indian Penal Code any person who attempts to commit suicide shall be presumed, unless proved otherwise, to have severe stress and shall not be tried and punished under the said Code.
(2) The appropriate Government shall have a duty to provide care, treatment and rehabilitation to a person, having severe stress and who attempted to commit suicide, to reduce the risk of recurrence of attempt to commit suicide.'[37]
It is the duty of the Government to provide adequate facilities and treatment to the person who attempts to commit suicide in order to rehabilitate him.
IV. CONCLUSION
The attempt to commit suicide is no longer an offence but a provision is made in the Mental Healthcare Act to presume that the person attempting suicide is under severe stress and casts a duty upon the Government to provide care, treatment and rehabilitation to a person, having severe stress and who attempted to commit suicide, to reduce the risk of recurrence of attempt to commit suicide. The abetment to commit suicide continues to remain an offence under IPC.
With the increasing problems of mental health in the youth these days, it is essential that mental health education should also be made a part of the academic curriculum in schools and colleges and there should also be counsels appointed so that the students can talk and proper advice can be given to them. There should also be meetings of people suffering from mental illness such as depression so that they can talk out their feelings and when they listen to the problems or feelings of other patients they may get a sense of hope and might be cured.
There are also various helplines setup by NGOs and Government so that the people who have suicidal thoughts may call on those helplines and seek mental and emotional help rather than succumbing to their suicidal urge.
Mental illness and suicide go hand in hand and with the increase in suicidal deaths and mental illness patients it is essential that steps must be taken so as to prevent the people from falling prey to such evils.
REFERENCES:
[1] University of Manchester Centre for Mental Health and Risk, ""The National Confidential Inquiry into Suicide and Homicide by People with Mental Illness"", July 2012
https://web.archive.org/web/20120714134607/http://www.medicine.manchester.ac.uk/cmhr/centreforsuicideprevention/nci/reports/annual_report_2012.pdf
[2] Kutcher S, Chehil S (2012), Suicide Risk Management A Manual for Health Professionals (2nd ed.), pp. 30–33, ISBN 978-1-119-95311-1
[3] What is depression? Physician Review by Dr. Ranna Parekh, January 2017
URL: https://www.psychiatry.org/patients-families/depression/what-is-depression
[4] Section 2(s) of Mental Healthcare Act 2017
[5] ""Suicide Fact sheet N°398', WHO, April 2016
URL: https://www.who.int/en/news-room/fact-sheets/detail/suicide
[6] Stedman's Medical Dictionary (28th ed.) 2006, ISBN 978-0-7817-3390-8
[7] Hawton K, van Heeringen K (April 2009), 'Suicide"", Lancet. 373 (9672): 1372–81
URL:https://www.thelancet.com/journals/lancet/article/PIIS0140-6736(09)60372-X/fulltext
[8] Ibid.
[9] Fazel S, Runeson B, ""Suicide"", New England Journal of Medicine, January 2020, 382 (3): 266–74
URL: https://www.nejm.org/doi/10.1056/NEJMra1902944
[10] Chenna Jagadeeswar And Anr. vs State Of Andhra Pradesh, (1983) Crl. Law Journal 549
URL: https://indiankanoon.org/doc/66070774/
[11] Benoy vs. Aleyamma Kuriakose, 11th August 2010, Kerala State Consumer Disputes Redressal Commission
URL: https://indiankanoon.org/doc/194839039/
[12] Berin P.Varghese vs State Of Kerala, [1971] 27 S.T.C. 459
URL: https://indiankanoon.org/doc/1652338/
[13] Humanization and Decriminalization of Attempt to Suicide; Law Commission of India; Report No. 210; October 2008
URL: http://lawcommissionofindia.nic.in/reports/report210.pdf
[14] State vs Sanjay Kumar Bhatia, 1986 (10) DRJ 31
URL: https://indiankanoon.org/doc/1253283/
[15] Maruti Shripati Dubal vs State Of Maharashtra, (1986) 88 BOMLR 589
URL: https://indiankanoon.org/doc/490515/
[16] Supra
[17] Supra
[18] P.Rathinam vs Union Of India, 1994 SCC (3) 394
URL: https://indiankanoon.org/doc/542988/
[19] Smt. Gian Kaur vs The State Of Punjab, 1996 SCC (2) 648
URL: https://indiankanoon.org/doc/217501/
[20] Humanization and Decriminalization of Attempt to Suicide; Law Commission of India; Report No. 210; October 2008
URL: http://lawcommissionofindia.nic.in/reports/report210.pdf
[21] Supra
[22] Supra
[23] Section 17 of Mental Healthcare Act 2017.
[24] Section 18 of Mental Healthcare Act 2017
[25] Section 19 of Mental Healthcare Act 2017
[26] Section 20 of Mental Healthcare Act 2017
[27] Section 21 of Mental Healthcare Act 2017
[28] Section 22 of Mental Healthcare Act 2017
[29] Section 23 of Mental Healthcare Act 2017
[30] Section 24 of Mental Healthcare Act 2017
[31] Section 25 of Mental Healthcare Act 2017
[32] Section 26 of Mental Healthcare Act 2017
[33] Section 27 of Mental Healthcare Act 2017
[34] Section 28 of Mental Healthcare Act 2017
[35] Section 29 of Mental Healthcare Act 2017
[36] Section 30 of Mental Healthcare Act 2017
[37] Section 115 of Mental Healthcare Act 2017
[1] University of Manchester Centre for Mental Health and Risk, ""The National Confidential Inquiry into Suicide and Homicide by People with Mental Illness"", July 2012
https://web.archive.org/web/20120714134607/http://www.medicine.manchester.ac.uk/cmhr/centreforsuicideprevention/nci/reports/annual_report_2012.pdf
[2] Kutcher S, Chehil S (2012), Suicide Risk Management A Manual for Health Professionals (2nd ed.), pp. 30–33, ISBN 978-1-119-95311-1
[3]What is depression? Physician Review by Dr. Ranna Parekh, January 2017
https://www.psychiatry.org/patients-families/depression/what-is-depression
[4] Section 2(s) of Mental Healthcare Act 2017
[5] ""Suicide Fact sheet N°398', WHO, April 2016
URL: https://www.who.int/en/news-room/fact-sheets/detail/suicide
[6] Stedman's Medical Dictionary (28th ed.) 2006, ISBN 978-0-7817-3390-8
[7] Hawton K, van Heeringen K (April 2009), 'Suicide"", Lancet. 373 (9672): 1372–81
URL: https://www.thelancet.com/journals/lancet/article/PIIS0140-6736(09)60372-X/fulltext
[8] Ibid.
[9] Fazel S, Runeson B, ""Suicide"", New England Journal of Medicine, January 2020, 382 (3): 266–74
URL: https://www.nejm.org/doi/10.1056/NEJMra1902944
[10] Chenna Jagadeeswar And Anr. vs State Of Andhra Pradesh, (1983) Crl. Law Journal 549
URL: https://indiankanoon.org/doc/66070774/
[11] Benoy vs. Aleyamma Kuriakose, 11th August 2010, Kerala State Consumer Disputes Redressal Commission
URL: https://indiankanoon.org/doc/194839039/
[12] Berin P.Varghese vs State Of Kerala, [1971] 27 S.T.C. 459
URL: https://indiankanoon.org/doc/1652338/
[13] Humanization and Decriminalization of Attempt to Suicide; Law Commission of India; Report No. 210; October 2008
URL: http://lawcommissionofindia.nic.in/reports/report210.pdf
[14] State vs Sanjay Kumar Bhatia, 1986 (10) DRJ 31
URL: https://indiankanoon.org/doc/1253283/
[15] Maruti Shripati Dubal vs State Of Maharashtra, (1986) 88 BOMLR 589
URL: https://indiankanoon.org/doc/490515/
[16] Supra
[17] Supra
[18] P.Rathinam vs Union Of India, 1994 SCC (3) 394
URL: https://indiankanoon.org/doc/542988/
[19] Smt. Gian Kaur vs The State Of Punjab, 1996 SCC (2) 648
URL: https://indiankanoon.org/doc/217501/
[20] Humanization and Decriminalization of Attempt to Suicide; Law Commission of India; Report No. 210; October 2008
URL: http://lawcommissionofindia.nic.in/reports/report210.pdf
[21] Supra
[22] Supra
[23] Section 17 of Mental Healthcare Act 2017.
[24] Section 18 of Mental Healthcare Act 2017
[25] Section 19 of Mental Healthcare Act 2017
[26] Section 20 of Mental Healthcare Act 2017
[27] Section 21 of Mental Healthcare Act 2017
[28] Section 22 of Mental Healthcare Act 2017
[29] Section 23 of Mental Healthcare Act 2017
[30] Section 24 of Mental Healthcare Act 2017
[31] Section 25 of Mental Healthcare Act 2017
[32] Section 26 of Mental Healthcare Act 2017
[33] Section 27 of Mental Healthcare Act 2017
[34] Section 28 of Mental Healthcare Act 2017
[35] Section 29 of Mental Healthcare Act 2017
[36] Section 30 of Mental Healthcare Act 2017
[37] Section 115 of Mental Healthcare Act 2017




			        ""Loved reading this piece by Advocate Nishka Prajapati? 
			  Join LAWyersClubIndia's network for daily News Updates, Judgment Summaries, Articles, Forum Threads, Online Law Courses, and MUCH MORE!!""




 Join our Telegram group





 Join our Whatsapp group















Click here to Get More Content on LCI Android App











						Tags :criminal law
"
Culpable Homicide v Murder under IPC,"
The crime of killing a human being by another human being is categorized as Culpable Homicide under Section 299 and as Murder under Section 300 of the Indian Penal Code (IPC). The Sections separate the most heinous killing from those which are less serious ones in nature.
Both of them are distinct offences. But the definition and description of both Culpable Homicide and Murder look almost similar in grammatic construction. Therefore making out the subtle distinction between them is quite difficult, even for a learned law professional.  Capable Homicide is defined in the code. But neither the term Homicide nor Murder is defined, except by some explanations.
Ingredients of Culpable Homicide & Murder
The Section 299 of IPC defines Culpable Homicide as follows:-
Whoever causes death by doing an act with,

Intention of causing death.
Intentionally causing bodily injury which is likely to cause death.
Doing act with knowledge that it is likely to cause death.

The Section 300 of IPC describes Murder as follows:-
Whoever causes death by doing an act with,

Intention of causing death.
Causing such bodily injury as the offender knows it is likely to cause death of person.
Intentionally causing bodily injury which is sufficient to cause death in the ordinary course.
Doing an act with the knowledge that it is so imminently dangerous and in all probability causes death or such bodily injury which is likely to cause death.

The Section 300 further describes five exceptional circumstances under which Culpable Homicide does not amount to murder. That means under these five exceptional circumstances a killing cannot be treated as Murder. On the other hand it must be treated just as culpable Homicide, punishable under Section 304.
Culpable Homicide is a genus
The term Culpable Homicide refers to doing a criminal act with the intention of causing death, or with the intention of causing bodily injury which may eventually cause death, or doing an act with the knowledge that the act will result in death of the other.
Culpable Homicide is a genus, whereas Murder is its species. So all Culpable Homicides are not Murders but all Murders are Culpable Homicides. A culpable Homicide without having the special characteristics of murder is Culpable Homicide not amounting to murder.
 In Culpable Homicide there must be intention or knowledge on the part of the accused that his act will cause death or at least injury which would be sufficient to cause eventual death as a result of his act.  
Knowledge makes a difference
If a person is causing some injury on another one, who is suffering from some disease or some bodily infirmity, knowing clearly that his act is so imminently dangerous and that in all probability will cause death and that injury eventually end up in the death of that person, the person responsible for causing injury is liable for punishment for causing Murder.  
On the other hand, if the person doing the act has no intention to kill the other or has no knowledge that his act will kill the other person, the person doing the act is guilty of only a lesser crime of Culpable Homicide, but not of Murder.
In regard to Section 299 the Supreme Court in Jagriti Devi vs State Of H.P says, “The bare reading of the section makes it crystal clear that the first and the second clause of the section refer to intention apart from the knowledge and the third clause refers to knowledge alone and not intention. Both the expression ""intent"" and ""knowledge"" postulate the existence of a positive mental attitude which is of different degrees. The mental element in Culpable Homicide i.e. mental attitude towards the consequences of conduct is one of intention and knowledge. If that is caused in any of the aforesaid three circumstances, the offence of Culpable Homicide is said to have been committed”. That means intention and knowledge make a killing (homicide) culpable.
Wife died but husband punished for assault
A husband struck a violent blow on his wife and the wife falls unconscious. Thinking that the wife is dead, he hung her body soon so as to create false evidence in regard to the incident.
The court said that the husband had no intention to kill his wife and hence not punishable for Culpable Homicide as he has no intention to cause her death. He is punished for assault and for creating false evidence only. Here absence of both intention and knowledge saved the husband from the charge of murder which he had never thought of.
Kinds of Culpable Homicides
The Supreme Court in State of A.P. v. Rayavarapu Punnayya ( (1976) 4 SCC 38) says that for the purpose of fixing punishment, proportionate to the gravity of the generic offence, the Code practically recognises three degrees of Culpable Homicide. They are as follows: -

Culpable Homicide of the first degree - Murder. This is the gravest form of killing with malice aforethought and punishable under Section 302 IPC. To render a culpable Homicide a murder, the case must come within the provisions of clauses 1, 2, 3 or 4 of the Section 300.
Culpable Homicide of the second degree - ordinary killing or manslaughter without malice. This is an act of Culpable Homicide not amounting to Murder and punishable under IPC 304 Para I. If the death is caused with the intention of the accused as described in the first and second phrase of section 299 it will fall under this.  
Culpable Homicide of the third degree. This is the lowest kind of killing (voluntary manslaughter) and punishable under IPC 304 Para II. If the death is caused by an act with the knowledge, but without intention, of the accused as described in the third phrase of the Section 299, it comes under this.
The fourth degree killing is involuntary manslaughter, which is done without any sort of criminal intention, such as death caused by negligent driving or such other criminal negligence coming under 304A - for which the punishment is much lesser, not exceeding two years imprisonment, or fine, or with both.

If an offence is done with intention and knowledge in regard to causing death it will be a case for second degree Culpable Homicide punishable under Section 304 Part I. But if there is only knowledge, but no intention, in regard to causing death, it is a case for third degree Culpable Homicide punishable under Section 304 Part II.
Murder under IPC
Murder is a species of Culpable Homicide. A Culpable Homicide will turn into a Murder if the criminal act by which the death is caused, is done squarely with the purpose of causing death.
Similarly, if the offender is causing bodily injury on victim with due intention or knowledge that it is likely or sufficient to cause death it will be treated as a case of Murder.
An act so imminently dangerous enough to cause death or bodily injury that may likely to result in death will also be considered Murder. Murder is the most heinous crime in the criminal calendar.
In Murder, both the intention and knowledge of the offender about the dire consequences are important. If a person is doing an act with the chrystal clear intention or knowledge that the act will be likely or sufficient to kill a person, it is Murder.
The essential ingredient of Murder is an unlawful act of causing death of a person through a criminal act or commission by another person with prior intent, malice or premeditation. The term intention means the state of mind to bring about a desired result whereas knowledge refers to the state of conscious awareness of the facts. Intention is different from motive which is hidden or cannot be unearthed easily. Intention and knowledge have to be unearthed from the circumstances as both are states of mind invisible and subjective.
Inflicting an injury on the vital part of the body, use of sharp edged weapons, hitting with high force to impair body organs, through searching for the victim everywhere for acting upon him, uttering dreadful words in regard to killing immediately after killing, etc are being treated as circumstances that bring forth the dire intention of the accused in cases of Murder.
Murder in exceptional circumstances becomes Culpable Homicide
However, a murder will not come within the ambit of Murder in some sorts of exceptional circumstances. But it will be considered only as a Culpable Homicide, punishable under Section 304 IPC.
There are five exceptional circumstances coming under Section 300 IPC in which a Culpable Homicide is not Murder. The exceptional circumstances are as follows:-
Provocation: If the offender is deprived of the power of self control by grave or sudden provocation and he causes death of the provocateur or any other person, the offender is not punished for Murder.
The test of grave and sudden provocation is whether a reasonable man belonging to the same class of society as the accused is placed in the situation in which the accused was placed would be so provoked as to lose his self control.
Private defence: If the offender is exercising his right to private defence in good faith, without premeditation or intention to do any harm, then the death caused is not Murder but Culpable Homicide only.
Exercise of legal powers: If the offender is a public servant and doing any act believing to be within his purview and causes death, it does not amount to Murder. It will then be a case of Culpable Homicide. If he glaringly exceeds the powers entrusted to him by law then the exception will not protect him.
Absence of premeditation: If a person in a sudden heat of passion of a quarrel causes death without premeditation or cruelty and without taking any undue advantage, it is not Murder. So the punishment will be for Culpable Homicide under Section 304 IPC.
Consent: When a person who is above 18 years of age and his death was caused with his voluntary consent, it is a case of Culpable Homicide but not Murder. The punishment would fall within Section 304IPC.
Probability of death in Murder & Culpable Homicide
Murder, as explained earlier, is an aggravated form of Culpable Homicide. The existence of any of the four clauses in the section 300 IPC turns a killing into a Murder. But the exceptions to the Section 300 reduce even a heinous killing in the nature of Murder into one of Culpable Homicide not amounting to Murder, under Section 304 of the IPC.
In both Culpable Homicide and Murder, there is mens rea - an intention to kill the victim. But in Culpable Homicide the accused is not certain of death of the victim but hopes for it. In Murder there is definite intention to kill and the offender is certain that the victim will die. The probability of death is certain in Murder whereas it is quite uncertain in Culpable Homicide. Murder involves more premeditated actions than Culpable Homicide.
In Murder the degree of probability of death is definite in comparison to Culpable Homicide. To constitute Murder there must be intention or knowledge that death must be the most probable result of the criminal act by the accused.  To constitute Murder the accused must have clear knowledge that his act must in all probability cause death but not a bare knowledge that his act is likely to cause death.
Even if the intention of the accused was limited to the infliction of bodily injury sufficient to cause death in the ordinary course of nature, and was not extended to the intention of causing death, the rule laid down in the Virsa Singh case (1958 AIR 465) indicates that the offence would be Murder. The judgment says: No one has a licence to run around inflicting injuries that are sufficient to cause death in the ordinary course of nature and claim that they are not guilty of Murder. If they inflict injuries of that kind, they must face the consequences; and they can only escape if it can be shown, or reasonably deduced that the injury was accidental or otherwise unintentional.
Mechanism to differentiate Culpable Homicide and Murder
It is quite difficult to differentiate a Culpable Homicide from Murder if the facts of the case fall on the borderline between the two in terms of gravity of intention or seriousness of the action.
But the apex court says as follows:-

First, establish that the accused has done an act of causing death of another.
Then, consider whether the act of the accused amounts to Culpable Homicide.
Then, consider whether the ingredients of section 300 have been satisfied.
Lastly, consider whether the killing can be brought down to the lower place of Culpable Homicide not amounting to Murder by going through the exceptions given under Section 300 IPC.  

To sustain the charge of Murder, the matter to be considered is whether the facts of the case fit well with the sections under section 300 - firstly to fourthly.
If the killing does not attract the ingredients of the section 300 explicitly or if it attracts the exceptions under the section, it will be a case of Culpable Homicide not amounting to murder, punishable under section 304 and not Murder.
The offence would fall under Culpable Homicide if the bodily injury intended to be inflicted on the victim is likely to cause death. It would fall under Murder if such injury is sufficient in the ordinary course of nature to cause death. The distinction is a question of degree of probability.  When the accused inflicts several injuries on the person having knowledge of causing death, the accused deserves conviction for Murder.
Stabbing in chest or abdomen with sufficient force to penetrate such structures prima facie will amount to the offence of Murder.  When injuries are inflicted by a number of persons with the intention of killing and death ensures as a result of the injuries it is a case of Murder under the first clause of section 300 IPC. Similarly, giving a terrific blow on the head with a heavy hammer and thereby smashing the head bones he intends to cause death, under Section 300 secondly and thirdly of IPC. Extremely reckless and wholly inexcusable acts of homicide will constitute Murder. It is the degree of probability of death which determines whether a Culpable Homicide is of the gravest, medium or lowest degree.
Let us see two equally worded phrases in the Section 299 & Section 300 IPC to elicit the difference. The second clause of Section 299 conveys the sense of probability as distinguished from a mere possibility. The equivalent part thirdly of Section 300 means that death will be the most probable result of the injury in the ordinary course of nature, thereby stressing the probability and possibility of death.
Lawful or Simple Homicide
Homicide is of two kinds: lawful or unlawful. Murder and Culpable Homicide are unlawful homicides.
The lawful homicides include several cases falling under the General exceptions in Chapter IV (Sections 76 to 106) of IPC. The death caused by accident or misfortune, by mistake of fact, by a judge acting judicially, by a person in pursuance of the judgment, by a person under justifiable belief, by a person without any criminal intention and to avoid any harm, by a person exercising his private defence, by a child and by a person believing the death is for the good of the victim or by a child / lunatic/ mentally unsound person come under lawful homicides, for which there would be no punishment.
Conclusion
Even though both provisions relating to Culpable Homicide and Murder correspond with each other, the difference in both the offences – Culpable Homicide and Murder - lies in the certainty of death in the latter. In fact the difference is in regard to gravity - the seriousness of the act of crime.
If the act of the accused is so dangerous with no possibility of survival for the victim, it is an apt case of Murder. If a person dies out of an intentional act of cutting someone’s head, then there is no chance for his survival. Then that is nothing but Murder.  On the other hand, if an act of crime leaves the victim with some chance for escaping death it is a case of Culpable Homicide.  
It would have been better for the users of the penal code if the IPC had shown the difference between both crimes in clear terms using distinct set of words.
The author is a practising advocate at Thrissur, Kerala State. He can also be reached at rajankila@gmail.com




			        ""Loved reading this piece by Adv K Rajasekharan? 
			  Join LAWyersClubIndia's network for daily News Updates, Judgment Summaries, Articles, Forum Threads, Online Law Courses, and MUCH MORE!!""




 Join our Telegram group





 Join our Whatsapp group















Click here to Get More Content on LCI Android App











						Tags :criminal law
"
Supreme Court : Bail in Times' of COVID-19 ,"
Since the Jail in India are congested and over crowded , Hon’ble Supreme Court of India held that social distancing is not possible if jails remain overcrowded, making it difficult to for maintaining social distancing.
Taking note of the above-mentioned fact, Hon’ble Supreme Court in Suo Motu Writ Petition (C) No. 1/2020, In Re: Contagion of COVID-19 Virus in Prisons, on 23rd March 2020 directed all the states and Union Territory to constitute a High- Powered Committee for release of prisoners on Parole or Interim Bail.
“We, therefore, direct that each state shall & union territories to constitute a high-level committee comprising of home secretary and chairman, State Legal Service Authority to determine a class of prisoners, who can be released on parole for four to six weeks or on interim bail,”
While directing the States & Union Territories, Hon’ble Supreme Court also suggested the states and union territories can consider the release of prisoners who have been convicted or are undertrial for offences for which prescribed punishment is up to 7 years or less, with or without fine and the prisoner has been convicted for a lesser number of years than the maximum.
Interim Bail Granted By Supreme Court
Hon’ble Supreme Court granted an interim bail for a period of two months saying that:-
“We desire to release the petitioner on bail only on the aforementioned ground for a temporary period of two months so as to enable the petitioner to take treatment properly. We make it clear that we have not considered the matter on merits,” the bench said in its May 15 order after hearing the case through a video link.
“After two months he should surrender before the jail authorities,”.
Supreme Court Default Bail in COVID-19? 
The extended period of limitation as per order dt. 23.03.2020 in Re: Cognizance for Extension of Limitation will not be applied in the context of Default Bail.
Delhi High Court High-Powered Committee 
Based on Supreme Court directions, Hon’ble Delhi High Court High-Powered Committee in its report dated 8th May 2020 directed that 2177 prisnors already released on interim bail or parole be further extended for 45 days, observing that prisoners falling in following criteria may now be considered for grant of interim bail for 45 days in view of the circumstances in which we are in, preferably on 'Personal Bond' :
Under trial prisoners facing trial for a case under Section 302 IPC and are in jail for more than two years with no involvement in any other case;
Under trial prisoners facing trial for offence under Section 304 IPC and are in jail for more than one year with no involvement in any other case;
Under trial prisoners facing trial in a case under Section 307 or 308 IPC and are in jail for more than six months with no involvement in any other case;
Under trial prisoners facing trial/remand prisoners in Theft cases and are in jail for more than 15 days;
Male Under trial prisoners (above 65 years of age) facing trial in a case except the ones excluded hereunder and are in jail for more than six months with no involvement in any other case;
Female Under trial prisoners (above 60 years of age) facing trial in a case except the ones excluded hereunder and are in jail for more than six months with no involvement in any other case;
However, It has further been resolved that following category of Under Trial Prisnors, even if falling in the above criterion or the criteria adopted in the earlier Meetings, should not be considered :-
Those inmates who are undergoing trial for intermediary/ large quantity recovery under NDPS Act ;
Those under trial prisoners who are facing trial under Section 4 & 6 of POCSO Act;
Those under trial prisoners who are facing trial for offences under section 376, 376A, 376B, 376C, 376D and 376E and Acid Attack;
Those Under Trail Prisnors who are foreign nationals ;
Those under trial prisoners who are facing trial under Prevention of Corruption Act (PC Act) / PMLA, MCOCA ;
Cases investigated by CBI/ED/NIA/Special Cell of Delhi Police, Crime Branch, SFIO, Terror related Cases, Riot cases, cases under Anti-National Activities and Unlawful Activities (Prevention) Act etc.  
Signed Vakalatnama in the time of COVID-19?
Hon’ble Delhi High Court in Hansraj & Ors. V. State (WP (Crl) 804/2020, has held that:-
“In consideration of the lockdown, there will be no insistence on filing of signed/attested vakalatnama, affidavits, or applications where the applicant is in jail and/or his family members reside outside Delhi since bail is moved for the benefit of a person who is in jail.
Maharashtra High-Powered Committee
Decided to grant temporary bail or parole to 50% of prisoners in prisons across the state during the coronavirus outbreak.
However, the committee clarified that prisoners charged or convicted under provisions of special laws will not be granted temporary bail.
These include the Maharashtra Control of Organised Crime Act (MCOCA), Prevention of Money Laundering Act (PMLA), Maharashtra Protection of Interest of Depositors Act (MPID), Unlawful Activist Prevention Act (UAPA), The Protection of Children from Sexual Offences (POCSO) and Narcotic Drugs and Psychotropic Substances Act (NDPS).
Uttar Pradesh High Committee
Decided that the interim bail or parole granted to 14,854 under trial prisnors, 2256 convicted prisnors and 492 Juveniles who were released until May 19,2020, be further extended for a period of 8 weeks.
“Under trail criminals facing criminal cases in which maximum sentence is 7 years may be released on 8 weeks, as the case may be on furnishing personal bond with an undertaking that written on personal bond itself that he/she shall surrender before the expiry of the interim bail. Other conditions may be imposed if the court thinks fit, considering the circumstances of the case”.
Haryana High Committee 
Extended the period for another six weeks concluding that""...readmitting around 4,000 prisoners released on parole or interim bail back into the jails at this stage is a huge risk. It is likely to increase the risk of Covid infection to the existing inmates and will defeat the whole objective of releasing them on parole/interim bail,"" 
Conclusion
Most of the States have decided to release the persons accused or convicted of offences with upto or less than 7 years, however, most of the states have excluded prisnors under special acts such as POCSO, PMLA, NDPS, MCOCA, UAPA, etc from consideration for release.
And Courts across the Country have included bail applications, in the catagory of “extremely urgent” or “urgent matters”, to be heard and decided even with the restricted functioning of the courts.  




			        ""Loved reading this piece by Kapil Chandna? 
			  Join LAWyersClubIndia's network for daily News Updates, Judgment Summaries, Articles, Forum Threads, Online Law Courses, and MUCH MORE!!""




 Join our Telegram group





 Join our Whatsapp group















Click here to Get More Content on LCI Android App











						Tags :criminal law
"
Corruption - An article omitted in Indian constitution,"
Corruption is the biggest factor that destroys the Indian democracy especially and every single politician talks to fight against Corruption. Then who is the giver or who is the taker or who is the beneficiary? This finds no answers when the country experienced major scams involving the names of some members of Parliament and State Legislatures. The Constitution of India under Articles 105 and 194 provides privileges of Members of Parliament and State Legislatures whereas The Prevention of Corruption Act, 1988 is the first and the only composite legislation to book public servants for taking bribe and involved corruption. In order to consolidate and amend the laws relating to prevention of corruption and matters connected thereto, the act came into force and was amended from time to time.  It was originally enacted in 1947 which was amended in 1964 based on the recommendations of the Santhanam Committee. There are provisions in Chapter IX in the Indian Penal Code to deal with public servants and those who abet them by way of criminal misconduct, Criminal Procedure Code, 1974 to enable attachment of ill gotten wealth obtained through corrupt means including from transferees of such wealth. Objective and Scheme of the Act was intended to make more effective provision for the corruption rampant amongst the public servants. It is therefore a social legislation defined to curb illegal activities of the public servants.
Corruption is defined as an act done with an intent to give some advantage inconsistent with official duty and the rights of others. It includes bribery, but is more comprehensive, because an act may be corruptly done, though the advantage to be derived from it be not offered by another. Secondly, Corruption is also understood something against law, as a contract by which the borrower agreed to pay the lender usurious interest.
Webster’s Universal Dictionary (1961) provides the meaning of the word 'corrupt' as (1) to make or become evil or morally bad, (2) to take. Or become impure. According to Webster’s the word 'corruption' means, as the act of corrupting or state of being corrupt. People often think that they are at the mercy of corruption and that it is just a “way of life”. However, every society, sector and citizen would benefit from saying
It is surprising that one cannot find a single word “Corruption” in the entire length and breadth of our Constitution document though the definition components contain words like Official Duty, Rights of others, bribery, something against law, evil, morally bad, impurity, etc. It therefore vindicates the fact that our sacred book of law is corrupt-free on all respects.
UNITED NATIONS CONVENTION AGAINST CORRUPTION
United Nations office on Drugs and Crime Vienna (UNODC) in its Convention introduced a comprehensive set of standards, measures and rules that all countries can apply in order to strengthen their legal and regulatory regimes to fight corruption. It called for preventive measures and the criminalization of the most prevalent forms of corruption in both public and private sectors. In its General Assembly resolution 58/4 of 31 October 2003 United Nations Convention against Corruption adopted:
(a) To promote and strengthen measures to prevent and combat corruption more efficiently and effectively;
(b) To promote, facilitate and support international cooperation and technical assistance in the prevention of and fight against corruption, including in asset recovery;
(c) To promote integrity, accountability and proper management of public affairs and public property.
Seriousness of problems and threats posed by corruption to the stability and security of societies, undermining the institutions and values of democracy, ethical values and justice and jeopardizing sustainable development and the rule of law. Corruption and other forms of crime, in particular organized crime and economic crime, including money laundering are always interlinked. Technology Optimization can play an important role in enhancing the ability of States, by strengthening capacity and by institution-building, prevent and combat corruption effectively, Illicit acquisition of personal wealth by Corrupt cause immense damages to democratic institutions, national economies and the rule of law. Prevention and eradication of corruption is a responsibility of every citizen and States and that they must cooperate with one another, with the support and involvement of individuals and groups outside the public sector, such as civil society, non-governmental organizations and community-based organizations. If their efforts  are to be effective, Principles of proper management of public affairs and public property, fairness, responsibility and equality before the law and the need to safeguard integrity is absolutely necessary.It is therefore the duty of every citizen to build a new generation that rejects corruption in every form to Safeguard development, strengthen democracy and to promote Justice to our democratic values.
India is a signatory to the United Nations Convention against Corruption .The commitment of the Government to provide clean and responsive governance is reflected in passing of the legislation and creation of the body of Lokpal, to contain and punish acts of corruption. The Secretary General of United Nations said on the adoption of the resolution by the Member States: ""Corruption is an insidious plague that has a wide range of corrosive effects on societies. It undermines democracy and the rule of law, leads to violations of human rights, distorts markets, erodes the quality of life and allows organized crime, terrorism and other threats to human security to flourish. This evil phenomenon is found in all countries – big and small, rich and poor – but it is in the developing world that its effects are most destructive. Corruption hurts the poor disproportionately by diverting funds intended for development, undermining a Government’s ability to provide basic services, feeding inequality and injustice and discouraging foreign aid and investment. Corruption is a key element in economic underperformance and a major obstacle to poverty alleviation and development.""
THE PREVENTION OF CORRUPTION ACT, 1988
This Special law was enacted on 09th September 1988 contains Five Chapters and 31 sections for offences of Corruption relating to Public Servants.  The Law specifically deals with Corruption offences like, Taking undue advantage to influence public servant by corrupt or illegal means or by exercise of personal influence, Offence relating to bribing of a public servant or by a commercial organisation, Person in charge of commercial organisation to be guilty of offence, Public servant obtaining [undue advantage], without consideration from person  concerned in proceeding or business transacted by such public servant, Criminal misconduct by a public servant and the punishments thereof including attachment and forfeiture of property.
CENTRAL VIGILANCE COMMISSION ACT, 2003
Under the  Chairmanship of  Mr. Justice B. P. Jeevan Reddy (1997-2000) 15th Law Commission was constituted and it presented its 161st report recommending the Bill to enact The Central Vigilance Commission Bill, 1998 to confer upon Central Vigilance Commission the statutory status and to give statutory recognition to the functions of Central Vigilance Commission with a view to make it a more effective and efficient institution to undertake, guide and supervise investigations and inquiries into allegations of corruption against public servants and employees of the Public Sector. The Central Vigilance Commission Act, 2003 was enacted on 11th September 2003 containing Five Chapters and one Schedule with 27 sections. 
The genesis of this law lies in the judgement delivered by the Supreme Court of India in what is commonly known as the Havala Case   (Writ Petition (Criminal) Nos. 340-343 of 1993) The Court found that the CBI and other investigating agencies did not investigate cases properly whenever the alleged offenders were powerful persons gave directions to establish institutional and other arrangements aimed at insulating the CBI from outside influences with specific directions. However there were many differences between the Judgement, the Law Commission’s draft of The Central Vigilance Commission Bill, 1998 and the Ordinance of August 25, 1998 in terms of Powers of CVC & CBI and the Appointment
In the Annual Report for the period from 01.01.2018 to 31.12.2018 the Central Vigilance Commission has reported that there were 44 blatant deviations from the Commission’s advice or non-consultation with the Commission vitiates the vigilance process and weakens the impartiality of the vigilance administration. Many Departments/ Ministries like Railways, Banks,  though the Commission’s advised Major Penalty/Prosecution the action initiated by them is reported as “No Action, Minor Penalty, closure, exoneration, counselling, Administrative warning, Govt. Displeasure, charges dropped without Commissioner’s advice, etc. Hence the Law proved to be less effective and authoritative as procedures were laid down to facilitate deviation of recommendations.
CENTRAL BUREAU OF INVESTIGATION
The Central Bureau of Investigation traces its origin to the Special Police Establishment (SPE) which was set up in 1941 by the Government of India. The functions of the SPE then were to investigate cases of bribery and corruption in transactions with the War & Supply Deptt. Of India during World War II. Superintendence of the S.P.E. was vested with the War Department. Even after the end of the War, the need for a Central Government agency to investigate cases of bribery and corruption by Central Government employees was felt. The Delhi Special Police Establishment Act was therefore brought into force in 1946. This Act transferred the superintendence of the SPE to the Home Department and its functions were enlarged to cover all departments of the Govt. of India. The jurisdiction of the SPE extended to all the Union Territories and could be extended also to the States with the consent of the State Government concerned.The DSPE acquired its popular current name, Central Bureau of Investigation (CBI), through a Home Ministry resolution dated 1.4.1963. Initially the offences that were notified by the Central Government related only to corruption by Central Govt. servants. In due course, with the setting up of a large number of public sector undertakings, the employees of these undertakings were also brought under CBI purview. Similarly, with the nationalization of the banks in 1969, the Public Sector Banks and their employees also came within the ambit of the Central Bureau of Investigation.
THE LOKPAL AND LOKAYUKTAS ACT, 2013
This law was enacted on 1st January 2014 containing 15 Chapters and schedule The Lokpal is the first institution of its kind in independent India,  to inquire and investigate into allegations of corruption against public functionaries who fall within the scope and ambit of the Act. The Lokpal of India is committed to address the concerns and aspirations of the citizens of India for clean governance. It shall make all efforts within its jurisdiction to serve the public interest and shall endeavor to use the powers vested in it to eradicate corruption in public life.
NEED AND SCOPE FOR EXPANSION OF LEGAL FRAMEWORK FOR CORRUPTION
Despite availability of many stringent laws under Indian Penal Code, Criminal Procedure Code, Prevention of Corruption Act, and the Central Vigilance Commission, the menace of Corruption is still prevalent in the society which hampers the welfare and growth of our society. Hence the following proposals are putforth to expand the scope of legal framework for elimination of corruption from our system:

To bring forth an appropriate amendment in the Constitution to address specifically to safeguard the citizens against Corruption and designate as a fundamental duty of State and as a fundamental Right against Corruption.
Preamble of the Constitution needs to explicitly contain to ensure a Corruption free society under its basic structure and to secure to all its citizens under Social, Economic and Political Justice, and Equality of Status and of opportunity and promotion of dignity of every citizen which is denied when there is rampant corruption in our society.
To review the recommendations put forth by the 161st Law Commission Report defining the powers of Central Vigilance Commission.
To take up an extensive study of the landmark verdict delivered by Supreme Court in the Havala Case (Vineet Narain & Others vs Union Of India & Another on 18 December, 1997 in Writ Petition (Criminal) Nos. 340-343 of 1993) and ensure implementation of all the recommendations in toto.
A specific time-frame should be given to adjudicate all pending corruption related cases against public servants and elected representatives.
Appointment of Heads for all the major agencies like CBI, CVC, ED, Lokpals, Lok Ayukthas, etc should be done with an enlarged committee comprising of representatives of all registered political parties, retired Judges of High Courts/Supreme Court and Police Chiefs, Civil servants having unblemished track record.
Police is often used or misused against Corruption as they are under the control of the Executive. A National Police Commission should be constituted under independent powers vested under the Constitution. The Chief of Central Police Commissioner must have an unblemished service track record in the IPS cadre having a minimum of 25 years having no political patronage or connection should be appointed by a Committee comprising of representatives of all registered political parties, retired civil servants and Judges of High Courts and Supreme Court, etc. He should be the Supreme Commander of the Police forces in the country who can be impeached only by the Parliament.  He need not report to any State or Central Executive Authority or any bureaucracy and function independently.  All State Police Commissioners should be appointed under similar committees set up in the respective States who should report only to the Central Police Commissioner. They are equivalent to the rank of Chief Justice. This independence would ensure direct attack for elimination of Corruption in the country.
All Election laws must be reframed to ensure not a single politician with corrupt track record convicted or under trial is eligible to file nomination for election to State Legislatures or Parliament. Once charges framed and trial underway he loses his eligibility for nomination.
Special Fast Track Courts exclusively dealing Corruption Cases should be formed and chaired by a Judge not less than a rank of High Court Judge. All cases pending in various other courts should be transferred to this Court and disposed within a specific time frame. This Court must have the jurisdiction to adjudicate criminal offences or defection/disqualification pending against present and former representatives of State Legislatures or Parliament. All cases against sitting members should be listed on priority daily hearing basis and disposed off within a timeframe of maximum period of three months. Final Verdict should not be reserved or kept pending beyond a period of one week.
Last but not least, once any corruption case is filed against any pubic servant or people’s representative, all salaries and allowances including privileges should be withdrawn till the Court delivers its final verdict.





			        ""Loved reading this piece by Parthasarathi Loganathan? 
			  Join LAWyersClubIndia's network for daily News Updates, Judgment Summaries, Articles, Forum Threads, Online Law Courses, and MUCH MORE!!""




 Join our Telegram group





 Join our Whatsapp group















Click here to Get More Content on LCI Android App











						Tags :criminal law
"
Yet another brutal broad- Day light murder,"
It has not been a while since the incidents of broad day light murders in Faridabad, Hyderabad and U.P and now we see yet another one in Guwahati Assam. This time it was the brutal murder of 26-year-old Rituparna Pegu, a husband and a father, at noon last Friday (12th June, 2020)
The unfortunate incident took place as a result of a heated debate between Mr. Pegu as resident at the Commerce College area, and his former colleague Mr. Hussain Ali over a trivial matter involving a chair. This argument slowly escalated, which resulted in Hussain Ali calling out for his family for assistance. Soon, the interaction turned into a physical fight which ended with Hussain Ali stabbing Rituparna Pegu from behind on the neck using a knife. Mr. Pegu immediately collapsed onto the roadside in front of Armaan House Furniture, where the incident had taken place.
The police and public rushed to the site of murder and arranged for the victim to be taken to the hospital. Alas, the doctors at the Gate Hospital declared him as dead on arrival.
A CCTV footage of a shop has recorded the entire incident and it is based on this that the police has arrested 5 individuals- Dulal Ali, Ibrahim Ali, Munawara Khatun, Hussain Ali, and Armaan Ali, who are accused of this alleged murder and a case has been filed at the local police station.  According to Officer-in-Charge of Noonmati police station-Rajib Baruah, these individuals have been charged under Sections 147,148,149,302 of the IPC.
The investigation of the case has been ordered to be handed over to the CID, by SarbanandaSonowal, Assam Chief Minister. Moreover, he has also orrdered for the matter to be tried in the fast track court for speedy justice as well as stringent punishmets.
Assam Police Additional Director General (CID) L R Bishnoi said his department has already begun probing the murder and tweeted that “CID, Assam will ensure that the case is investigated properly & expeditiously”.
Further, AIUDF Chief maulana Badruddin Ajmal has demanded for stringent justice and trial in the fast track court and expressed that the Ajmal Foundation would extend financial support of Rs. 1 L to Pegu family.
As this incident had occurred in broad day light in a significantly crowded area, several videos including the CCTV camera footage has been circulated through the internet and on social media through #RituparnaPegu.  A video of Mr. Pegu and his helpless wife along with their baby boy has triggered reactions from across the country. Many citizens and activities took out on the streets demanding justice and death penalties for the accused. Also, the incident has also raised a lot of unrest by giving it a communal angle as the deceased was a Sential Hindu whereas all the accused in the incident were Muslims.
Such incidents are on the rise in our society, it is high time that this ends. Answers to why such brutal murders occur? Is it because of lack of enforcement of law? Still remain unanswered.


Sources:

https://swarajyamag.com/insta/guwahati-five-arrested-for-brutal-murder-of-26-year-old-rituparna-pegu-in-broad-daylight-after-argument-over-a-seat
https://www.hindustantimes.com/india-news/youth-murdered-by-former-colleagues-in-guwahati-5-arrested/story-52GG7MtZtaW1XAydyLQN2L.html
https://www.indiatoday.in/india/story/assam-man-stabbed-to-death-after-rift-over-chair-in-guwahati-5-arrested-1688824-2020-06-14
https://newslivetv.com/murder-of-rituparna-pegu-sparks-outrage-in-guwahati/





			        ""Loved reading this piece by Meenakshi Nair? 
			  Join LAWyersClubIndia's network for daily News Updates, Judgment Summaries, Articles, Forum Threads, Online Law Courses, and MUCH MORE!!""




 Join our Telegram group





 Join our Whatsapp group















Click here to Get More Content on LCI Android App











						Tags :criminal law
"
"Section 142A of the Negotiable Instruments Act, 1881: A must know provision about cheque bounce cases these days","
I came across a legal situation during initial days of my practice when I used to appear on behalf of a number of Non-Banking Financial Companies (NBFCs) in the courts of Delhi in cases relating to dishonor of cheques, arbitration, executions, SARFAESI etc.
One day a man, who was one of the directors in a private limited company, came to meet me and told me that a NBFC had misused his security cheques and filed fifteen cheque bounce cases against him on the basis of a single alleged agreement which were pending before five different judges of the Tis Hazari Court and he had been declared Proclaimed Offender (PO) in almost all the cases. He was too afraid of the fact that Delhi Police had traced his location and he could be arrested anytime.
I did not use to appear on behalf of that NBFC and thus accepted the brief. I started preparing for his cases and unfortunately in the meantime he was arrested by the police. When I enquired from the police officials they informed me that the arrest was made in respect of cases pending before two Metropolitan Magistrates (MM), Negotiable Instruments Act, in the Tis Hazari Court. I drafted bail applications/PO cancellation applications overnight and appeared in the morning before the concerned courts where the police officials produced my client. The offence under section 138 of the Negotiable Instruments Act, 1881 is a bailable offence and the court always directs the accused to furnish bail bonds on the first appearance. Many a times the court even accepts personal bond on the first appearance and grants time to arrange surety till the next date. The situation becomes difficult when the accused has been declared Proclaimed Offender (PO) as per section 82 of the Code of Criminal Procedure, 1973 because the accused is required to justify reasons for avoiding summons and not appearing before the court. I tried my level best to convince the courts that there existed justified grounds for non-appearance of my client.
The first court where seven cases were pending, the concerned judge got convinced and my client was not only released from the custody but was also given time of few months to arrange surety. Another court where just two cases were pending, the cases got settled. This was just a little task done. There were thirteen similar cheque bounce cases in front of us pending before four different judges in the Tis Hazari Court. For a middle class man, doing private job, it was an extremely difficult task to take leaves from the office and appear on different dates in four different courts. More difficult task was to arrange sureties to convince four different judges. My client wanted to contest these cases on a serious note which forced me to think differently because contesting similar cheque bounce cases in four different courts is really a difficult task. Section 142(2) of the Negotiable Instruments Act covers the aspect of territorial jurisdiction of courts for offences relating to dishonor of cheques.
The Negotiable Instruments (Amendment) Act, 2015, w.r.e.f. 15 June, 2015 had amended section 142 of the Act which vested jurisdiction for initiating proceedings for the offence under section 138 of the Act in the court within whose territorial jurisdiction the branch where the payee or the holder in due course maintains an account. The Supreme Court in the case of Dasrath Rupsingh Rathod vs. State of Maharashtra AIR 2014 SC 3519 had changed the concept of Territorial Jurisdiction for dishonor of cheques and limited it only to those Courts, within whose local jurisdiction the offence was committed, i.e. where the cheque is dishonored by the bank on which it is drawn. Post the judgment of the Supreme Court, in compliance of the Judgment complaints were returned by Courts to be presented before Courts with appropriate jurisdiction, thereby causing unnecessary trouble to the complainants. Therefore to do away with the confusion on jurisdiction, the Centre through the Negotiable Instruments (Amendment) Act, 2015, diluted the ruling and stipulated that if the cheque is presented for payment by the payee or holder otherwise through an account, the court within whose local jurisdiction the branch of the drawee bank where the drawer maintains the account, is situated will have the jurisdiction to try offences under section 138 of the Negotiable Instruments Act. 
Section 142(2) as amended reads:
 (2) The offence under section 138 shall be inquired into and tried only by a court within whose local jurisdiction,
(a) if the cheque is delivered for collection through an account, the branch of the bank where the payee or holder in due course, as the case may be, maintains the account, is situated; or
(b) if the cheque is presented for payment by the payee or holder in due course, otherwise through an account, the branch of the drawee bank where the drawer maintains the account, is situated.
Explanation. - For the purposes of clause (a), where a cheque is delivered for collection at any branch of the bank of the payee or holder in due course, then, the cheque shall be deemed to have been delivered to the branch of the bank in which the payee or holder in due course, as the case may be, maintains the account.
Section 142A was newly inserted by the Negotiable Instruments (Amendment) Act, 2015, w.r.e.f. 15 June, 2015 which provides for the validation for the transfer of cases pending in various courts of law.
Section 142A reads as under: 142A. Validation for transfer of pending cases.—
(1) Notwithstanding anything contained in the Code of Criminal Procedure, 1973 (2 of 1974) or any judgment, decree, order or direction of any court, all cases transferred to the court having jurisdiction under sub-section (2) of section 142, as amended by the Negotiable Instruments (Amendment) Ordinance, 2015 (Ord. 6 of 2015), shall be deemed to have been transferred under this Act, as if that sub-section had been in force at all material times.
(2) Notwithstanding anything contained in sub-section (2) of section 142 or sub-section (1), where the payee or the holder in due course, as the case may be, has filed a complaint against the drawer of a cheque in the court having jurisdiction under sub-section (2) of section 142 or the case has been transferred to that court under sub-section (1) and such complaint is pending in that court, all subsequent complaints arising out of section 138 against the same drawer shall be filed before the same court irrespective of whether those cheques were delivered for collection or presented for payment within the territorial jurisdiction of that court.
(3) If, on the date of the commencement of the Negotiable Instruments (Amendment) Act, 2015 (26 of 2015), more than one prosecution filed by the same payee or holder in due course, as the case may be, against the same drawer of cheques is pending before different courts, upon the said fact having been brought to the notice of the court, such court shall transfer the case to the court having jurisdiction under sub-section (2) of section 142, as amended by the Negotiable Instruments (Amendment) Ordinance, 2015 (Ord. 6 of 2015), before which the first case was filed and is pending, as if that sub-section had been in force at all material times.
Section 142A(1) gives retrospective in operation to the section 142(2) of the Negotiation Instruments Act. The words “as if that sub-section had been in force at all material times” used with reference to section 142(2), in section 142A (1) gives retrospectively to the provision. According to section 142A(1) all cases arising out of section 138 pending in any court before the Negotiable Instruments (Amendment) Ordinance, 2015 shall be transferred to the court having jurisdiction as per section 142(2) of the Act as if that subsection had been in force at all times. To decide the jurisdiction of filing the cheque bounce case, the question to be determined is not where the cheque got bounced. A cheque will always be deemed to be bounced within the territorial jurisdiction of that court where the payee or the holder in due course maintains the account or where the branch of the drawee bank where the drawer maintains the account is situated.
This provision and concept is quite settled now and most of the litigants and lawyers these days are aware about it. The problem lies with the other two sub-sections of the section 142A with respect to which there is still a lot of ignorance and unawareness. If a complainant wishes to file any subsequent complaint arising out of section 138 against the same drawer then the section 142A(2) casts an obligation on the complainant to file any such subsequent complaint before the same court where the initial complaint filed against the same drawer is pending. The word ‘shall’ used in the sub-section makes it a mandatory provision and the complainant cannot approach different courts in cheque bounce cases against the same drawer irrespective of where the subsequent cheques got bounced if a case already filed is still pending.
The intention of the legislature behind inserting section 142A becomes more clear when one reads section 142A(3) according to which on the date of the commencement of the Negotiable Instruments (Amendment) Act, 2015, if more than one case filed by the complainant against the same drawer is pending before different courts then every such subsequent court, upon the said fact having been brought to the notice, shall transfer the case(s) pending before it to the court having jurisdiction under sub-section (2) of section 142 as amended by the Negotiable Instruments (Amendment) Ordinance, 2015, before which the first case was filed and is pending. The word ‘shall’ has been used here also which makes it a mandatory provision and all the cheque bounce cases filed by a complainant against the same drawer must be adjudicated upon and tried by the same court where the first case filed is pending irrespective of where the subsequent cheques got bounced. I brought this fact to the notice of each court and requested to transfer the cases to one court. Frankly this strategy did not work at all and none of the judges paid heed to my request, maybe because the Negotiable Instruments, Courts are over-burdened in Delhi and it is difficult to seek such relief. All the cases were pending before judges of Central District, Delhi due to which I decided to approach the concerned Chief Metropolitan Magistrate (CMM) of Central District to raise the issue.
I filed transfer petition under section 410 of Cr.P.C. before the concerned CMM of the Central District, Tis Hazari Courts and notices were issued. Section 410 of Cr.P.C. empowers the Chief Metropolitan Magistrate/Chief Judicial Magistrate to withdraw or recall cases from any Magistrate subordinate to him for trial by himself or transfer to any Magistrate subordinate to him. The function of the section is primarily of an administrative nature. Before framing my arguments I sat down and imagined completely about how we would be contesting these cases if they are not transferred to one court and how the trial would take place stage wise. It did not take me much time to realize the gravity of the situation. To understand the issue in question more clearly it is pertinent to discuss here broadly various stages in a cheque bounce case once the accused appears before the court.
Framing of notice u/s 251 Cr.P.C: On appearance of the accused or when he is brought before the Magistrate, he should be apprised of the substance of the accusation and he must be asked whether he pleads guilty or has any defense to make. Some of the basic questions which are always asked from the accused are whether the cheque bears his signature, cheque was filled by him or not, notice was received or not from the complainant regarding dishonor of the cheque, any transaction as mentioned in the complaint took place or not, pleads guilty of the offence or has any defense to make etc.
Complainant Evidence (CE): The Complainant adopts his Pre Summoning Evidence (PSE) as his examination-in-chief. PSE includes original cheque, duly stamped return memo, copy of the notice along with postal receipts and track reports, affidavit in support of the complaint etc.
If there are other witnesses in support of the complainant, then their evidence also will have to be recorded. Once the accused pleads not guilty and decides to contest the case, he normally seeks an opportunity from the court to cross examination the complainant. Some courts allow it orally whereas some courts ask the accused to move an application under section 145(2) of the Negotiable Instruments Act in which the accused is required to disclose his defense to justify his demand of cross-examination. The complainant is at liberty to file reply to the said application and thereafter court allows or disallows the application after hearing arguments of both the sides. Normally courts are liberal in this aspect and grant opportunity to the accused to cross-examination the complainant. Frankly speaking, I have never come across a situation where the court has denied such opportunity to the accused in a cheque bounce case.
Statement of accused u/s 313 of Cr.P.C: This section is based on the fundamental principle of fairness. A statement under this section is recorded to give an opportunity to the accused to explain the facts and circumstances appearing against him in the evidence. No oath shall be given where the accused is examined by the court under this section.
Defense Evidence (DE): Once the statement of the accused is recorded u/s 313 Cr.P.C., court asks the accused if he wishes to lead defense evidence or not. If the accused prefers to lead defense evidence to prove his innocence, he is required to file application u/s 315 Cr.P.C., if any and list of witnesses. The application u/s 315 Cr.P.C. gives the accused the option of examining himself as a witness for the defense. The accused can also exhibit (place on record) any relevant evidence to prove his innocence under this section. The noteworthy point is that whatever the accused does u/s 315 Cr.P.C. is under oath and therefore the complainant is adduced an opportunity to cross examine him. Another important thing is that the court normally allows only those witnesses to depose which are clearly relevant for the trial. All the witnesses which are permitted by the court are examined and cross examined.
Arguments: The counsels of the complainant and the accused submit their arguments before the court. During the argument the counsel may submit the precedents of High courts and Supreme Court in support of their case. Usually, a written argument containing a gist of the oral argument is also submitted before the court.
Judgment: After the arguments, case is posted for judgment. The accused is either convicted or acquitted by the court. It is difficult to appreciate the logic behind Section 142A of the Negotiable Instruments Act without pondering over it keeping in mind the above discussed stages. Taking example of the present case, the accused will have to not only cross examine the complainant four times in four different courts but will also have to lead lengthy defense evidence four times which also implies that all the same defense witnesses will have to be examined four times in four different courts. One can imagine what a torturous and unjustified situation that would be taking into consideration the parties as well as already over-burdened courts.
The last but not the least, different courts can arrive at contradictory judgments over the same issue. If the connected and similar cases are pending before the same judge then it is quite usual to adopt the evidence of one case in another case because the cases are tried together and the concerned judge will simply ask the steno to copy-paste the evidence. But such an option is not available when the cases are pending before different judges. In the present case, although all the pending cases were similar cases based on a single alleged agreement in the same territorial jurisdiction but it is noteworthy that there is no such requirement of similarity under sec 142A of the Negotiable Instruments Act. This section clearly states that all the cheque bounce cases filed by a complainant against the same drawer must be adjudicated upon and tried by the court where the first case filed is pending irrespective of where the subsequent cheques got bounced and irrespective of whether the cases are similar or not. This means that even in situations where the cases are based on completely different facts or where the cheques got bounced in different territorial jurisdictions, the complainant cannot approach different courts in cheque bounce cases against the same drawer.
When the counsel for the NBFC appeared on the next date, I was not surprised to hear his arguments because I had been on that side always. The opposite counsel started arguing on the merits of the cases which were out rightly rejected by the CMM stating them as irrelevant in a transfer petition. When I finished my part of arguments, the CMM asked the counsel for the NBFC whether he had any objection if all the cases were to be transferred to one court. The CMM also remarked that the NBFC should have rather filed the transfer petition because in that case it would have become very convenient and efficient for them to contest all the cases against one accused. The counsel for the NBFC requested the CMM to pass the transfer order, if any, without mentioning his non-objection because he told that the company directed them to file cases in that manner to mentally harass the accused.
Finally all the hard work paid off and all the cases were transferred to the court where the first case filed was pending as per amended provisions of the Negotiable Instruments Act. I don’t know how many advocates do it but it was my first such attempt and I succeeded. I will greatly appreciate any input on the present topic.
The author can also be reached at advocatevishaloffice@gmail.com 
(Vishal Sharma is an independent legal practitioner and regularly appears before various courts and tribunals in both Delhi and Haryana)
[Disclaimer: The content of the article is intended to offer a general guide to the subject matter and should not be regarded as legal advice or a legal opinion of any sort. Views contained herein are personal with interpretive value of the author. Readers are encouraged to seek specialist advice about their specific circumstances prior to acting upon any of the information provided herein.] 




			        ""Loved reading this piece by Vishal Sharma? 
			  Join LAWyersClubIndia's network for daily News Updates, Judgment Summaries, Articles, Forum Threads, Online Law Courses, and MUCH MORE!!""




 Join our Telegram group





 Join our Whatsapp group















Click here to Get More Content on LCI Android App











						Tags :criminal law
"
The Menace of child Trafficking in India,"
SYNOPSIS:
In a recent petition brought forward by the NGO headed by Kailash Satyarthi, it has been highlighted that the issue of child trafficking will shoot up again as the lockdown is over and travel restrictions are lifted. This has brought in a pertinent issue that crosses boundaries and has been a menace all across the globe, that is, Child Trafficking. This article analyses the issue at hand and how India deals with the same by listing various laws and legislations to combat the same.
INTRODUCTION:
In a recent petition before the Supreme Court, filed by Bachpan Bachai Andolan, an NGO headed by Nobel Peace Prize laureate Kailash Satyarthi, alerted that the period of opening up after the National lockdown will see a considerable spike in child trafficking for labor and prostitution. With reference to this petition, a Bench headed by Chief justice of India S.A. Bobde, has asked the Solicitor General, Tushar Mehta to enquire in this particular issue and report back to the court within two weeks. In the petition, the NGO has said that the, “The opening of the lockdown would see a massive spurt in the cases of child trafficking... The pandemic, the lockdown and its aftermath would have a dauntingly adverse impact on children”.
While the issue of child trafficking is not new to the Indian society, the chances are that the gradual lifting of the lockdown and the ongoing pandemic has surely heightened the already illegal and widespread offence, which spans across various levels of the society. Child trafficking is a subset of human trafficking which is the practice/action of illegally transporting people from one country or area, for the purpose of forced labor, sale, or sexual exploitation. The term sexual exploitation of children refers to criminal practices that demean, degrade and threaten the physical and psychological integrity of children, in particular, sexual abuse by an adult and remuneration in cash or kind to a child or third person(s).Trafficking is a serious criminal activity which has plagued the strongest of the nation. It is a serious act of violation of human rights. According to a report published by the U.S. Department of State, “India is a source, destination and transit country for men, women and children subjected to forced labour and sex trafficking…The majority of India’s trafficking problem is internal, and those from the most disadvantaged social strata- lowest caste Dalits, members of tribal communities, religious minorities and women and girls from excluded groups – are most vulnerable.”
Child trafficking is not just limited to sexual trafficking, it extends to child prostitution, child labor, in some cases recruiting for terror-based activities, child marriages etc. It is worth noting that the children in India are more susceptible and vulnerable to exploitation due to lack of education, prevalence of orthodox ideologies and presence of poverty. With thousands of children still working in brick kilns, construction sites, and agricultural land, trafficking for the sake of forced child labor is widely prevalent. Apart from this, horrific stories emerge daily of girls as young as 9 years old being forced into the sex trade. Further, children are also sold by their parents to work in factory and industries that are highly dangerous with toxic environments. According to a report by Al Jazeera, more than 10 million children and teenagers between the ages of five and 14 are forced to work in the country, often through trafficking and bondage.
Further according to the 2012 Global Report on Trafficking in Persons released by United Nations Office on Drug and Crime (UNODC) has revealed that 27 per cent of all victims of human trafficking officially detected globally between year 2007 and 2010 are children. Over 2010-2014, out of the 3.85 lakh children who went missing across the country, 61% were girls. For example, the number of missing girls in the state of Andhra Pradesh stands at a shocking 11,625 as against 6,915 missing boys (The Times of India).
LEGAL PROVISIONS:
There are several legal provisions present on national and international level. Under the Constitution of India:

Article 23 vows to protect against exploitation, prohibits traffic in humans and beggar and makes this practice punishable under law.
Article 24 protects children below age 14 from working in factories, mines or other hazardous employment.
Article 21 talks about the right to life of every person, which includes safety, security, and dignity.

Under the Indian Penal Code, 1860, there are several provisions are which deal with protection of children from exploitation.

Under section 366A, any minor girl under the age of eighteen years to go to any such place with intent to forced or seduced illicitly.
Under section366B, importing any girl under twenty-one years with the intent that she will be, forced or seduced to illicit intercourse with another person is a punishable offence.
Under section 374 any person is punished who unlawfully compels any person into labor against his/her will.
Section 359 to 369 talk about various categories of kidnapping and abduction such as kidnapping of minors.
Section 363-A states that any person who kidnaps or maims a minor for the purposes of begging, shall be liable for punishment of life imprisonment and fine.
Section 369 states that the act of kidnapping or abducting a child under the age of ten years with the intent to steal from its person is punishable for a term which may extend up to seven years and shall also be liable for fine.
Section 370 specifically talks about trafficking of a person. This offence is cognizable, non-bailable and triable in the Court of Sessions.
Further, section 370A lays down the offence of exploitation of a trafficked person.
Under section 372, selling of minor for the purpose of prostitution is a punishable of offence with the punishment of imprisonment, which can extend up to 10 years.
Section 375 states that the offence of buying a minor for purposes of prostitution shall be punishable with imprisonment which may extend to 10 years and fine.

LEGISLATIONS WHICH AID IN PREVENTING TRAFFICKING AND EXPLOITATION OF A CHILD:

Protection of Children from Sexual Offences Act, 2012: The POCSO act deals with the issues surrounding sexual exploitation of minors. People who traffic children for sexual purposes are also punishable under the provisions relating to abetment in the Act. The Act prescribes stringent punishment graded as per the gravity of the offence, with a maximum term of rigorous imprisonment for life, and fine.
Immoral Traffic (Prevention) Act, 1956: This Act mainly deals with the prevention of trafficking and sexual exploitation for commercial purposes.
Child Labor (Prohibition and Regulation), 1986:The Act prohibits employment of children below specific age and in certain specified occupations. It also imposes punishment for the employment of minor children.
Juvenile Justice (Care and Protection) Act, 2015: The law is relevant for children who are vulnerable and are therefore likely tobe the victim of trafficking. It protects juveniles in need of care and protection.
Information Technology Act, 2000: The act penalizes the communication and transmission of any derogatory material, online and thus addresses the issue of child pornography. Section 67A aims at punishing for the publication or transmission of material containing sexually explicit act in electronic form and section 68B punishes publication or transmission of material depicting children in sexual explicit act in electronic form.

INTERNATIONAL CONVENTIONS RATIFIED BY INDIA WHICH DEAL WITH CHILD RIGHTS:

United Nations Convention on the Rights of Child
Worst Forms of Child Labor Convention, 1999
Optional Protocol on the Involvement of Children in Armed Conflict
Optional Protocol on the Sale of Children, Child Prostitution and Child Pornography

CONCLUSION:
Even though there are a plethora of laws which protect children from sexual exploitation and trafficking, the problem persists. In the petition brought forth the Apex Court, the NGO has highlighted the issue of child trafficking increasing again as the restrictions are being lifted and lockdown has ended. Do we need a country wide lockdown to curb the menace of child trafficking? From the above analysis we can deduce that while there are plenty of laws, the implementation of the same is the real issue. There have been several cases of trafficking of young girls across the borders of Nepal and India for the purpose of exploitation. This shows that exploitation is not wholly a domestic issue and hence, it is essential that the world deals with this issue together. There are several ways that this issue can be dealt with, other than the legal provisions. Better awareness programs, undertaking researches to identify the lacunas in the system, establishing links between various NGOs, organizations and the governmental authority, are among a few basic ways to make the system a little better. Protection of a child shall be supreme and extremely important as the children of today become the leaders of tomorrow.




			        ""Loved reading this piece by Palak Singh? 
			  Join LAWyersClubIndia's network for daily News Updates, Judgment Summaries, Articles, Forum Threads, Online Law Courses, and MUCH MORE!!""




 Join our Telegram group





 Join our Whatsapp group















Click here to Get More Content on LCI Android App











						Tags :criminal law
"
Where is the Rule of law in the Administration of justice?,"
The topic itself would convey the displeasure and dissatisfaction of the common man over the administration of justice. Administration of criminal justice has almost become an empty formality.
Even in the trial for heinous offences, the culprits are acquitted on technical grounds, more often, on ground of benefit of doubts which were intentionally created by none other than the prosecuting agency itself. However, neither the State nor the court is taking any serious efforts on punishing the real offenders.
Law-abiding Victims are further victimized and the culprits are getting strengthened day by day due to the extraneous calculations in the administration of justice. Litigants are approaching courts of law with a trust that the justice will be delivered to them in accordance with the law. However, it is a billion dollars question as to whether the judiciary has really discharged the trust reposed by the litigants.
The judges who have delivered the judgments in the controversial cases, unhesitatingly do accept the post retirement appointments from the Governments in such a way that it would shake the faith and confidence of the common man over the entire institution of the judiciary. Such incidents would not be in the interest the entire nation.
In reality, Administration of criminal justice is almost at the mercy of the State. Bureaucracy, especially the Police Department is not free from political interference. Principle of “might is right” which was practised in the primitive society, is still felt by the people of the State which has enacted so many provisions of laws, but failed to ensure fair justice system within its territory.
Detection of crime, investigation of crime, and to Prosecute the offenders are some of the pertinent duties of the State. However, in practice, some of the Police officers do not register the complaints against the offenders either for an unlawful consideration or due to some sort of political pressure on them. However, inaction on the part of the police authorities, cannot be ignored nor can it be pardoned. For shielding or trying to shield any wrong-doer itself is a serious offence.
Sometimes, Police is filing False Reports in favour of the culprits in the Courts of law, intentionally with a bad motive that the offenders are allowed to go scot-free in the criminal trial. Witnesses are being threatened not to support the prosecution case so that it becomes impossible that the justice is delivered to the victims by the courts of law.
Some judges, do pass wrong orders in a very careless and irresponsible manner. The litigants, are, therefore, constrained to file appeal, revision, Review, etc. So the litigants are facing delay in disposal of cases and to incur unaffordable expenses towards the litigation. Frustrated litigants, are, therefore, constrained to give up their genuine claim in spite of having ample chances of their claim being accepted by the courts of law in the future.
Judges enjoy so much respect because of their position in the Society and of their powers. However, they are not easily made liable for their non-performance of the corresponding duties. The law enforcement agencies are themselves putting spokes in the wheels of the administration of justice at the cost of the majesty of the law.
Uniformed and organised criminals are making the provisions of law meaningless by indulging in fraudulent and unlawful activities in a shameless manner. In reality, the safety and security of the honest and straightforward officers involved in the holy task of administration of justice, is not satisfactorily ensured by the State. Administration of criminal justice is, therefore, characterised by inefficiency, slowness and lethargy.
The litigants, are, therefore, losing faith in the justice system day by day in the absence of any practically possible mechanism to redress their grievance against corrupt judges. Victims failing to get justice from the corrupt system, do suffer from the stress related deceases. Victims who have lost faith in Justice Delivery system, are forced to the take some sort of retaliatory measures to get justice. One crime, is, therefore, followed by another as it used to be in the Primitive Society.
Dishonest police and corrupt judicial officers are, therefore, more terrific and dangerous than the disappointed victims who are forced to take laws in their hands for obtaining justice. The corrupt judges who are causing distrust in the minds of the litigants and force them to commit crimes in retaliation, are supposed to be prosecuted as if they have abetted the said crimes so as to remind the corrupt judges that the crime never pays.
Preamble of our constitution guarantees to a citizen justice, liberty, equality and fraternity. All these are possible only when there is rule of law. Where the rule of law is strong, the People uphold the law because they have a stake in its effectiveness. However, the Rule of law has now been diluted by the executives of the State in such a way that the victims are further victimized even by the judiciary on some or the other technical grounds.
It has been pointed out by the hon’ble Bombay High court that it is not only the obligation of the State administration, but also of the Courts to ensure that a fair and effective criminal justice system is in place and is implemented. Sometimes, two different judgments (!) are delivered in one case falling under the same law. If one judgment is right, the other one becomes wrong. But, why are the litigants required to spend so much amount of money for the appeal, to rectify the mistakes done by the previous judges in a very careless manner?
Why are the litigants required to wait for so many years to get justice when the previous judges have failed to perform their duty by applying their mind and law while deciding the cases?
Is it practically possible for a litigant to prove that his case was decided by a corrupt judge for an extraneous consideration and that he / she misinterpreted the law intentionally according to his / her convenience?
The judges do enjoy some privilege and immunity. However, the same should be meant for exercising their powers and performing their corresponding duties in the interest of the justice not for taking away the chances of the litigants to get justice in a legally permissible manner.
Millions of cases in the Indian courts of law have been pending for more than 10 years. Some Judges, instead of removing cause of action, do create new causes of action for future litigation. It is, therefore, high time now to scrutinize the role of the judges for long pendency of the cases and to fix the liability on the errant judges for passing wrong orders in a very careless manner so that the judges will be restrained from passing wrong judgments for an extraneous consideration.
Judiciary when applying the law to a particular case, must do so independently and without any external pressure or control. A dishonest judge not only disgraces his office, but also makes the entire justice delivery system vulnerable.
Sometimes, the judgments are passed by the judges depending upon their mood or depending upon the social status of the litigants in a particular case.
Governments tend to knowingly violate the Rule of law and the constitution and pass unconstitutional orders which would defeat the very purpose of the Rule of law. When the Governments violate the Rule of law and the Constitution, Writ Jurisdiction is the last recourse for securing justice and upholding the Rule of law. Writ Courts would award substantial amount of compensation to the aggrieved Parties and would direct recovery of amount of compensation from the salary of the errant officers of the State.
SOME QUESTIONS TO YOU:
1. Do you think that the Judiciary is free from corruption?
2. Do you think that the Judiciary is free from any interference by the Governments?
3. Do you think that every person is treated to be equal in the Courts of law irrespective of his / her social status?
4. Do you think that the principle of Might is right is no longer in practice?
5. Do you think that the chances of getting justice from the Apex court of law, are equal and the same for a person
living in the remote areas of a State and the person who lives in the City of National capital?
Those who are interested in law related topics, can subscribe to my channel https://www.youtube.com/watch?v=NrqvY0No6ps
-
Don't forget to press the bell icon to never miss any video to be posted in the Channel ""Jeevagan Legal"".




			        ""Loved reading this piece by S.JEEVAGAN, Madurai. ? 
			  Join LAWyersClubIndia's network for daily News Updates, Judgment Summaries, Articles, Forum Threads, Online Law Courses, and MUCH MORE!!""




 Join our Telegram group





 Join our Whatsapp group















Click here to Get More Content on LCI Android App











						Tags :criminal law
"
Bail Rule: Jail Exception ,"
The Principle of Bail as Rule and Jail as an exception, finds its very source from Article 21 and Article 22 of the Constitution of India and also from the well known principle of “Presumption of Innocence, Unless Proved Guilty”.
Only because a person is accused to have a committed an offence, the state cannot endlessly take away his or her right of life and liberty as enshrined in Article 21 of the Constitution of India, unless that guilt is established beyond reasonable doubt.
Article 21 of the Constitution of India lays down that no person shall be deprived of his life and personal liberty except in accordance to the procedure established by law, and the procedure must be just and reasonable.
“The Fiat of Article 21, is that any procedure which deprives a person of his life or liberty must be just fair and reasonable. Just, fair and reasonable procedure implies a right to free legal services where he cannot avail them. It implies a right to speedy trail. It implies human conditions of detention, preventive or punitive.”
In Babua @ Tazmul Hossain V. State of Orissa, the Apex Court of India has held that:-
“It is well settled that pre-trail detention is not to be restored to as a measure of punishment. The mere fact that the case prime facie involves a serious crime is not by itself conclusive.
Deprivation of liberty by refusing to grant bail is not as a measure of punishment or for the punitive purpose, but for the interests of justice to the individual concerned and to the society affected.”
It is also observed that refusal of bail is a restriction on the personal liberty of the individual guaranteed under Article 21 of the Constitution. In the case of State of Rajasthan v. Balchand, (1977) 4 SCC 308, this Court opined:
“The basic rule may perhaps be tersely put as bail, not jail, except where there are circumstances suggestive of fleeing from justice or thwarting the course of justice or creating other troubles in the shape of repeating offences or intimidating witnesses and the like, by the petitioner who seeks enlargement on bail from the Court. We do not intend to be exhaustive but only illustrative.”
In Moti Ram v. State of M.P., (1978) 4 SCC 47, Hon’ble Supreme Court, while discussing pre-trial detention, held:
“The consequences of pre-trial detention are grave. Defendants presumed innocent are subjected to the psychological and physical deprivations of jail life, usually under more onerous conditions than are imposed on convicted defendants. The jailed defendant loses his job if he has one and is prevented from contributing to the preparation of his defence. Equally important, the burden of his detention frequently falls heavily on the innocent members of his family.”
In Babuwa V. Tazmal Hussian, 2001 (1) Crimes 215 (S.C)
“The liberty of an individual is a matter of great constitutional importance in our system of governance. It is the duty of every magistrate as the custodian and the sentinel on ever vigilant guard of the freedom of an individual who has a precious right under the Constitution which cannot be taken away capriciously, arbitrarily or without legal justification.”
In Siddharam Satlingappa Mhetre v. State of Maharashtra, (2011) 1 SCC
“Personal liberty is a very precious fundamental right and it should be curtailed only when it becomes imperative according to the peculiar facts and circumstances of the case.”
Sanjay Chandra vs Cbi on 23 November, 2011:-
The object of bail is neither punitive nor preventative. Deprivation of liberty must be considered a punishment, unless it can be required to ensure that an accused person will stand his trial when called upon.
The courts owe more than verbal respect to the principle that punishment begins after conviction, and that every man is deemed to be innocent until duly tried and duly found guilty.
Principles considered while granting bail
To Balance the individual rights with society at large Hon’ble Supreme in Prahlad Singh Bhati v. NCT, Delhi, (2001) 4 SCC 280, and In State of U.P. v. Amarmani Tripathi, (2005) 8 SCC 21, culled following principles must be considered while granting or declining bail,

whether there is any prima facie or reasonable ground to believe that the accused had committed the offence;
nature and gravity of the charge;
severity of the punishment in the event of conviction;
danger of the accused absconding or fleeing, if released on bail;
character, behaviour, means, position and standing of the accused;
likelihood of the offence being repeated;
reasonable apprehension of the witnesses being tampered with; and
danger, of course, of justice being thwarted by grant of bail

It has also to be kept in mind that for the purposes of granting the bail the legislature has used the words “reasonable grounds for believing” instead of “the evidence”
Which means the court dealing with the grant of bail can only satisfy it (sic itself) as to whether there is a genuine case against the accused and that the prosecution will be able to produce prima facie evidence in support of the charge.
It is not expected, at this stage, to have the evidence establishing the guilt of the accused beyond reasonable doubt.”
Chidambaram vs Directorate Of Enforcement on 4 December, 2019
“At the stage of granting bail, an elaborate examination of evidence and detailed reasons touching upon the merit of the case, which may prejudice the accused, should be avoided.”
“In determining whether to grant bail, both the seriousness of the charge and the severity of the punishment should be taken into consideration.”
Therefore, the courts while deciding an application for bail, has to keep in mind the Right to life as constitutional right of the accused, balancing with social factors i.e. accused will join and co-operate with the investigation, witnesses should not be threatened or influenced, evidence be not tampered and most importantly accused should not abscond to face his trail.




			        ""Loved reading this piece by Kapil Chandna? 
			  Join LAWyersClubIndia's network for daily News Updates, Judgment Summaries, Articles, Forum Threads, Online Law Courses, and MUCH MORE!!""




 Join our Telegram group





 Join our Whatsapp group















Click here to Get More Content on LCI Android App











						Tags :criminal law
"
Cross Examination in Criminal Cases: A Practical Analysis of Common Mistakes that Lawyers Make!,"
SYNOPSIS:
This article covers the webinar conducted by Senior Advocate Mr.Ramesh Gupta, who is known for his work as defense counsel in the BMW (Sanjeev Nanda) Hit and Run case. The webinar titled 'Cross Examination in Criminal Cases: A Practical Analysis of Common Mistakes that Lawyers Make!' covers in detailed the minute points relating cross examination that a lawyer should always remember while cross examining. The session was truly enlightening and informative.
INTRODUCTION:
Sir starts the webinar by making a very significant observation that cross-examination is not just an art by its also a science. This practice is not based on our whims and fancies but is based on laws. Our criminal system is based on evidence, based on which, a person is either acquitted or convicted. This remains same for prosecution, defense, police, complainants. Thus, Sir states that the whole jurisprudence is based on evidence hence it is imperative to understand about evidence and principles relating to it before we dwell into Cross-examination.
INDIAN EVIDENCE ACT:
What is evidence?
Evidence has been defined under s.3 of the Indian Evidence Act, 1872.
'Evidence' means and includes -

 all statements which the Court permits or requires to be made before it by witnesses, in relation to matters of fact under inquiry, such statements are called oral evidence.
 all documents including electronic records produced for the inspection of the Court, such documents are called documentary evidence.

Hence there two types of evidence: oral and documentary.
Onus of the prosecution/complainant is graver than accused/defendant to prove beyond reasonable doubt. Onus on defendant is less if he shows any probability of his innocence. If the defense is able to put even a slight dent to the prosecution’s case, then benefit of doubt can be applied to formers case. But law says that the doubt should not be fancy but should be strong and realistic. Sir says that 'prosecution has to build a strong wall to prove their case, while the defense has to remove a few bricks from the wall to be able to put a dent in that case. The bricks should not be removed from top or bottom, but from the center so as to shatter its basic structure.'
What are the tools available with the defense?
The investigation is started by the police and charge sheet is filed after collection of evidence. During this whole process the accused is not involved anywhere. After collection of evidence a charge sheet is filed and the accused can be put into custody. Police does not consider any thing said by the accused so as to show that he is innocent and therefore the defense evidence comes at the latter stages of the trial. The Supreme Court in Bahubai vs State of UP has stated that 'Conduct of proper and fair investigation is the hallmark of any criminal investigation' and that IO should collect evidence either in favor of accused or complainant. So, we can move an application before the filing of charge sheet that IO shall collect evidence. Hence, considering all of this it can be clearly stated that the only tool available with the defense to discredit prosecution’s case is cross-examination, even if there is a statutory presumption available like that as under the Negotiable Instruments Act section 139 that if complainant proves the case the onus shifts on the accused to disprove the case, yet even in section 138 cases the accused has to only prove his case till the prosecution stage and establish that complainant is not representing the truth, then the onus shifts on the defense.
Types of evidence?
Oral evidence: When the proof is restricted to spoken words or by gestures or motion then it is termed as oral evidence. Oral evidence, when reliable, is adequate without narration or written proof to demonstrate a reality or fact. Section 59 and 60 of the India Evidence Act mainly deals with oral evidence. Other than that, there are many sections in the act that also deals with oral evidence such as section 22 and 22A deals with oral admissions and chapter 6 of the Indian evidence act which deals with the exclusion of oral by documentary evidence. Statements under Section 164 and 161 of CRPC are previous statements of a witness and so they are inadmissible if recorded during investigation.
Anything that can be seen, smell, heard, those evidence are also admissible in court of law, by the oral admission of the person. Although, hearsay statement is not admissible. Under hearsay evidence, the witness tells the court about what he had heard from somebody but has not seen anything or experienced anything by him.
Documentary evidence: Any evidence which is present as a document before the court in order to demonstrate or show a reality. While reading s.60 and further, Sir points out while an evidence is being exhibited, the counsel or anyone else has to raise objections to that evidence at the very first instance, as the same wont be available afterwards in the trial. Sir refers so sections 61, 62, 63 in order to understand primary and secondary evidence. Primary evidence is considered as the evidence which is given in several parts like duplicate copies or as counterpart like those which is signed by the parties or photocopy of the document whereas, Secondary evidence contains certified copies, that have been made by the same mechanical process and also contain counterparts of the document against the parties.

Â 

Can examination-in-chief of a person, whose cross examination has not been conducted, be termed as oral evidence?
The answer to this question is no. Sir tells that unless his evidence is complete, that is examination-in-chief along with cross examination, and then witness is discharged, then only that evidence will be termed as evidence.
Further Sir tells that when a statement is recorded under s.164 of a witness and that witness fails to appear in court, the statement won’t be termed as evidence since it is a past statement. Hence, statement under s.164 has no evidentiary value unless a victim comes to the court and makes a deposition. Evidence of eyewitness has to be form of examination-in-chief and cross, re-examination.
Evidence through electrical medium:
Under the Indian Evidence Act, s.65A and 65B deals with evidence in electronic format.
The question of admissibility of electronic evidence was first raised in the case of State v. Mohd. Afzal, and then later in the case of State (NCT of Delhi) v. Navjot Sandhu, where the SC held that 'even if the requirements under section 65B(4) were not satisfied, evidence could be produced under sections 63 and 65 of the Evidence Act'. But this judgement was overruled by PV Anwar v. PK Basheer where the SC rejected the view taken previously that the sections 61-65 of the Evidence Act can be used when the conditions mentioned under section 65B were not met. The Court applied the principle of generalia specialibus non derogant. Therefore, the Court held that while sections 61-65 deal with the general documentary evidence, section 65B refers to one special component- electronic records. Therefore, it was held that electronic evidence can only be dealt with under section 65B.

Under s.118 of the Evidence Act it is state that, 'All persons shall be competent to testify unless the Court considers that they are prevented from understanding the questions put to them, or from giving rational answers to those questions, by tender years, extreme old age, disease, whether of body or mind, or any other cause of the same kind. A lunatic is not incompetent to testify, unless he is prevented by his lunacy from understanding the questions put to him and giving rational answers to them.' Hence, even a child witness can give evidence if he understands the circumstances.
Sir then moves on to talk about section 137 and 138. S.137 describes examination-in-chief as examination of the witness by the party who calls him. Cross-examination is defined as the witness by the adverse party. Re-examination is defined as the examination of a witness, subsequent to the cross-examination by the party who called him, shall be called his re-examination.

Sir points out that one should always be careful as to what question to ask and not ask while cross-examination, as even one single wrong step can result in the whole case of accused being ruined.
CODE OF CRIMINAL PROCEDURE:

Sir talks about section 161 and 162 and says that these are important sections. S.162 deals with examination of witness by police. S.162 talks about statements to police not to be signed and use of statements as evidence. Sir points out an important part in the section which is ' provided, at any inquiry or trial in respect of any offence under investigation at the time when such statement was made: Provided that when any witness is called for the prosecution in such inquiry or trial whose statement has been reduced into writing as aforesaid, any part of his statement, if duly proved, may be used by the accused, and with the permission of the Court, by the prosecution, to contradict such witness in the manner provided by section 145 of the Indian Evidence Act, 1872 (1 of 1872 ); and when any part of such statement is so used, any part thereof may also be used in the re- examination of such witness, but for the purpose only of explaining any matter referred to in his cross- examination'.
Sir then talks about the concept of ‘previous statement’. the statement recorded under section 164 of the Code is previous statement of the witness. Sir stated that any statement which has been reduced to writing which has been given by a witness under 161 or any other statement, it is called a previous statement. S.162 shows how to use section 161 or 145. Statements recorded by SGMs can also be termed as previous statement. And their confrontation will be according 162 of Evidence Act. 
Sir points out that there is no point in cross-examining witnesses which yield no purposes. It is always advisable to cross examine those whose examination can lead to the demolition of prosecution’s case.
Sir also talks about the infamous 1999-Delhi hit-and-run case, of which he was a part of the defense counsel. In early morning of 10th January, a car hit around 5-6 people. The car was speeding and later the car was traced with the help of number plate. An FIR was filed eventually. After 5 days an eyewitness comes up. Now the problem was that Prosecution was unable to show that accused Sanjeev was actually driving the car. Defense could take the defense either that yet he was driving, by they were the ones who were standing on the road or they could take the defense that Sanjeev was not driving the car at all so that the onus shifts on the prosecution to prove that Sanjeev was driving. Sir said that the defense adopted the later scenario as it was better to accept since the car at the scene of crim clearly belonged to the accused. The eyewitness was dropped eventually, and the trial went on. The prosecution tried to weave a story of the accused getting out of the car and examining the scene but this whole assumption was demolished by the defense counsel. Sir explains how police tend to introduce eyewitnesses’ weeks and days later which usually mean that they are false eyewitnesses. Sir also stated that in accident cases site plan plays an important role. The positioning of eye witness should be seen on the site plan and then cross should be done.
Sir talks about s.172 and 173 which talks about cases diaries which basically states that a police officer is supposed to maintain a case diary. He also notes that this is hardly maintained.
Sir noted a very important point. He said that if the counsel wants to ask any question from a witness regarding a particular point, it has to be done during the cross examination only because if this is not done then it will be assumed that the point has been accepted by the counsels. This principle includes improvement, contradiction and omission. Minor improvements, contradictions and omissions are excusable but major ones are not. Also, one witness cannot be confronted by the statement of another witness.
Thereafter Sir elaborated on the TI parade that is the Test Identification Parade which is an important part of defense. Recover memo is also regarded as previous statement and can be use for confronting the accused.

JUDGEMENTS:

Sukhwant Singh v. State of Punjab (MANU SC/305/1995): Evidence cannot be accepted by a witness until and unless cross and chief examination both happen.
Chaudhari Ramjibhai v. State of Gujarat (MANU SC/0899/2003): The one witness cannot be confronted by the statement of another witness
Kanu Ambu Vish v. State of Maharashtra (AIR 1971 SC 2256): Any statement used in the panchnama cannot be used in the statement except for the purpose of contradicting the witness. Panchanama statement is also previous statement.
Tehsildar Singh v. state of UP (MANU SC 53/1959): Judgement on omission of a material fact by the witness. 
Badri v. State of Rajasthan (1976 SCR (2) 339): Another judgement on omission. Minor omissions not important, major omission is important.
VK Mishra v. State of Uttarakhand (CRIMINAL APPEAL NO.1247 OF 2012): Cross examination of IO
Manu Sharma v. State (NCT of Delhi)
Swaran Singh v. State of Punjab (1957 AIR 637): If you don’t cross examine a point, it means you are admitting it.
Sat Pal v. State of Delhi Administration (1976 AIR 294): Leading questions. Concentrate on para 37, 41, 42, 45 and 53.
Ravi Kumar v. State of Rajasthan (RLW 2008 (1) Raj 647): Accident cases. Eyewitness and their credibility as they tend to see after accident happens.
Eyewitness and Rashomon effect. Evidence by expert should not be touched upon and if it is needed, then the cross shall be prepared with the help of another expert.
Kishan Pal v state (MANU  D 235 2004) by J. DK Jain and J Sikri
Johnson v. State( MANU D 753 2012)  

CONCLUSION:
The session was extremely informative as sir did not just teach about the theoretical aspect of Cross-Examination, he also taught us about the practical intricacies which was very helpful for practicing lawyers and future lawyers as well. It is extremely crucial that along with theoretical knowledge, we also have the practical knowledge. On behalf of the LCI team, we thank Adv. Ramesh Gupta Sir for joining us for the webinar and enriching us with such knowledge!
Also Read: Presentation on ""Cross Examination in Criminal Cases: A Practical Analysis of Common Mistakes that Lawyers Make!"" by Adv. Ramesh Gupta




			        ""Loved reading this piece by Deeksha Chugh? 
			  Join LAWyersClubIndia's network for daily News Updates, Judgment Summaries, Articles, Forum Threads, Online Law Courses, and MUCH MORE!!""




 Join our Telegram group





 Join our Whatsapp group















Click here to Get More Content on LCI Android App











						Tags :criminal law
"
Rights of undertrial prisoners in India,"
INTRODUCTION
The criminal procedure that is instituted for criminal cases in India can be broadly categorized under three well-known stages. They are pre-trial, during the trial and post-trial stages. All three of the aforementioned contribute to the securing of justice in their own ways. An ‘accused’ becomes a ‘convict’ only, and only when s/he has been decided to have committed the crime by the respective judges after a thorough trial. However, the lines that define an accused is never as clear-cut as it can seem from above. There are innumerable twists and turns which limit the ease at which one can easily put a person into either the guilty or innocent box.
Such a concept is what an under-trial prisoner is. An under-trial prisoner is someone who has been put behind bars during the process of trial in a competent court, due to various reasons. Unfortunately, instead of benefitting society, the accumulating number of under-trial prisoners is one of India’s foremost problems today.
UNDER-TRIAL PRISONERS
The difference between under-trial prisoners and normal prisoners are that the former are essentially in jail for something that they are still not ‘guilty’ for. Now, the purpose for which these accused people are locked up is due to the fact that –

India is a country that religiously follows the principle of “fair trial” and therefore, prevents the accused from inducing or forcing the witnesses to testify in the former’s favor.
There is a good chance that the accused would not turn up for trial.
The accused is charged with offences that are of a grave nature.

This type of detainment, is, theoretically, only used in circumstances where the justice system has the highest suspicion that the accused can harm or influence the witnesses if left in the open. Unfortunately, in practicality, Indian prisons seem to showcase the exact opposite. According to the National Crime Records Bureau (NCRB) prison statistics of India 2016, the under-trial prisoners account for two out of every three people jailed.  This points to the fact that jails in India today do not have the optimum capacity to house any prisoners.
Moreover, our nation is particularly ill-famed for the slow pace of our justice systems. This paves the way for the delay in trials due to the lakhs and lakhs of case backlogs pending in our country. That is why one of the most basic human rights issue that pertains to these prisoners is this lengthy judicial process that often takes entire lifetimes to even start. 
DOCUMENTS IN SUPPORT OF PRISONERS’ RIGHTS
The Standard Minimum Rules for the Treatment of Prisoner, adopted by the First United Nations Congress on Prevention of Crime and Treatment of Offenders (Geneva, 1955) was one of the first internationally recognized documents that laid out the rights of prisoners. It also gives incredibly detailed information regarding the treatment of undertrial prisoners. Some of the sections are as follows that correlate with the aspect of international human rights of undertrial prisoners –

Rule 86 – Undertrial prisoners should be given separate rooms to reside from the normal prisoners.
Rule 87 – Undertrial prisoners have a choice to arrange for their food from outside, either through the administration or through their loved ones.
Rule 88 – These prisoners are usually allowed to wear the clothing of their choice.
Rule 89 – An undertrial prisoner has a choice to work or not, depending on the whims of the prisoner. If the prisoner does choose to work, he will be paid.

The Body of Principles for the Protection of All Persons under Any Form of Detention or Imprisonment(adopted by the General Assembly of UN in 1988) also gives certain privileges to these prisoners by assuming and treating that they are innocent until proven guilty. It also states that any unnecessary restrictions are forbidden to be put on the undertrial prisoners.
The Indian law, along with the above rules, also have their own domestic provisions for securing the rights of undertrial prisoners. The Constitution of India is one prime example of such a provision. It offers the same rights to all types of prisoner; and Article 21 is one of the richest source of these rights.
Where undertrial prisoners are concerned, Right to Speedy Trial is considered the most important. In the extremely famous case of Hussainara Khatoon v. State of Bihar, it was held that a procedure that is designed to restrict a person’s liberty will not be ‘fair’ unless it ensures a speedy trial for that procedure.
Similarly, the Code of Criminal Procedure, 1973, states that:
“In every inquiry or trial, the proceedings shall be held as expeditiously as possible”
REALITY
However, such human rights are not being adhered to at all. The percentage of such detained prisoners have only been steadily increasing in the past years. The reasons for these are –

Grossly inadequate proportions of judges in relation to the piling cases.
Lack of coordination among the various parts of the justice system.
Poor legal awareness of the prisoners of their right to seek release, and if they are aware of it, then they are too poor to furnish bonds for bail. Infact, this was reiterated in the case of Common Cause versus Union of India & Others.

REFORMS
What our country is very calmly overlooking is the fact that this severely affects the thousands of innocent people physically, mentally and emotionally. India is also unfortunately mostly a patriarchal society. Therefore, in a majority of cases, when the breadwinner is absent from the family, it leads to destitution. The other members would also be subjected to ridicules and social stigmatizations.
Section 167 of the Code of Criminal Procedure, especially, should be very strictly interpreted and executed, as it lays down the maximum time-limit within which investigation should be completed and charge-sheet should be submitted to the court.
Indigent families of the prisoners can also be helped by –

Allowing to avail basic goods and services at a reduced rate,
Giving a certain amount of money on timely intervals as long as the breadwinner is behind bars,
Providing jobs to the other competent members of the family, etc.

CONCLUSION
More than 50% of today’s prisoners are ones who are undertrial. Despite various measures, these people are still mistreated, which constitutes a major human rights issue in today’s world. Therefore, the authorities need to strictly implement the already existing provisions in order to ensure that the undertrial prisoners are not robbed off of their dignity which is given under A.21 of the Constitution.




			        ""Loved reading this piece by Karishma Yadav? 
			  Join LAWyersClubIndia's network for daily News Updates, Judgment Summaries, Articles, Forum Threads, Online Law Courses, and MUCH MORE!!""




 Join our Telegram group





 Join our Whatsapp group















Click here to Get More Content on LCI Android App











						Tags :Criminal Law
"
A study on under trial prisoners in the country,"
Under trial Prisoner is a person who has been committed to judicial custody and against whom a criminal trial has been initiated by a competent authority (trial is in process and not yet disposed off). In other words, it is the result of arrest for an alleged offence not followed by grant of bail.  There are three types of Under Trial Prisoners:
(a) Person being tried for Non-bailable offences in respect of whom the courts have declined to grant bail for release.
(b) Person being tried for non-bailable offences where courts have passed a bail order but difficulty in finding appropriate surety money or guarantee.
(c) Person tried for bailable offences but because of the difficulty of finding appropriate sutety or because of any other reaon do not furnish the bail bond.
REPORT ON UNDER TRIAL PRISONERS
There are 26 High Courts with Jurisdictions under 382 Districts dealing 51752 cases involving 98206 parties as on 26.05.2020. Break-up details are furnished as under:

Â  Â Â 	


S.No.


HIGH COURT


DISTRICTS


CASES


PARTIES




1.


ALLAHABAD HIGH COURT


44


4065


5313




2.


ANDHRA PRADESH HIGH COURT


9


417


955




3.


BOMBAY HIGH COURT - GOA


2


90


145




4.


BOMBAY HIGH COURT - DIU & DAMAN


1


1


6




5.


BOMBAY HIGH COURT - SILVASSA


1


1


1




6.


BOMBAY HIGH COURT - MAHARASHTRA


34


14730


29730




7.


CALCUTTA HIGH COURT


9


76


84




8.


CHATTISHGARH HIGH COURT


12


317


461




9.


GUWAHATI HIGH COURT


19


527


629




10.


HIGH COURT FOR THE STATE OF TELENGANA


10


14858


36406




11.


HIGH COURT OF MANIPUR


1


21


22




12.


HIGH COURT OF RAJASTHAN


7


6


9




13.


HIGH COURT OF DELHI


6


154


196




14.


HIGH COURT OF GUJARAT


32


7371


11206




15.


HIMACHAL PRADESH HIGH COURT


5


51


66




16.


JAMMU & KASHMIR HIGH COURT


11


250


354




17.


JHARKHAND HIGH COURT


15


274


357




18.


KARNATAKA HIGH COURT


30


3255


5195




19.


KERALA HIGH COURT


9


39


48




20.


MADHYA PRADESH HIGH COURT


41


1907


2800




21.


MADRAS HIGH COURT


15


53


61




22.


MEGHALAYA HIGH COURT


1


19


24




23.


ORISSA HIGH COURT


5


11


15




24.


PATNA HIGH COURT


21


1299


1633




25.


PUNJAB & HARYANA HIGH COURT - HARYANA


10


423


782




26.


PUNJAB & HARYANA HIGH COURT - PUNJAB


12


307


479




27.


SIKKIM HIGH COURT


2


11


12




28.


TRIPURA HIGH COURT


5


27


34




29.


UTTARKHAND HIGH COURT


13


892


1183




GRAND TOTAL


382


51752


98206





*Source- National Judicial Data Grid
Under the Chairmanship of Mr. Justice Hans Raj Khanna (1974-1977) the 8th Law Commission was constituted. The  78th Report was presented on 02.02.1979 to Shri Shanthi Bhushan, Minister for Law, Justice & Company Affairs in respect of Congestion of Under trial persons in Jail which was accepted and implemented by the then Government .
CRUX OF 8TH LAW COMMISSION - REPORT NO: 78
Out of possible remedies to prevent intermixing of Convicts and Undertrial prisoners and avoid evils of contamination provision of two classes of prisoners should be housed separately. The Report proposed to revisit the process of Bail Procedures and make suitable amendments both in IPC and Cr.PC. Gist of recommendations are as under:
d) Cases where accused persons are in jail should be given preference and the disposal time period should be within four months.
(e) Courts should be entertain interference of multiple parties who are interested in prolonging the case
(f) Trial Court Magistrates should furnish periodical statements of cases in which the accused are in custody and the reasons for non-conclusion of trial proceedings within the prescribed period.
(g) Agitators who defy law and court arrest who would not seek bail should be put for trial immediately after the arrest.
(h) UT prisoners who keep peace and good behaviour and are detained in jail because of inability to furnish the requisite bond. Their caes should be heard promptly and proceedings concluded within three months.
(i) Diversion of investigating officers to other duties should be avoided and they should submit their reports within three months’ time.
(k) If investigation is not completed within the stipulated period the accused should be released on bail.
(l) Adjournments should not be granted unless absolutely necessary if the accused is in jail.
(m) Expansion of the category of bailable offences under IPC through suitable amendments.
(n) Offences umder laws other than IPC punishable with 3 years imprisonment should be made bailable with exceptions
(o) Statutory requirement that the amount of bond shall not be excessive
(p) Proposed amendments in Cr.PC to include the word “Release” instead of “Discharge” where a period of one month expires after arrest without the accused furnishing sureties, that shall be a fit ground for release on bond without sureties. Further a person released on bail shall be bound to appear and to surrender to custody.
(q) Discretion should be given to the court to release a period on bond without sureties where it is permitted by the Code.
(r) Power to release on bond without sureties should be expressly provided under Sections 393(3) and 439(1)(a) of Cr.PC.
(s) New offence punishing violation of the obligation so undertaken with imprisonment upto two years or fine or both for cognizable, non-bailable and triable by any Magistrate.
It is time to review these implemented calling for data from all  High Courts and compliance report to be analysed by an Independent Committee under the supervision of our Apex Court.
Pre-trial/remand prison population: trend
The table below gives an indication of the recent trend in the pre-trial/remand prison population. The final row shows the latest figures available. It consists of the number of pre-trial/remand prisoners in the prison population on a single date in the year (or the annual average) and the percentage of the total prison population that pre-trial/remand prisoners constituted on that day. 

Â  Â Â 	


Year


No. of Prisons


Actual Capacity of Prisons


No. of Prisoners at the end of the year


No. of Under trial Prisoners


Percentage of Under Trial Prisoners against Total Prisoners


Occupancy Rate at the end of the year




2016


1412


380876


433033


293058


67.68%


113.7%




2017


1361


391574


450696


308718


69.49%


115.1%




2018


1339


396223


466084


323537


69.42%


117.6%





Source: Prison Statistics India Report 2018 published by National Crime Records Bureau, MHA,GOI
Type of Offences under IPC: 

Â  Â Â 	


 Offences under IPC Crimes


Number


%




Offences affecting Human Body - Murder,  Dowry Deaths, Attempt to Murder, kidnapping & Abduction, Rape, Assault on women with intent to outrage her modesty.


160925


63.5%




Offences against Property - Thefts, Extortion, Robbery, Dacoity, preparation & assembly for dacoity, Criminal Breach of Trust, Cheating, Arson, Burglar


73240


28.9%




Other offences under Special Local Laws(SLL)


19358


7.6%





Sentences & Incarceration 
As on 31.12.2018 there are 323537 under trial prisoners whose are lavishing in various jails across the country as under:  (Latest figures)

Â  Â Â 	


Period of Confinement


UT Prisoners


%




Upto 3 months


117012


36.17




3 to 6 months


69180


21.38




6 to 12 months


55349


17.11




1 to 2 years


40217


12.43




2 to 3 years


22359


6.91




3 to 5 years


14316


4.42




More than 5 years


5104


1.58





It must be noted that a total of 1535871 under trial Prisoners were released during the year 2018, out of which out of which 92.97%  (14,27,942) were released on bail.,  59,357  were released based on acquittal on first instance and 24,651 were released subsequent to the acquittal on appeal., 33 were extradited to foreign countries and  1,072 were released under Section 436A of Code of Criminal Procedure.
ISSUES UPFRONT FOR UNDER TRIAL PRISONERS
Supreme Court observed that overcrowding is a common bane in the under-staffed prisons as both the prisoner and his guard equally suffer human rights violation. It is a known fact that the under trial prisoner:
(a)  who is yet to be heard in the court suffers the most, languishing behind bars for years together without a hearing from Court.
(b) numbers are highly disproportionate to those of convicts.
(c) Lawyer - UT Prisoner Ratio is highly disproportionate as there should be at least one lawyer for every 30 prisoners which is not place in the Criminal Justice Administrative System.
(d) Lack of Speedy trial remains one of the main deterrent factor.
(e) Due to unavailability of sufficient police guards for escort and transportation of the UT prisoners’ physical production before courts is a major constraint.
(f) Lack of legal advice to convicts to issues of remission and parole.
(g) Courts are not encouraged to release offenders on probation at pre-trial stage or after trial in deserving cases.
(h) Under trial Review Committees (UTRCs) set up in every district to review the cases of under trial inmates and submit reports to the legal services authorities in states and recommend the release of under trial prisoners.
(i) NALSA should engage the services of the empanelled lawyers from the States to offer free lawyers to poor at pre-release stage.
(j) To provide effective legal aid to the needy people right from the stage he is called to the police station.
(k) Committee to review, deliberate and recommend the release of under trials who have undergone their sentences even exceed the maximum period of their punishment if convicted.
(l) Lack of coordination between the Centre, Judiciary & State Governments.
(m) In case of bail there are neither any guarantors nor assets to furnish as bonds, the poor continued to suffer in prisons. There have been cases where the amount of bail is disproportionately high. One such case even went to the Supreme Court.
(n) Abuses faced in jail: The Constitution of India, the Universal Declaration of Human Rights and the Standard Minimum Rules for Treatment of Prisoners clearly specify the standards of treatment with prisoners on trial. The Report observed that abuses relate toe 1) Prison violence 2) Criminalizing effect of a prison  due to Lack of  scientific classification of  hardened criminals  to separate them from others,  3) Health problems - Due to overcrowding and shortage of  adequate space 4) Mentally ill prisoners - 5) Drug abuse - 6) Effect on the families of prisoners -
NEED TO EXPLORE THE FOLLOWING AREAS TO ADDRESS ISSUES - UT PRISONERS
1. Whether Technology could be optimized to speed up hearing process from Jail to Court without physical movement of the Under Trial Prisoners to the court premises.
2. Whether all the recommendations including amendments proposed under Law Commission Report in IPC and Cr.PC. have been fully facilitated to dispose cases related to Under Trial prisoners.
3. Whether Courts resort to awarding Automatic extension of remands for the sake of the convenience of the authorities violating the Constitutional guarantees under Article 21.
4. Whether physical producing of prisoners at various stages of investigation and trial, in shifts system can be explored.
5. Whether High Level committee comprising local police, judiciary, prosecution, district administration and the prison department could be constituted to  visit the Sub jails under their jurisdiction at least once every month and review delay in cases of prisoners if any and adopt suitable measures.
6. To devise suitable laws and penalties resulting in the denial of The Right to Speedy Trial due to  -
(a).inadequate number of Judges and Prosecutors.; (b) Absence or belated service of summons on witnesses;; (c). Presiding judges proceeding on leave.;(d). Remands extended mechanically due to lack of time and patience of the judge.(e) Inadequacy of police personnel and vehicles for production of under trial prisoners on their due dates.(f) Escorting police personnel merely submits the remand papers in the courts instead of actually producing the prisoner in front of the magistrate.
7. Whether there could be alternative methods to dispose all the pending UT cases in one stroke through a Special Bench formed in the respective High Courts.




			        ""Loved reading this piece by Parthasarathi Loganathan? 
			  Join LAWyersClubIndia's network for daily News Updates, Judgment Summaries, Articles, Forum Threads, Online Law Courses, and MUCH MORE!!""




 Join our Telegram group





 Join our Whatsapp group















Click here to Get More Content on LCI Android App











						Tags :criminal law
"
How evolved is Victimology in India: Victim Compensation in Indian Criminal Law,"
SYNOPSIS:
This article covers the webinar delivered by Mr. Pawan Kumar, Judge, Metropolitan Magistrate. Mr. Pawan Kumar, Judge, who is a Metropolitan Magistrate. Sir was the metropolitan judge who recorded the statements under the Nirbhaya Gang-rape case, under section 164 of the CrPC. He is also the Secretary for Delhi Legal Services Authority. Sir experiences these cases on a daily basis and hence, knows the police, prosecution, respondent and every other of the case thus is the best resource person to deliver a webinar session on this topic.
The topic of the webinar is “How evolved is Victimology in India: Victim Compensation in Indian Criminal Law”. In the webinar, Sir talks about the importance of victim compensation and how the society needs to stop the victimization of survivors or victims of sexual offences and acid attacks.
INTRODUCTION:
Under the Indian Justice System, the focus for long has been on the offenders. Right from the arrest of the offender, to his trial, the system and the citizens, whom this system caters to, have always been concentrated on what happens with the offenders. People usually forget about what happens to the victim after the trial. We, as a society, rarely think about the victimology. In cases such as those of rape and other sexual offences, we always talk about what has happened, and how unfortunate it is. We seldom talk about what should be the recourse for the victim, after such an offence against her has taken place.There is no proper victim compensation system in our country. 
Sir started the webinar by noting his experience where he interacted with several lawyers and advocates, and upon such interaction, he realized that there are several members of the legal fraternity itself who do not know about “victim compensation”.
Sir then goes on to narrate his experience of horror and bewilderment when he had to go and record the statement of Nirbhaya. He notes that this case was significantly different from all other cases, as the victim was not even in the condition to speak. Sir notes that one of the main task designated to the judges while noting the witness statements is to judge the cognitive abilities of the victims. Since the victim was severely beaten and ravaged beyond recognition, Sir had to think of new ways so that the victim could give her statement. Sir then deduced the idea where he formulated that he would put the information in the form of Multiple-Choice Questions, and then the victim would raise her finger corresponding to the answer. For instance, the question would be “What is your name?”. The options for the same would be her name, along with other options. Then the victim would raise her finger as one, two or three and then that answer would be ticked. This way, the whole statement of the victim was taken, and this statement was held to be valid till the case went to Supreme Court.
VICTIM COMPENSATION:
Stakeholders under such procedures are the accused, police, victim, prosecution, defense and etc. But the most important stakeholder, who initiates such procedures and puts it into motion, is the victim and we tend to forget this stakeholder. A victim is a person who suffers, physical/mental and economical suffering.
Victimization are of two kinds:

Primary Victimization: The one who directly gets affected by physical or mental injury.
Secondary Victimization: The victim gets affected second hand, that is, by the police, prosecution, defense or court.

Victimology can be defined as the relationship between the victim and accused, it is the interaction between the two and it is the introduction and then interaction of the victim with the criminal justice system. There are many ways where a victim is victimized. Sir narrates an example where he had to take statement of a victim under the POCSO Act, who was allegedly assaulted by her father. While she was given interim compensation, when Sir asked what else she needed, she stated that many media news channels, both at the local and national level have reported her case. The reports included intimate details such as the relationship between the accused and victim, the locality where they lived and other information such as the total number of family members and mother’s job. Sir then notes that under the POCSO Act, it has been clearly stated that the identity of the victim and the accused should remain anonymous and it is the duty of police, prosecution, and the society at large. Due to this media reporting, the girl child had to stop going to school and could not even give exams because the school authorities then started asking her questions relating to the incident. Mother’s colleagues started asking her such questions because of which the mother had to take holiday. This shows that due to a small mistake of the media houses, the victim had to undergo so much humiliation and pain, and even had to leave her education.
When we talk about secondary victimization, the police authorities always come to mind. Right from FIR, recording statements to medical examination. Under section 173 of the Code of Criminal Procedure, an accused is to be provided with all documents including charge sheets and etc. but on a closer look we will find that there is no such provision for the victim. Most of the victims have the issue that they hardly know what is going on in the police investigation.
Sir notes that while an accused is always prepared before his cross examination by the defense lawyer, a prosecution witness never goes through same. They hardly know any possible that they can be face with by the defense, unlike the accused who is always prepared beforehand. Sir further states, that this is one of the leading causes of high acquittal rate and he doesn’t blame the prosecution for this as he tells that the prosecution in our country is not well equipped. Victim is never counselled before chief-examination and cross-examination. Hence, Sir points out the fact that victimization is not just limited to police authorities but goes beyond that includes much minor aspects also. The victim does not get any notification in case of bail or parole.
Malimath committee pointed out that the increasing number of victims is due to the inadequacy of protection by law. While Delhi started the first Witness Protection scheme, but other than that there are no schemes or Acts for the protection of the victim.
 
WITNESS PROTECTION SCHEME:
In a recent SC judgement, it was stated that every state shall have a Witness Protection Scheme. The Apex Court has released certain guidelines with respect to the same:

The Scheme was drawn up by the Centre in 2018 with inputs from states/Union Territories, National Legal Services Authorities, civil society, High Courts and police personnel.
The aim and objective of the scheme are to ensure that the investigation, prosecution, and trial of criminal offenses is not prejudiced because witnesses are intimidated or frightened to give evidence without protection from violent or other criminal recrimination.

There is a need to protect these witnesses as there are chances of them being intimidated by the accused. There is provision in Delhi courts, where the court room is divided in three part and this way, they do not place victim and accused in the same room, in front of each other.
VICTIM COMPENSATION:
Sir notes that under the criminal laws in our system, when compensation is being payed, factors such as nature of the offence, degree of injury to the victim, the capability of the accused to pay the victim, etc. needs to be considered. Now we have concept like social investigation reports and etc. which caters to the victims. But before recent times, victims were hardly taken care of. Even though we have the provision of “order to pay compensation” under section 357 of the CrPC, there are several lacunas. The section contains the word “may” and thus it does not make compensation mandatory. Its upto the judge, whether compensation shall be awarded or not. Now, the question arises is what about in the case where there is no conviction? Section 357 only caters to victims in case there is a conviction.
Sir points out that while money cant replace the problems faced by a victim, compensation acts as a solace to the victim and lets them know that they are very much a art of the system, and have not been forgotten.
Sir talks about Delhi Victim Compensation Scheme also.The new scheme, that is the Delhi Victim Compensation Scheme, 2018 which was replaced by the Delhi Victim Compensation Scheme 2015 by virtue of the Nipun Saxena v. Union of India. In the case, the Court also detailed out the establishments of “One Stop Centers”, by taking inspiration from “BHAROSA” in Hyderabad which can be used as a model for other one-stop centers in the country.
Sir then elaborates that compensation are of two kinds, namely compensation for general offences and for sexual assault. The victims of sexual offences are usually awarded interim compensation for immediate need, but if during the sentencing and judgment, the court comes to the conclusion that the award given to victim is not sufficient, then more compensation may be asked to be paid. Also, it should be kept in mind that another factor which the court looks at it is whether the accused is capable enough to pay compensation and if not, the court directs authorities like the Delhi Legal Service Authority of the same. Advocates can also request court to refer the matter to the DLSA if the compensation is not apt. Although, it should be noted that no trial court has the power to quantify compensation.
When compensation is given to adult victims, 25% of the compensation will be given immediately while 75% will be given as FD for 3-year, interest of which will be credited to their savings account. In case of minors, 20% will be given immediately and 80% will be given as FD after the victim gains majority. Further, Laxmi v. Union of India, the SC court had released several guidelines for hospitals and other institutions on how to deal with rape victims.
Hence, it is safe to say that the judiciary of our country has taken several steps in order to curb exploitation of victims of sexual offences and acid attacks.
CONCLUSION:
Sir points out that we as a society, also victimize the survivors. For instance, acid attack survivors are ostracized while rape survivors are discriminated and treated worse than the perpetrators. Such schemes and landmark judgements are very significant for the betterment of the conditions of the victims. Sir encouraged the practicing advocates to make sure that if they are faced with situations where their clients are victims of such gruesome offences, they must ask and request court for appropriate compensation of the victim. It is very essential for us to understand that the well-being of the victims is of great importance and it is our duty to ensure that as much as the accused is in the loop of the system, the victim is also in the loop and is always updated about cases pertaining to them. Introduction of such victim compensation schemes are a positive way forward.




			        ""Loved reading this piece by Guest? 
			  Join LAWyersClubIndia's network for daily News Updates, Judgment Summaries, Articles, Forum Threads, Online Law Courses, and MUCH MORE!!""




 Join our Telegram group





 Join our Whatsapp group















Click here to Get More Content on LCI Android App











						Tags :criminal law
"
1999 Delhi hit-and-run case - A Massive Judicial Failure,"
In the Delhi hit and run case which is popularly known as the BMW hit and run case, Sanjeev Nanda had allegedly lost control of his BMW near Lodhi road and ran over six people including three cops. The case attracted media attention, andIndia Today even quoted it as ""a test of the judicial system's ability to take on the powerful.""
The trial court found respondent guilty of commission of offence under Section 304 Part II of IPC and awarded him a jail sentence of five years.The High Court held that though the act of accused amounted to rashness and negligence endangering the lives of others, since there was no intention or knowledge of causing death, no case for conviction under section 304 Part II was made out. And thereafter found the accused Sanjeev Nanda guilty of commission of offence under Section 304 A of the IPC and reduced the sentence to two years. The Supreme Court held that the accused had sufficient knowledge that his action was likely to cause death and such an action would, in the facts and circumstances of this case fall under Section 304(II) of the IPC and the trial court has rightly held so and the High Court has committed an error in converting the offence to Section 304A of the IPC.
The Supreme Court held that on default, the accused will have to undergo simple imprisonment for one year. Accused has to pay an amount of Rs.50 lakh to the Union of India within six months. In the case the accused was acquitted by the Supreme Court after a big discussion on 304 (a) and 304 (b) on the basis that he will provide community service which will be better for the society rather than him being in jail.
Several references to a lot of other cases were made during the trial to highlight the ineffectiveness of traditional criminal law system when there are high profile perpetrators on the opposite side.
This case is often quoted as ‘A Massive Judicial Failure’ and there are several reasons for it:
1. Eyewitness Sunil Kulkarni turned hostile and denied having seen Nanda at the accident site. This raised question over the legal system not having laws to punish hostile witnesses which results in them being manipulating the truth and contribute to the wrong person being convicted whereas the criminal walks on the streets in freedom.
2. The Delhi police was scrutinized for mishandling the case and evidence. Delhi police did not lift fingerprints from the car to establish who had tried to destroy the evidence.
3. In a sting operation done by NDTV, Nanda's then counsel senior advocate RK Anand was caught influencing Kulkarni to depose in his client's favour. The expose also showed an alleged deal being struck between Anand and special public prosecutor in the case, IU Khan. Even though the sting operation helped in this case, it gave birth to the following questions:

Should the power of media of self-investigation be restrained to an extent that it doesn’t affect the outcome of a case.
Is media trial a contempt of court?
Should it be allowed to speak at all on matters which are sub-judice as it affects the rights of both victims and the accused, besides influencing the process artificially?

4. The Delhi government had promised a government job to the wife of a victim, Phulo Devi but even 16 years after my his death, the promise has not been fulfilled. Several promises are made to the aggrieved families by the government when cases are in trial period. Once the final verdict is out, nobody has bothered to fulfil the promises.
Conclusion:
The inefficiency on the part of the Judiciary and the police, The controversies in the case regarding the lawyers, evidence and witness etc. case gave rise to several other questions such as:

Can we afford the so called 'leading lawyers', who make manipulations in the legal proceedings to satisfy their personal interest?
Can we afford the so called 'witnesses' who change their statements and reverse the truth when their testimonies are the only hope for those seeking justice?
Can we afford a so called 'case' to extend up to eight long years (and not yet over) in a country with about 27 million pending cases and hundreds of cases pouring in every day?

These questions are still unanswered and the family of the affected still seek justice.




			        ""Loved reading this piece by Archit Uniyal? 
			  Join LAWyersClubIndia's network for daily News Updates, Judgment Summaries, Articles, Forum Threads, Online Law Courses, and MUCH MORE!!""




 Join our Telegram group





 Join our Whatsapp group















Click here to Get More Content on LCI Android App











						Tags :Criminal Law
"
Concept of default bail: Covid 19 vis-Ă -vis rights of under trial prisoners,"
Criminal jurisprudence has always focussed on a “socially sensitized” judicial mechanism. Certain rights, in the light of principles of justice and liberty, are statutorily and constitutionally bestowed upon the accused (to be specific, herein we are referring to under trial prisoners, in particular) that may be exercised during the pendency of trial. The prescribed liberties include remedies in the form of regular bail, anticipatory bail, parole and default bail. The provisions relating to bail form part of Chapter XXXIII of Code of Criminal Procedure, 1973. There is another provision that does not find its reference in the above mentioned chapter but rather in Chapter XII of the Code which is referred to as “default bail” under section 167(2) CrPC.
Section 167(2) CrPC is the point of origin of the concept of default bail. It states as under:-
2) The Magistrate to whom an accused person is forwarded under this section may, whether he has or has not jurisdiction to try the case, from time to time, authorise the detention of the accused in such custody as such Magistrate thinks fit, for a term not exceeding fifteen days in the whole; and if he has no jurisdiction to try the case or commit it for trial, and considers further detention unnecessary, he may order the accused to be forwarded to a Magistrate having such jurisdiction: Provided that-
(a) the Magistrate may authorise the detention of the accused person, otherwise than in the custody of the police, beyond the period of fifteen days; if he is satisfied that adequate grounds exist for doing so, but no Magistrate shall authorise the detention of the accused person in custody under this paragraph for a total period exceeding,-
(i) ninety days, where the investigation relates to an offence punishable with death, imprisonment for life or imprisonment for a term of not less than ten years;
(ii) sixty days, where the investigation relates to any other offence, and, on the expiry of the said period of ninety days, or sixty days, as the case may be, the accused person shall be released on bail if he is prepared to and does furnish bail, and every person released on bail under this sub- section shall be deemed to be so released under the provisions of Chapter XXXIII for the purposes of that Chapter;
(b) no Magistrate shall authorise detention in any custody under this section unless the accused is produced before him;
(c) no Magistrate of the second class, not specially empowered in this behalf by the High Court, shall authorise detention in the custody of the police.
Explanation I.- For the avoidance of doubts, it is hereby declared that, notwithstanding the expiry of the period specified in paragraph (a), the accused shall be detained in custody so long as he does not furnish bail;
Explanation II.- If any question arises whether an accused person was produced before the Magistrate as required under paragraph (b), the production of the accused person may be proved by his signature on the order authorising detention.
In the light of this Covid 19 pandemic and the resultant “procedural and administrative hault”, working of “default bail”, as a rule of law, has been facing certain ambiguities with respect to its interpretation, especially in the light of an order passed by the Hon’ble Supreme Court dated March 23, In Re: Cognizance For Extension Of Limitation, for extension of limitation during the lockdown period.
In Settu v. The State, the Madras High Court, followed by Uttarakhand High Court in Vivek Sharma v. State of Uttarakhand, and subsequently a decision rendered by another single judge of the same Madras High Court in S. Kasi v. State through Inspector of Police, the respective High Courts seemingly lay down conflicting views with respect to applicability of the Supreme Court’s order upon section 167(2) CrPC. Out of these three, the first two decisions have enunciated the observations in the favour of accused person’s right to default bail whereas the last one has tried to strike it down. It was held in Settu Case and Vivek Sharma Case that the order of the Apex Court In Re Cognizance: Extension of Limitation would not be applicable on time period prescribed under Section 167(2) CrPC that is provision for default bail shall not be adversely affected.
In Settu v. State the Hon’ble Judge of the Madras High Court enunciated and determined that the provision of extension of limitation cannot be misutilized by the investigating/police authorities as a blanket liberty to interminently extend the scope of time period prescribed under Code of Criminal Procedure as 60 days in case of certain offences and 90 days in rest. The Hon’ble Court observed that despite the time period prescribed, the investigating authorities are not precluded from following the same thereby affirming the accused person’s right to seek default bail which is duly substantiated and enriched by Article 21 of the Constitution of India. This view was formulated in Achpal v. State of Rajasthan [1] by the Apex Court and was subsequently reiterated in the case of Vivek Sharma v. State of Uttarakhand, by a single judge of the Uttarakhand High Court..
On the other hand, a conflicting ratio was made by another single judge of Madras High Court in case of S. Kasi v. State through Inspector Police wherein the Hon’ble judge observed that the power exercised by the Hon’ble Apex Court under Article 142 must be respected and complied with. It was further stated that the inhibitions faced on part of the Investigating agencies during the lockdown in effectively completing their investigation does not get the accused a letter of liberty so as to exercise his right of default bail. Taking into consideration this conflicting opinion, what we need to analyse is the provision of law concerning default bail vis a vis the provisions of personal liberty enshrined under Article 21 with respect to the accused. The liberty under Article 21 can only be suspended only in situation when it is in accordance with procedure established by law. The difference between procedure established by law and due process of law is that procedure established by law calls for law “as it is” rather than what law “ought to be.” The Indian Constitutional doctrine refers to procedure established by law and which is the rule of law as established by law of the land irrespective of its justness and fairness. This was interpreted liberally in case of Maneka Gandhi v. UOI wherein the Constitutional Bench of the Apex Court had opined and asserted that the procedure established by law must be “right and just and fair’ and ‘not arbitrary, fanciful or oppressive” else the situation under Article 21 will not stand satisfied. Criminal jurisprudence always seeks to balance the right between the accused and the society at large. It presumes the innocence of the accused unless proved beyond reasonable doubt by the prosecution. Under this presumptive law certain exceptions have been spelt out such as presumption of rape under Section 114-A or presumption of dowry death under Section 113-B as prescribed by the Indian Evidence Act, 1872. Only under such situation upon allegations with respect to such heinous offences the reversal of burden of proof will be done else the same will lie upon the prosecution.
Even if we try to create an intelligible differentia between under-trials acused of heinous offences and the ones accused of non-heinous offences, the balance of convenience should be tilted towards “individual rights” with respect to his right to seek “default bail.” Taking the same into consideration, equity warrants his release when there occurred a lapse of the prescribed time period because an unreasonable delay in the process of investigation would go on to annihilate his basic right of liberty which cannot be taken away in such an arbitrary fashion. Moreover the exercise of right is not absolute and always exists at the discretion of the concerned Magistrate or the Hon’ble Court and there will be no inhibition caused in the process of filing of final report because bail can be made stringently conditional by way of imposing stern conditions of attendance, reliable sureties, bonds etc which form a chain of statutory safeguards against any sort of misuse of the consequent liberty.
Furthermore, it is evident that, in addition to being violative of Article 21, it also violates Article 14 in an implied fashion. Firstly,the deprivation of Article 21 is in an arbitrary manner which is in violation of Article 14 as stated in case of EP Royappa v. UOI[2] because “Arbitrariness is antithetical to equality.” It also violates principles of equity as there is no class of difference or intelligible diferrentia between ‘convicted prisoners’ already undergoing imprisonment and those ‘under trial prisoners’. Therefore to strike a balance amidst such ambiguities and uncertainity, right of the prisoner, social security and the grund norm of criminal jurisprudence must be given due weightage and the discretion of the court must be exercised in favour of the accused so as to enable him to achieve the required “interim measure” in the form of “default bail”.
Lastly, now that the Hon’ble Chief Justice of the Madras High Court has duly constituted a Division Bench so as to settle down the mixed waters of interpretation, we sincerely hope that the scales of justice will draw a fine balance between “individual liberty” and “societal conscience”. Not to forget, “The detention in police custody is generally disfavoured by law. The provisions of law lay down that such detention can be allowed only in special circumstances and that can be only by a remand granted by a magistrate for reasons judicially scrutinised and for such limited purposes as the necessities of the case may require. The scheme of Section 167 is obvious and is intended to protect the accused from the methods which may be adopted by some overzealous and unscrupulous police officers.”[3]

[1] AIR 2018 SC 4647
[2] 1974 AIR 555
[3] Central Bureau of Investigation vs Anupam J Kulkarni (1992 AIR 1768)





			        ""Loved reading this piece by SHIVANG TRIPATHI? 
			  Join LAWyersClubIndia's network for daily News Updates, Judgment Summaries, Articles, Forum Threads, Online Law Courses, and MUCH MORE!!""




 Join our Telegram group





 Join our Whatsapp group















Click here to Get More Content on LCI Android App











						Tags :criminal law#defaultbail#bailduringcorona#bailcrpc#bailduringlockdown
"
Guilty until proved innocent: Criminal Jurisprudence gone haywire,"
Introduction & Abstract
“Ei incumbit probatio qui dicit, non qui negat”.
The latin maxim of criminal innocence is a holy grail of any defence lawyer, and it is undoubtedly the elixir of criminal jurisprudence. It means the burden of proving the alleged crime is on the one who declares and not the one who denies.
As crimes are increasing day by day, I consider it an opportunity for the criminal law to evolve more thoroughly and deeply and keeping in mind the conviction rates of the courts in India, this principle of presumption of innocence gets even more important. There are draconian laws adopted by the Parliament these days to curb ruthless crimes of modern day. But that should never lead to a state of affairs when the core of criminal jurisprudence is stripped off and the accused is left with no shield at all to defend himself, it should never be forgotten that justice rests on anvil of equal rights and liabilities, hence in a criminal trial both the parties have to be balanced to meet the ends of justice. Therefore it is rightly incorporated in the criminal justice system that it is for the prosecution to bring out the guilt of the accused and prove it beyond a reasonable doubt and it is never for the accused to prove his innocence. The author through this article intends to analyse the very question in light of relevant legal provisions and judicial precedents.
History and International obligations
One can find this presumption of innocence principle by turning their clocks way back upto the 6th century when the Roman Law was being developed, in the digest of Justinian which provides as a general rule of evidence : ‘Ei incumbit probation qui dicit non qui negat’. It was introduced in Roman criminal law by Emperor Antoninus Pius.
Apart from Roman law, it can also be seen in the Talmund- a central jewish religious text, as it states “every man is innocent until proved guilty. Hence, the infliction of unusual rigours on the accused must be delayed until his innocence has been successfully challenged. Thus, in the early stages of the trial, arguments in his defence are as elaborate as with any other man on trial. Only when his guilt has become apparent were the solicitous provisions that had been made to protect defendants are waived”.
The early developing of Islamic law also witnessed similar principles like Roman law, Islamic law also holds the principle that the onus of proof is on the accuser or claimant based on a hadith documented by Imam Nawawi. “Suspicion” is also highly condemned, this also coming from a hadith documented by Imam Nawawi, Imam Bukhari and Imam Muslim. After the time of Muhammad, the fourth Caliph Ali ibn Abi Thalib has also been cited to say, “Avert the prescribed punishment by rejecting doubtful evidence.”
In the common law system, presumption of innocence is often expressed in the phrase ‘innocent until proven guilty’ coined by the British barrister Sir William Garrow, later in history this articulation of Garrow was taken by the House of Lords in 1935 in its stellar judgement of Woolmington v.Dpp[1]. Delivering the judgement for a unanimous court, Viscount Sankey J. made his famous ‘golden thread’ speech, “Throughout the web of the English Criminal Law one golden thread is always to be seen that it is the duty of the prosecution to prove the prisoner's guilt subject to the defence of insanity and subject also to any statutory exception. If, at the end of and on the whole of the case, there is a reasonable doubt, created by the evidence given by either the prosecution or the prisoner, the prosecution has not made out the case and the prisoner is entitled to an acquittal. No matter what the charge or where the trial, the principle that the prosecution must prove the guilt of the prisoner is part of the common law of England and no attempt to whittle it down can be entertained.” 
I would not be wrong to say that India has a common law legal system whose infrastructure bears the influence of British colonial rule. Presumption of innocence although not explicitly mentioned, but is undoubtedly flowing in the Indian Criminal Jurisprudence. The International realm also acknowledges this valuable rule, one can find it engrained in Universal Declaration of Human Rights, 1948. It states “Everyone charged with a penal offence has the right to be presumed innocent until proved guilty according to law in a public trial at which he has had all guarantees necessary for his defence”.[2] Even in the European Convention on Human Rights, 1954 it is enshrined, “Everyone charged with a criminal offence shall be presumed innocent until proved guilty according to law”.[3] Also in the International Covenant on Civil and Political Rights, 1966 it is included that “Everyone charged with a criminal offence shall have the right to be presumed innocent until proved guilty according to law”.[4] Hence by these conventions on the human rights it is well known that the presumption of innocence is a valuable right given to the accused in a criminal trial.
Need Of This Principle
It is trite that a crime affects the rights in rem of the people and also affects the society at large and so it is not limited to be against an individual but the state. Therefore, in our country the State prosecutes the individual for the alleged crime that he committed. As one is aware about the fact that the prosecuting agency as well as the investigating agency, both are in the quiver of the State. So the galaxy of intellectuals who have developed the Indian Criminal Jurisprudence so far, have considered it reasonable enough to provide with this shield of ‘presumption of innocence’ to the individual charged with a criminal offence, to be able to stand and defend the might of the State. This principle brings both the parties at an equal footing which is sine qua non for justice to manifest.
Criminal innocence is although not found explicitly in the Constitution of India but it is to be construed from Article 20(3)[5] of our Constitution which states that no person accused of any offence shall be compelled to be a witness against himself. It is known as right against self-incrimination since compelling him to testify would place the burden of proving innocent on accused instead on requiring the prosecution to prove guilt. In a criminal trial the accused is under no obligation to prove his innocence it is the prosecution and prosecution alone who has to prove the guilt of the accused. Sections 101 and 102 of the Indian Evidence Act, 1872 deals with the burden of proof, it states-
Section 101[6] Burden of proof: Whoever desires any Court to give judgement as to any legal right or liability dependent on the existence of facts which he asserts, must prove that those facts exist. When a person is bound to prove the existence of any fact, it is said that the burden of proof lies on that person. 
Section 102[7] On whom burden of proof lies: The burden of proof in a suit or proceeding lies on that person who would fail if no evidence at all were given on either side.
By a combined reading of both the above sections it is clear that the burden of proof is of two types: 1) To establish a case-- as given under section 101 and 2) To adduce evidence-- as given under section 102.  The one in section 101 is fixed and cannot shift contrary to that the one in section 102 keeps on shifting on both the parties to adduce evidence. Hence it is also known as onus of proof. It is pertinent to note unless the burden of proof under section 101 is discharged by the prosecution the defence is not called upon.[8]
Further in Data ram’s case[9] the Supreme Court held, “A fundamental postulate of criminal jurisprudence is the presumption of innocence”.
Real Conflict
My limited understanding of criminal law and constitutional law takes me to the view that presumption of innocence is more deeply embedded in the Indian Criminal law, by keeping in mind the Woolmington judgement[10], in which it was stated “Throughout the web of the English Criminal Law one golden thread is always to be seen that it is the duty of the prosecution to prove the prisoner's guilt subject to the defence of insanity and subject also to any statutory exception.” It is clear from a reading that there are two exceptions to the rue under the English criminal law, they are:

Defence of insanity;
Statutory provisions, if any.

But, I would now like to draw the readers’ attention towards the fact that India is not a democracy like the United Kingdom is. The U.K is a democratic country but India is a democratic republic. The major difference between the two expressions lies here. In the UK, the Parliament is supreme and no Court of law can have the will to test the legislative actions on the lines of British Constitution. Jean-Loius de Lolme once said “British Parliament can do everything and anything but make woman a man and man a woman” this explains the supremacy of the parliament. But contrary to this, in India the Rule of law is seen at the top and only the Constitution of India is supreme and as the words ‘democratic republic’ found in the preamble is quite indicative of the fact that the laws made by the Indian Parliament should be in consonance of the Constitution and subject to Judicial review. Hence in India, the courts have full authority and somewhat full will to strike down any legislation which is unconstitutional. So far as the right to presumption is concerned, it is a part of the constitutional scheme and any attempt to abrogate that right shouldn’t be tolerated. For the fact that a reverse burden clause sees an individual as presumptive criminal, hence crushes Article 21[11] of the Constitution which gives him the right to live with dignity. Without the presumption of innocence it would not be a fair trial by any means as mandated under Article 21[12] and time and again the Apex court has held that a fair trial is a fundamental right under Article 21[13], for instance in the landmark case of Mohanlal[14] a three judge bench ruled that a fair trial is a fundamental right under Article 21. Further by keeping the stellar verdict in Maneka Gandhi’s case[15] the wording ‘procedure established by law’ under Art 21[16] is to be seen as the procedure should not be arbitrary, unfair or unreasonable, so any enactment which takes away this fundamental principle and the valuable right of the accused to be presumed innocent until proven guilty, is violative of personal liberty and attacking the rights of accused by blowing it into smithereens.
Steps to Curb Crimes
Presumptions are not alien to law, in order to curb the violent crimes and make it a bit easy for the prosecution to prove its case the legislature has incorporated with some reverse burden clauses, due to which the onus of proof is shifted on to the accused once the prosecution discharges the initial burden of proof. Now it is for the accused to prove his innocence and disprove the presumption that the courts have taken. It may be noted that most of criminals in our country are the unprivileged, having a flamboyant and expensive defence counsel which can turn the tables in cross examination is very hard to find, even a common man finds it difficult to engage such an expensive lawyer. Adding to that dilemma further the accused have to disproof the presumption that the court has taken, rather I would say the legislature has compelled the courts to take by making it a legal presumption. It is a fact that there are mainly two kinds of presumptions known to law, i.e presumption of fact and presumption of law. Presumption of fact is a bit less dangerous for the accused as the courts have full discretion as to whether to presume or not, pertaining to the facts of each case. On the other hand the legal presumptions which are also known as artificial presumptions leave no scope for the courts to have discretion, the courts are bound to presume when certain things are proved by the prosecution and hence the onus shifts on the accused, my contention is not with the reverse burdens, rather with the fact that court should have had discretion as to take up a presumption or not because the merits in each case are different, hence the courts of law are the best judge to this scenario and not the legislature which has imposed a compulsory presumption.
We shall have a look at some presumptions under the Indian Evidence Act, 1872:
Section 113A[17]: Presumption as to abetment of suicide by a married woman.—When the question is whether the commission of suicide by a woman had been abetted by her husband or any relative of her husband and it is shown that she had committed suicide within a period of seven years from the date of her marriage and that her husband or such relative of her husband had subjected her to cruelty, the Court may presume, having regard to all the other circumstances of the case, that such suicide had been abetted by her husband or by such relative of her husband.
The use of word ‘may’ leaves it on to the discretion of the court whether to presume or not.
Section 113B: Presumption as to dowry death.—When the question is whether a person has committed the dowry death of a woman and it is shown that soon before her death such woman has been subjected by such person to cruelty or harassment for, or in connection with, any demand for dowry, the Court shall presume that such person had caused the dowry death.
The wordings of the legislature here are ‘shown’ and not ‘proved’ which the apex court rightly declared that they are to be interpreted as ‘proved’ in a recent declaration of Shersingh pratapa[18]. Here there is a legal presumption therefore the courts have no other option but to presume. But again it is of immense importance to note that all these presumptions arise on proving certain facts by the prosecution, these facts are the actus reus of the crime and then it is presumed that there was mens rea on the part of the accused. One thing that is common in these reverse onus clauses is the actus reus which is proved initially by the prosecution is itself a crime and is illegal, for example in section 113B the fact that woman was subjected to cruelty is to be proved, hence it is by itself an illegal act, further by comparing the reverse onus in the Narcotic Drugs and Psychotropic Substances Act, 1985 sections 35 and 54 reverses the burden of proof on to the accused regarding the culpable mental state, but firstly the prosecution has to prove the actus reus i.e the possession of such contraband with the accused, which again is an illegal act and the contraband is per say banned substance. So now it is clear that without the actus reus being proved by the prosecution and that too it being illegal at the first instance, the reversal of burden of proof should not be done.
Now in the light of this reasoning a question comes up while reading section 114A of the Evidence Act. Section 114A[19] is again a presumption of law, a compulsory one, it states
Section 114A : Presumption as to absence of consent in certain prosecutions for rape.—In a prosecution for rape under clause (a) or clause (b) or clause (c) or clause (d) or clause (e) or clause (g) of sub-section (2) of section 376[20] of the Indian Penal Code, (45 of 1860), where sexual intercourse by the accused is proved and the question is whether it was without the consent of the woman alleged to have been raped and she states in her evidence before the Court that she did not consent, the Court shall presume that she did not consent.
It mandates that where the sexual intercourse by the accused is proved and the prosecutrix states before the court in her evidence that she didn’t consented, then the onus shifts on the accused to disprove the legal presumption raised. Now here it may be noted the actus reus is the sexual intercourse and the mental element is was it with or without consent. By observing carefully one can derive a conclusion that only the sexual act which is the actus reus here, is not illegal per say if it involved a valid consent. Unlike the presumptions earlier the act itself is not illegal if both the parties are major and if it is consensual, so once the act is proved or even admitted by both the individuals then the burden is on the accused to prove that there was a consent, which is next to impossible for a poor accused and hence entailing the conviction in the end. Let us take a hypothetical scenario for better understanding of the point raised here, suppose an employer and employee got infatuated and indulged in a sexual act with consensus, later by any reason they separated and the employee alleged a charge of rape against the employer and as per the law, once the sexual intercourse between the two is proved, which in fact did happened and that too with consent, now it is for the employer to establish his innocence and disprove the presumption by adducing enough evidence that the prosecutrix had in fact consented and on failing to do so he shall be convicted of this alleged crime of rape. Law is indeed a fact and Justice is abstract, it is a tool to get to justice, but sometimes it does fails to get justice like in the above scenario.
The wise route to balance the evil of rape and the rights of accused can be a presumption of fact and not on law in such crimes. It should be left to the wisdom of courts in such a complex situation and it should be decided by the courts whether to presume or not keeping in mind the factual basis and by diving deep into the merits of each case. As there is a presumption of law, it straight away takes the presumption of innocence of the accused and the courts are helpless because of the legal presumption, it is to be borne in mind that it is the courts who are supposed to protect the rights of individuals and it should not be bound by such obligatory presumptions of law and it should be left to the wit of courts, whether to presume or not. Courts can and should read down ‘shall’ as ‘may’ in suitable cases which is again left on to the courts to decide and not the legislature.
Conclusion
Presumption of innocence has today been watered down on the pretext of speedy justice but one should remember “justice hurried is definitely justice buried”. Indian criminal law is on the path of deterrence and thus enacting such laws which constantly overlook the rights of the accused should be a worrisome practise. It should never be forgotten that in a criminal trial the accused has to establish his innocence and not prove it and it is sufficient if he raises a doubt as to his guilt. The courts have full authority, rather I would say a constitutional duty to strike off laws which scratches the fundamentals and the basic structure of our Constitution and the courts get this power from the Constitution itself, here lies the beauty of the majestic document the Indian Constitution and the Maneka Gandhi pronouncement which entirely opened the doors of judicial review of laws, which was already intended by the Constituent Assembly and that the law has to be tested by the courts that whether it follows the ‘substantive due process’ or not.
It is now for the courts and courts alone to take a robust standing in achieving and reiterating the elixir of Indian Criminal Jurisprudence i.e ‘presumption of innocence’ as a fundamental human right and include it more explicitly within the contours of Article 21. The Supreme Court of India is not just a court of law, but also a court of equity and hence the constitutional courts are to do justice and not just to follow the legislation like the English courts, as it is stated by the apex court, “Justice is a virtue which transcends all barriers and the rules or procedures and the technicalities of law cannot stand in the way of administration of justice. Law has to bend before Justice.”

The author, Ajj H. Murjani, is a law student, and has a keen interest in criminal jurisprudence.

[1] Woolmington v. Director of Public Prosecutions, [1935] UKHL 1.


[2] Article 11(1), Universal Declaration of Human Rights, 1948, Adopted by G.A 217A (III), U.N. Doc A/810 10 December 1948.


[3] Council of Europe, Article 6(2) European Convention for the Protection of Human Rights and Fundamental Freedoms, as amended by Protocols Nos. 11 and 14, 4 November 1950, ETS 5, available at: https://www.refworld.org/docid/3ae6b3b04.html [accessed 11 May 2020]


[4]Article 14(2), International Covenant on Civil and Political Rights, 16 December 1966, 999 U.N.T.S. 171.


[5] India Consti. Art 20(3).


[6] Indian Evidence Act, 1872, Section 101, No. 1 of 1872 (India).


[7] Indian Evidence Act, 1872, Section 102, No. 1 of 1872 (India).


[8] Rangammal v. Kuppuswami, AIR 2011 SC 234.


[9] Data Ram v. State of U.P,  (2018) 3 SCC 22.


[10] Supra note at 1.


[11] India Consti. Art 21.


[12] Id.


[13] Id.


[14] Mohan lal v. State of Punjab, AIR 2018 SC 3853.


[15] Maneka Gandhi v. Union of India 1978 AIR 597.


[16] Supra note at 11.


[17] Indian Evidence Act, 1872, Section 113A, No. 1 of 1872 (India).


[18] Shersingh Partapa v. State of Haryana AIR 2015 SC 980.


[19] Indian Evidence Act, 1872, Section 114A, No. 1 of 1872 (India).


[20] Indian Penal Code, 1860, Section 376, No. 16 of 1921 (India).






			        ""Loved reading this piece by Ajj H. Murjani ? 
			  Join LAWyersClubIndia's network for daily News Updates, Judgment Summaries, Articles, Forum Threads, Online Law Courses, and MUCH MORE!!""




 Join our Telegram group





 Join our Whatsapp group















Click here to Get More Content on LCI Android App











						Tags :criminal law#criminallaw#criminaljurisprudence#presumptionofinnocence#evidenceact#guiltyuntilproveninnocent
"
Wrongful Prosecution ,"
As we observe, there are umpteen number of columns on the present issue speaking about the recommendation proposed by the Law Commission of India, while the present chapter contracts with, what else is significant to tame the issue of wrongful prosecution in India. While penning this article I recall the maxim “Fiat justitia ruat caelum” i.e. Let justice be done, though the heaven should fall. More or less our system works on the said principle.
Before reading the approach on wrongful prosecution, one should recognize what serves to wrongful prosecution. Internationally, Wrongful prosecution, Incarceration, and Conviction of innocent persons are identified as ‘miscarriage of justice’. For precedent, in the case of Ayodhya Dube & Ors. v. Ram Sumar Singh[1], the Supreme Court held that lack of judicial approach, non-application of mind, non-consideration, or improper consideration of material evidence inconsistencies with faulty reasoning such that amounts to perversity amounts to a grave miscarriage of justice. In other words, Miscarriage of justice refers to wrongful or malicious prosecution, regardless of whether it leads to conviction or detention.
Based on the Order dated 30th November 2017, passed by the Hon’ble Delhi High Court in the case of Babloo Chauhan @ Dabloo v. State Government of NCT of Delhi[2], the Law Commission of India (Hereinafter referred to as “Commission”) submitted it's reported vide report dated 30th August, 2018[3].
The Commission in its report supra rightly pointed out that there is no legislative structure to grant assistance to those who are wrongfully pursued, and that there is a demand and for the enactment of explicit statutory arrangement for redressal of problems of a miscarriage of justice emerging in wrongful prosecution covering both the substantive and procedural aspects. Creating a statutory liability on the State to compensate the sufferers of wrongful prosecution and a corresponding statutory right of compensation for the reported victims. The Commission further recommended core principles stressing the proposed legal structure which are:

 Special Court
Cause of Action
	
malicious prosecutions.
prosecutions instituted without good faith


Who can apply
Nature of Proceedings
Compensation- In the proven cases of wrongful prosecution

It can be cautiously estimated that an individual detained and sentenced for the crime he did not commit clearly infringes human rights in as much as Article 14(6) of the International Covenant on Civil and Political Rights, 1966[4] confers an obligation upon the State to prohibit the problems of miscarriage of justice arising from wrongful prosecution and further, if the persons wrongfully prosecuted, the state has to compensate that person in view of Article 9(5) of ICCPR[5].
As per the commission report, 168 State parties, including India, have ratified the ICCPR. However, not all countries have converted their commitment into law, including India, for which the Commission recommended to make it a legal provision for addressing wrongful prosecution.
After a thorough examination of the law commission report supra we can measure that it proposes to make a specific statutory arrangement for redressal of cases of miscarriage of justice stemming in wrongful prosecution and providing compensation from the state if it proves the wrongful prosecution. The Law Commission report brilliantly enunciated the legal remedies available to the ones wrongfully prosecuted and if proved, the state is obligatory to provide compensation.
As we are familiar with Rudul Sah’s case[6] a landmark judgment in the jurisprudence of state liability. We regard it exceptionally remarkable as it led to the evolution of compensatory jurisprudence for the violation of fundamental rights under the Constitution. This was the early case since the outset that awarded monetary compensation to a person for the infringement of his fundamental rights protected under the Constitution.   
Following that the Boma Chara Oraon case, where the Supreme Court affirmed that anyone deprived unlawfully of his life or personal liberty can access the Supreme Court and seek compensation for infringement of his fundamental right under Article 21.
As taken up earlier, in this chapter, what else is considerable to tame the situation of wrong full prosecution is discussed hereinbelow;
Overburdened Courts and delay in trials
Major issue that concern us today is the overload on the courts and not sufficient strength of judges, as per the recommendation Supra one will receive compensation if it is confirmed that he was wrongfully prosecuted, what is more significant is for concluding that the one has been unfairly prosecuted, the trial should commence in a committed point of time. The more the trial is prolonged, the more time it will draw to evaluate if someone was wrongfully prosecuted.
As presented above even if one has to be found innocent by the Courts, it is certainly important for that matter to be listed before the court for hearing, given the fact that our Courts are heavily burdened by the cases, it is unlikely that cases will be listed soon given the fact that we have volumes of matters filed every day and we do not have adequate strength of Judges in the Judiciary. I recall, the headline, which mentions that the the erstwhile Chief Justice of India Mr. Ranjan Gogoi writing to the Prime minister for suitable increase in the strength of the Apex Court Judges and raising the retirement age of High Court Judges from 62 to 65. The prime reason to do so is that pendency of the cases are rising due to the higher rate of filing of the fresh cases[7].
It is terrible to think that in such circumstances, the trials are not commenced early, which results in the sufferance of that person who is wrongly prosecuted which also establishes a suspect whether granting only compensation is ample to the persons wrongful prosecuted or is it effective to provide early trials.
Strictly speaking it can be cautiously asserted in a fashion that a person is first prosecuted wrongly, which appears in many losses to that specific individual such as ridicule in the public, destruction in the business and a considerable question mark is raised on the character of that person(Depending upon the charges he faced). In such a scenario is it really feasible or acceptable to provide merely the compensation to the individual who is acquitted from the trial being found innocent? Or it is essential to make an explicit provision for the persons turning the criminal proceedings in the act without any cause, be it a state officer or an individual?
Flaw in investigation
As we are aware we have the provisions under the Code of Criminal Procedure, 1973 regarding what trial courts and higher courts are required to consider in case of errors in charge framed by trial courts. We also have provisions which deals with the effect of irregularities committed by trial–magistrates. Some provisions also covers the irregularities committed by criminal courts. However, the Code does not provide any provision which deals with the irregularities committed by investigation officers (I.O) in the course of an investigation. This oversight is perhaps owing to feel that irregularities in an investigation have a role to perform in appreciation of evidence by courts”.
For precedent, the Hon’ble Apex Court in the case of Rini Johar[8] has recognized and provided directions as to how the section 41-A to be adhered to. Till date the mentioned provision is the most neglected provisions of the Code of Criminal Procedure, which commands the investigating police officer to serve a notice before arrest in conditions, pointed out more particularly in the said provision. In a plethora of judgments we can observe, the officers breaches the mentioned provision, and they arrest the person without following the due process of law. Though the law of the land is bail and not jail, such persons wrongly arrested are not granted bails and are put behind the bars because of the tainted evidences, mischievous and improper investigations.
As of result of which India has one of the highest under trial populations in the world. It is noted to be the 16th highest in the world (out of a total of 217 countries); and the fifth-highest in Asia – after Pakistan, Cambodia, Philippines, and Bangladesh.
It is not the case that there is no provision of having discharge from the case if falsely prosecuted, as section 230 of the Code of Criminal Procedure, 1973, but how many of us have experienced that accused have been discharged from the offenses they are charged with? It is an extreme urgent need that such provisions to be practiced in its true sense so that the innocents are released early if proved not guilty. 
Fairly, is it justifiable to mention that spending years behind the bar for the crime you did not commit, the lone remedy you have is to seek compensation from the State? and no claim against the authority because of whom it loomed in wrongful prosecution?.
In my view I sense, apart from the compensation from the state, it is decisive to come up with a mandatory provision to deal with violations perpetrated by investigation officers (I.O) in the course of the investigation and further it is crucial to provide early hearings to the undertrials /accused, these are the only apparent measures to tame the wrongful prosecution and deliver justice to the sufferers.

[1] Ayodhya Dube & Ors. v. Ram Sumar Singh, AIR 1981 SC 1415.




[2] 247 (2018) DLT 31.




[3] Report No. 277 titled ‘Wrongful Prosecution (Miscarriage of Justice): Legal Remedies’ to the Government of India on 30th August, 2018.




[4] Article 14(6) of the International Covenant on Civil and Political Rights, 1966




[5] Article 9(5) of International Covenant on Civil and Political Rights, 1966




[6] Rudal Shah vs. State of Bihar, (1983) 4 SCC




[7] Article from the Times of India dated 22nd June, 2019 https://timesofindia.indiatimes.com/india/raise-sc-strength-retirement-age-of-hc-judges-cji-gogoi-asks-pm-modi/articleshow/69898606.cms




[8] Dr. Rini Johar & Anr. vs State Of M.P.&Ors.; on 3 June, 2016







			        ""Loved reading this piece by Amit Dubey? 
			  Join LAWyersClubIndia's network for daily News Updates, Judgment Summaries, Articles, Forum Threads, Online Law Courses, and MUCH MORE!!""




 Join our Telegram group





 Join our Whatsapp group















Click here to Get More Content on LCI Android App











						Tags :criminal law
"
Right of accused to get bail even if charge sheet is filed,"
The liberty of an individual is a matter of great constitutional importance and personal liberty is one of the cherished object of the Indian Constitution and deprivation of the same can be only in accordance with the law and in conformity with the provisions thereof, as stipulated under Article 21 of the Constitution of India.
After registration of FIR, following which police starts the investigation as per the procedure prescribed in Code of Criminal Procedure, 1973 and as per Section 167 of the Code as it stands thus mandates that the investigation ought to be completed within the period prescribed of 24 hours, but if such is not completed then Magistrate could authorize the detention of the accused in custody into a maximum period of 60 days or 90 days as the case as indicated in the proviso to sub-section (2) of Section 167 of Code of Criminal Procedure, 1973. Further, in all cases where the minimum sentence is less than 10 years but the maximum sentence is not death or life imprisonment, then Section 167 (2)(a)(ii) will apply and the accused will be entitled to grant of ‘default bail’[1] after 60 days, in case charge-sheet is not filed. However, in the matter of Achpal @ Ramswaroop & Another v. State of Rajasthan[2], the Hon’ble Supreme Court expressed that no court has the power to extend the period of investigation in terms of Section 167 of Cr.P.C.
Generally, after the filing of charge sheet, the chances of getting bail generally increase, primarily due to three reasons viz. firstly, since investigation is completed by police, the custody of the accused is no longer required for investigation; and secondly, trial when commences may take time to complete and therefore it would cause injustice to accused to kept in jail for years, if later, it would be found that he did not commit crime and he was not found guilty and therefore to keep a balance of right of victim as well as accused, and thirdly, evidence would have already been collected by the police, chances of destruction or concealment of evidence by accused. However, bail granted would be cancelled if the accused is enlarged on bail during investigation stage then he is likely to destroy or conceal the evidence or may influence / threaten the witnesses.
In case[3] registered by Vigilance Department under Section 7A of Prevention of Corruption Act, investigation was completed by police and chargesheet was filed. Petitioner in that case filed bail application stating that since chargesheet was filed then petitioner ought to be released but the same was rejected by High Court and the same was challenged by petitioner before Apex Court. That Hon’ble Supreme Court that charge sheet has already been filed and therefore considering the facts and circumstances of the present case, petitioner be released on bail.
That a question was arose before Apex Court was whether no remand in police custody can be given to the investigating agency in respect of the absconding accused who is arrested only after filing of the charge sheet, the Apex Court in Central Bureau of Investigation v. Rathin Dandapat, 2015 SCC OnLine SC 743, relying upon State v. Dawood Ibrahim Kaskar, (2000) 10 SCC 438, held that police remand can be sought under Section 167(2) CrPC in respect of an accused arrested at the stage of further investigation, if the interrogation is needed by the investigating agency.
It was submitted in case in Serious Fraud Investigation vs Nittin Johari 2019 (5) SCC 266 that once investigation is over and a chargesheet has been filed, the nature of allegations may not be a factor to decide if bail is to be granted and instead, in such cases, the Court must consider whether the applicant has been cooperating in the investigation, and whether there is a  possibility that the applicant may abscond or tamper with evidence and mere apprehension of tampering or absconding is not enough to deny bail, and that there should be an attempt at tampering with evidence or certainty that the petitioner would abscond if he is granted bail.
That Apex Court in Sanjay Chandra v. Central Bureau of Investigation, (2012) 1 SCC 40, granted bail since custody was felt to be unnecessary after the chargesheet had been filed.
In view of above it is clear that considerations[4] in granting bail even if chargesheet was filed by police depending upon the merits of the case and largely upon the nature and gravity of offence[5]; the position and the status[6] of the accused with reference to the victim and the witnesses; the likelihood of the accused fleeing from justice, of repeating the offence, of jeopardising his own life being faced with a grim prospect of possible conviction in the case, of tampering with witnesses[7]. 

[1]  Uday Mohanlal Acharya v. State of Maharashtra  (2001) 5 SCC 453
[2] AIR 2018 SC 4647
[3] Abhishek Anand vs State of Bihar SLP (crl) 1568 of 2020
[4] Gurcharan Singh v. State (Delhi Admn.), AIR 1978 SC 179
[5] Nimmagadda Prasad vs. Central Bureau of Investigation
[6] Panchanan Mishra v. Digambar Mishra, (2005) 3 SCC 143
[7] State of U.P. v. Amarmani Tripathi, [(2005) 8 SCC 21





			        ""Loved reading this piece by ronak? 
			  Join LAWyersClubIndia's network for daily News Updates, Judgment Summaries, Articles, Forum Threads, Online Law Courses, and MUCH MORE!!""




 Join our Telegram group





 Join our Whatsapp group















Click here to Get More Content on LCI Android App











						Tags :criminal law
"
How Police Interrogation Works ,"
Police interrogation is a part of the police investigation. When an accused is brought under the police custody either in cognizable offence or non-cognizable offence, the Police has the right to question the accused. It helps the Police to know about the essential facts and truths of the incident so that a case can be solved easily.
Rights during Police Interrogation

According to Section 161 (1) of the Code of Criminal Procedure, the accused is advised to not make any statement or answer any question which may prove that the accused is guilty of the offence.
The Police are not entitled to force the accused to make any sentence which later can be used as a piece of evidence against the accused.
Section 24 of the Indian Evidence Act and section 316 of the Code of Criminal Procedure states that Police cannot threaten or compel the accused to accept any crime which he/she has been accused of.
Under section 330 and section 331 of Indian Penal Code, if the Police injure the accused during police interrogation then the police officer is liable for punishment under the law.
A police officer has no right to torture, ill-treat or abuse the accused during interrogation or questioning round.
If an accused has any complaints regarding the interrogation, then he/she can register a complaint with Superintendent of Police (S.P.) or other higher officers like the Deputy Inspector General of Police (D.I.G.) or the Inspector General of Police (IG).
The accused also has the right to file a complaint with the magistrate in a court having jurisdiction.
A complaint can be sent to the Superintendent of Police (S.P.) by a registered post. If the S.P. is satisfied with the matter of the complaint, he/she shall investigate the case himself/herself or is likely to order an investigation to be made.
Complaints regarding Police interrogation are also registered by the State Human Right Commission or the National Human Rights Commission when law enforcement is not conducted by the Police or is done by the Police in a corrupt manner.

Duties during Police Interrogation

It is the duty of the accused to provide correct and accurate information or provide the information which is best known to him/her.
As per section 162(1) of Code of Criminal Procedure, It is not necessary to sign any statement given by the accused during the process of interrogation.
Section 26 of the Indian Evidence Act states that any statement to the Police by the accused cannot be held against him/her until the statement is made before the magistrate.
If the accused wants to confess about the offence he/she has committed, then the confession should be made in the presence of a magistrate. It becomes the duty of the magistrate to tell the accused that he/she should not confess to an offence under any pressure. If the accused makes a confession on his own, then the confession may be used against the accused as evidence. If the magistrate is not convinced that the accused is confessing on his own without any pressure, then the magistrate will not write the confessional statement.
It is advisable that no vague and unclear statements should be made by the accused.
The facts should not be exaggerated and only the incidents which occurred should be disclosed by the accused.

Is confession/statement valid when made to the Police?
The word “confession” was first used in Section 24 of the Indian Evidence Act. The whole section comes under the main heading of admission and therefore, it is referred that, confessions are just a part of admission. However, confession is not defined under the Act. According to the law of Evidence, the digest of Mr Justice Stephen, confession is defined as an admission made at anytime by a person who is charged with a crime stating or suggesting the interference that he/she has committed that crime. To constitute a confession as evidence it is important to understand the forms of confession. There are two types of confession:

Judicial Confession
Extra-Judicial Confession

Differentiate between Judicial Confession and Extra-Judicial Confession

Â  
	


Judicial Confession


Extra-Judicial Confession





Judicial confessions come under section 164 of Cr.P.C which are made in the presence of a magistrate or before the court during a trial or committal proceeding.




Extra-Judicial confessions are those confessions which are made before any person other than those authorised by the law to take confession. It may be made to any ordinary person or the investigator police.






To prove a judicial confession, the person to whom such confession is made need not be called as a witness.




To prove an extra-judicial confession, the person to whom the confession is made is called as a witness.






A judicial confession can be used as proof against the person to prove his/her guilt if such a confession is made voluntary and under no influence.




Extra-judicial confession alone cannot be treated as evidence. Such confessions are important to be supported by some other evidence.






A conviction can be based on Judicial confession.




It is unsafe and not legally correct to base conviction on such confesses.






According to Section 25 of the Indian Evidence Act, 1872, a confession made in front of the Police is not valid and cannot be used as evidence in the court of law. No confession made to the Police can prove the guilt of the accused in the court.
Reasons for such Exclusion
One of the primary reasons to not include the confessions made by the accused in the evidence is that there are instances where the Police torture the accused and thus force him/her to confess the crime he/she may have not committed. A confession obtained with the use of such means is unreliable, unethical and legally incorrect. It would further not be voluntary in nature. Such a confession would be invalid in the court whatever may be its form, direct, implied, or inferred from conduct. The reasons for which this policy was adopted when the act was passed in 1872 are probably still valid.
Dagdu Vs. State of Maharashtra
A.I.R. A.I.R. 1977 S.C. 1579
The judgement was given by the Supreme Court of India. In this case, the Supreme Court noted that the attempt of the Police to reach confessions by hook or by crook seems to be the end of all the police investigation. The Police should keep in mind that confession may not always be a short-cut to the solution. It is better that instead of trying to “start” from a confession they should investigate and strive to “arrive” at it. Otherwise, when they are busy with these short-cut solutions, good evidence may disappear due to no attention to the real clues. Once a confession is obtained, there is often flagging of zeal for a thorough and full investigation with a view to establish the case for the confession, later, being inadmissible for one reason or other, the case fondles in the court.
R V. Murugan Ramasay
(1964) 64 C.N.L.R. 265 (P.C.) at 268
In this case, the court noted that police authority itself, however, carefully controlled, carries a danger to those brought suddenly under its shadow and the law recognises and provides against the danger of such persons making incriminating confessions with the intention of placating authority and without regard to the truth of what they are saying.
Presence of Police
In circumstances, where a person is the secret agent of the Police deputed for the very purpose of receiving the confession, then such confession is subjected to fall under the category of confession made to the Police and thus is not valid in the court of law. However, the mere presence of Police does not make a confession invalid. If the confession is being given to someone else, and the policeman is casually present there who overhears the confession then it will not destroy the voluntary nature of the confession and can be considered as evidence in the court.
Under circumstances, where the accused has left a recording of his/her confession near the dead body of the victim and the recording is discovered by the Police, the Supreme Court held the recording to be relevant as there was not even the shadow of a policeman when the letter was being written and planted.
Conclusion
According to the cases and laws described above, a confession made to Police is invalid to be considered as a proof to prove the guilt of the accused under the Indian Evidence Act, 1872. A situation may arise, where a policeman knowingly, to take revenge, or to defame someone, records the wrong confession by using unfair and wrongs modes. Therefore, it is made clear by the law and as well as the court, that a confession can only be used as evidence if made before the presence of a magistrate or other evidence to support such a confession.
The author of this blog/Article is Kishan Dutt Kalaskar, a Retired Judge and practising advocate  having an experience of 35+ years in handling different legal matters. He has prepared and got published Head Notes for more than 10,000 Judgments of  the Supreme Court and High Courts in different Law Journals.  From his experience he wants to share this beneficial information for the individuals having any issues with respect to their related matters




			        ""Loved reading this piece by KISHAN DUTT RETD JUDGE? 
			  Join LAWyersClubIndia's network for daily News Updates, Judgment Summaries, Articles, Forum Threads, Online Law Courses, and MUCH MORE!!""




 Join our Telegram group





 Join our Whatsapp group















Click here to Get More Content on LCI Android App











						Tags :criminal law
"
Communal Riots in India,"
India is a country that has many different religions. People belonging to different communities come together and live together. People from all religions; Hindu, Muslim, Sikh, Christian, Jews etc live in India in harmony. Or rather they lived in harmony till the CAA bill was passed and then communal riots have begun in our country.
According to the Oxford Dictionary communalism means “a strong sense of belonging to a particular community, especially a religious community, that can lead to extreme behaviour or violence towards others”. If communalism is love for one’s religion and hate for all others, then communal riots are that hatred showing itself. It is said that if there is an aggressive attitude of one community towards another then it will create clashes between the two communities and eventually a riot will break out. But such is not the case in our country, as one unfair legislation is the reason for all discontent and rage of many. The Citizenship Amendment Act gives illegal migrants from Pakistan, Bangladesh and Afghanistan for people of Hindu, Sikh, Buddhist, Jain, Parsi and Christian religions if they came to India on or before 31st December 2014 valid citizenship. This Act does not give allow such migration by people of the Muslim faith on the pretext that the above-mentioned countries don’t illtreat Muslims while the other religions are prosecuted. This unfair Act gave rise to discontent in the Muslim community and there were nation-wide protests against this new Act. There were shootings in these protests, and it was theorized by many that these will eventually blow out to be full blown riots. On 23rd February 2020 the riots began in North East Delhi’s Jaffrabad in which 49 people were killed and more than 200 people were injured.
Discontent though may be justified but rioting is not, and therefore it is punishable in India. Section 146 of The Indian Penal Code 1860 states that “Whenever force or violence is used by an unlawful assembly, or by any member thereof, in prosecution of the common object of such assembly, every member of such assembly is guilty of the offence of rioting.” Section 147 of The Indian Penal Code 1860 gives the punishment of rioting with imprisonment of a term which may extend to two years or fine or both. If any of the rioters were rioting with deadly weapons then they come under the purview of section 148 of The Indian Penal Code 1860 which states that anyone who riots with anything which can be used as a weapon and is likely to cause death of another person is rioting armed with deadly weapons. The punishment for this crime is imprisonment up to three years or fine or both. It must be stated that a large gathering of people is not rioting but rather it’s a lawful assembly which every protest is. Only when a fight breaks out in the peaceful assembly and the crowd becomes an angry mob and starts hurting individuals and/or property it becomes a riot. Any person near the riots is not necessarily a rioter himself, he may be a mere spectator and a valuable source of evidence as a eyewitness but not a rioter as he did not partake in any violence.
It is stated by the State Minorities Panel Report that 2,000 outsiders had occupied two schools to carry out the Delhi Riots. The two schools in question share a wall. It was stated that the school roofs were used to throw petrol bombs via catapults. The school’s furniture was burnt. This is just one of the reports which we have heard, there are many others like this one. Stories of people burning each other’s houses, attacking others with hatchets etc. Most of them might just be rumours but they the possibility of them being real makes people shudder with fear and concern about the future of their children, country and their self. There were even rumours of areas being attacked which were absolutely untouched circulating to cause fear among the masses.
There are many ways to stop riots like using force to crush any resistance but that will only ensure further violence. Another way would be to pacify the masses temporarily, but that will only keep them happy for a short period of time before they explode with rage and violence again. The best way to stop any rioting is to give the masses what they want, but there lies the real problem, if the government was to give the masses what they want then this change they created would come to be meaningless which they don’t want and hence the struggle between law makers and the ones who face the law. The best way to stop violence altogether in this case would be to revoke the unpopular Citizenship Amendment Act. This will bring joy to every rioter and those who just wanted to create chaos would not be able to do so anymore as the reason to create trouble is gone. But therein lies the problem, the government which created this law with so many difficulties would not want to just throw it away for temporarily pleasing the people, who will eventually find yet another reason for discontent. Right now, the Act can be amended yet again just to put Muslim migrants on the list of migrants that the country will give refuge to. While they are at it, they should also add Jews to the list, this way they will be able to please all communities in India. Or perhaps they can remove this religious garb of this Act and make it secular, saying that all migrants are welcome in India regardless of caste, colour, creed or religion, showing India to be the secular country it is!
Perhaps our country is not so secular anymore, with all the communal riots, religious biased acts, religious prosecution and hate speeches targeted towards specific religions. These riots should be used as a wake up call for the entire nation and stop any anti-secular action, be it in speeches or in laws, it all must be secular, just the way our forefathers wanted it to be, made it to be, fought for it to be. Right now, the country must ensure that these communal riots never happen again and for those, the nation must collectively hold hands and work together. Education is very important in these situations. The lack of education makes a person think less for themselves and believe more in what others say and hence get swayed easily into doing things like forming mobs and whatnot. Another important thing to note is that when one person does something bad it gives encouragement to others to do the same bad thing. Eventually, it may even force good people to act in a way that it should not. These elements in society must be purged. Hate speeches or speeches that speak ill of any particular religion should be dealt with strictly as they probably just don’t want to create communal hatred but are being successful in doing so little by little every time, they went out to project their communal views. People eventually believe anything if it has been told to them enough times. These people need to be punished under section 153A of The Indian Penal Code 1860: “Promoting enmity between different groups on grounds of religion, race, place of birth, residence, language, etc., and doing acts prejudicial to maintenance of harmony”. Perhaps then and only then will our country move forward into a more secular state and perhaps one day the shackles of religion which make people look at each other with enmity will disappear and India will be truly free and secular!




			        ""Loved reading this piece by Ishan Roy Chowdhury? 
			  Join LAWyersClubIndia's network for daily News Updates, Judgment Summaries, Articles, Forum Threads, Online Law Courses, and MUCH MORE!!""




 Join our Telegram group





 Join our Whatsapp group















Click here to Get More Content on LCI Android App











						Tags :criminal law
"
Zero FIR and its role in crime investigation,"
What is Zero FIR?
Zero FIR is not at all different from a commonly known FIR (First Information Report) which must be registered in any criminal offence in the police station authorized to investigate it. Zero FIR differs from an ordinary FIR in the sense that it is lodged in a police station which lies outside the location (jurisdiction) of crime. The Zero FIR must be later transferred to the police station having jurisdiction under the criminal Procedure Code, 1973 (CrPC).
That means Zero FIR is similar to an ordinary FIR but its serial number would be 0, until it reaches the respective police station having jurisdiction to take further proceedings. An example of a zero FIR is in the Asaram Bapu case in which a minor girl was raped in Jodhpur, Rajasthan, but the victim filed Zero FIR against him in Delhi, a place distant from the place of occurrence.
It was Justice Verma Committee which recommended the concept of Zero FIR for inclusion in the criminal procedures, in the aftermath of the gang rape of a 23 year old girl in Delhi in December 2012.
Police can investigate under Zero FIR
On registering a Zero FIR, the police officer of that station can conduct any timely investigation required at that point of time to collect transitory evidence. Any investigative proceedings conducted by a police officer, despite having no jurisdiction, are protected from being challenged on grounds of territorial jurisdiction.  This is because the Section 156 (2) of the Cr.P.C contains an embargo that no proceeding of a police officer shall be challenged on the ground that he has no territorial power to investigate the case.
In Satvinder Kaur v State (Government of NCT Delhi the Supreme Court (SC) held that the police can investigate a case which does not fall under their jurisdiction. The court held that even after investigation is over if the investigation officer finds that the crime occurred outside his jurisdiction, then he is required to submit a report under the Section 170 of the CrPC and forward it to the Magistrate having jurisdiction.
In the case State of AP v Panati Ramulu & others, the court held that any lack of territorial jurisdiction should not have prevented police from recording information about the cognizable offence and forwarding the same to the police station having jurisdiction over the area of the crime.
A drawback of Zero FIR
One drawback of the Zero FIR is that the police station not having territorial jurisdiction over the case lodge the FIR to satisfy the complainant but may transfer the FIR to the concerned police station immediately without making necessary preliminary examination in the case.
Government of India advisory on Zero FIR
The Government of India issued several advisories in this regard. In their first advisory dated 10th May 2013, the Ministry of Home Affairs (GoI) asked all states to give directions to the police officers to lodge Zero FIR as a consequence of the SC ruling in Satvinder Kaur v Government of NCT Delhi on 5th October 1999 (AIR 1999 SC 1031) and in Ramesh Kumari v Government NCT on Delhi on 21st February 2006. The advisory points out that in the former case, the Court held that at the stage of investigation, the material collected by an investigating officer cannot be judicially scrutinized for arriving at a conclusion that the police station officer of particular police station would not have territorial jurisdiction whereas in the latter case, the Court held that a police officer is duty bound to register the case on the basis of such information disclosing a cognizable offence u/s 154(1) of the Cr.P.C.
The advisory further states that the police shall register an FIR upon receipt of information of the commission of a cognizable offence. If after registration of FIR, upon investigation, it is found that the subject matter relates to the jurisdiction of some other police station, the FIR may be appropriately transferred to the police station in which the case falls. Moreover, if at the time of registration of FIR, it becomes apparent that the crime was committed outside the jurisdiction of the police station, the police should be appropriately instructed to register a ‘Zero’ FIR and ensure that the FIR is transferred to the concerned police station u/s 170 of the Cr.P.C.
It adds that the delay over the determination of the jurisdiction leads to avoidable wastage of time which impacts on the victim and also leads to offenders getting an opportunity to slip from the clutches of the law.
The advisory again states that it should also be clearly instructed that failure to comply with the instruction of registering an FIR on receipt of information about the cognizable offence will invite prosecution of the police officer u/s166A of the IPC for an offence specified u/s166A or departmental action or both.
Subsequent Advisories from Govt of India
The subsequent advisories issued by the Government of India on 6th May 2014, 12th October 2015 and 5th December, 2019 reiterated the earlier instructions and asked the states to strictly comply with filing of Zero FIR for cognisable offences and assaults on women under 154 (1) of the CrPC.
The advisories warns that any failure to lodge such an FIR may lead to stringent punishment for the police official, with rigorous imprisonment not less than six months extendable up to two years, and fine under section 166A (c) of CrPC for disobeying the law.
Karnataka High Court directs the state
In Umapathi S v The State of Karnataka delivered on 19th September 2019, the High Court of Karnataka directed the Government of Karnataka to issue appropriate directions in accordance with the advisories of the Government of India on Zero FIR within a month from the issue of the court order.
Delhi High court issued directions on Zero FIR
In  Kirti Vashisht vs State & Ors delivered on 29 November 2019,  the High Court of Delhi directed the Commissioner of Police, Delhi to issue circular/Standing order to all the Police Stations in NCT of Delhi and all concerned that if complaint of cognizable offence is received in a Police Station, and offence occurred in jurisdiction of other Police Station, in that case, the Zero FIR shall be lodged by the Police Station which has received the complaint, and thereafter it shall be transferred to the concerned Police Station.
he author, an advocate at Thrissur, can also be reached at rajankila@gmail.com




			        ""Loved reading this piece by Adv K Rajasekharan? 
			  Join LAWyersClubIndia's network for daily News Updates, Judgment Summaries, Articles, Forum Threads, Online Law Courses, and MUCH MORE!!""




 Join our Telegram group





 Join our Whatsapp group















Click here to Get More Content on LCI Android App











						Tags :criminal law
"
All about the job of Public Prosecutors in India!,"
INTRODUCTION
 A Public Prosecutor is an indispensable part of the criminal justice system. One can’t imagine the criminal justice system without the public prosecutor. He initiates the proceedings against the accused and takes it to the logical end and therefore, his role in the dispensation of the justice to the society and victim of crime is very important. In this article we will discuss the meaning, appointment, administrative control, role of public prosecutor along with the challenges, the public prosecutor generally faces in today’s scenario.
MEANING
The term “Public Prosecutor” is defined in the section 2 (u) of the Code of Criminal Procedure, 1973 as “any person appointed by under section 24 of the Code of Criminal Procedure, 1973 and includes any person acting under the directions of the public prosecutor.”  
For a man who does not belong to the field of law, it would be difficult to understand the meaning of the public prosecutor from the above said definition and for them, public prosecutor can be defined as “an advocate who on behalf of the either State Government or in some cases, the Central Government, prosecutes the accused person for the offence committed by him, in the criminal courts.”
Google Dictionary defines the public prosecutor as “A law officer who conducts criminal proceedings on behalf of the state or in the public interest.”
Merriam Webster defines the public prosecutor as “A public official charged with the investigation and prosecution of the punishable acts on behalf of the state or an international commission.”
So, by concluding the all above said definitions it becomes very clear that public prosecutor is an officer appointed by the government, who deals with the case against the accused person, on behalf of such government for an offence committed by him.
APPOINTMENT
Need for appointment of the Public Prosecutor
The question may arise in the mind of the readers that though an offence is committed against the particular individual & his family and they can hire their private advocate for that purpose, so why the State appoints the Public Prosecutor to deal a case committed against the particular individual??
The answer to above said question is that “when an offence is committed by an accused person, the commission of offence is not only against the victim/individual but also against the State/Society because, crime committed by such accused person has impact not only on the victim but also on the society at large and therefore, In order to protect the interests of society, the State Govt. appoints its own advocate to defend the interests of the society.”
Further, there is also one more reason attached to this practice and that is to ensure the fairness in trial against the accused person. If the victim is allowed to hire his/her own advocate, then his/her advocate’s main aim would be to seek conviction of the accused person by hook or crook to wreak vengeance against the accused person and in such a scenario, the fairness in trial against such accused person may be compromised, but if the impartial/neutral person is appointed to deal with the case, then in such case, On one hand, his  endeavour would be to bring truth in front of the court, which is ultimate goal of every trial, irrespective of the fact that whether it is against the accused or not, and on other hand, chances of fairness in trial increases to great extent, which is fundamental right of the accused person.”
Appointment in the High Court and Sessions Court(Section 24)
The section 24 and 25 of the Code of Criminal Procedure, 1973 provides for the appointment of the Public Prosecutors in the High Court and the Sessions Court and Section 25 of the Code provides for the appointment of Public Prosecutor in the Courts of Magistrates.
Sub-section (1) of the Section 24 says that the “for every High Court, the Central or the State Government may after consultation with the High Court , shall appoint the Public Prosecutor and may also appoint the Additional Public Prosecutors for conducting in such court, any prosecution, appeal or any other proceeding.”
Similarly, under section 24(3) of the Code, “ For every district, the State Govt. shall appoint the Public Prosecutor and may also appoint one or more Additional Public Prosecutors for the district.”   Central Govt. also has the power to appoint the Public Prosecutors for the purposes of conducting any case or class of cases in any district or local area.
Generally, in case of appointment of the Public Prosecutors in the High Court, there is no permanent cadre of such officers and the holders of the office holds the office during the pleasure of the Governor of the State, However, in case of district, their exists the regular cadre of the officers and they are permanent in nature and hold office till their superannuation.
Appointment in the Courts of Magistrates (Section 25)
Section 25 of the Code says that the “State Govt. shall appoint in every district one or more Assistant Public Prosecutors for conducting the prosecution in the Courts of Magistrates.”
Similarly, Central Govt. may also appoint one or more Assistant Public Prosecutors for conducting the prosecution in any case or class of cases in the Courts of Magistrates.
As earlier said, there exists the regular cadre of the Public Prosecutors in the State from where the appointment takes place, But in case of exceptional circumstances where there is no Asst. Public Prosecutor available, in that case, the District Magistrate may appoint any person as the Asst. Public Prosecutor including the police officer, provided

He did not take part in the investigation of the offence with respect to which the accused is being prosecuted; or
He is not below the rank of the Inspector.

Eligibility
For appointment of the Public Prosecutor either in the High Court or the Court of Session, section 24 says that “person shall be eligible for the appointment only if he has been practising as an advocate for not less than 7 years.”                               
In case of the appointment in the Courts of Magistrates, no eligibility criteria have been specified by the section 25 and different states have different rules in that regard.
Appointment of the Special Public Prosecutors( Section 24)
Either Central or State Government may appoint for any case or class of cases “any person who has been practising as an advocate for not less than 10 years as Special Public Prosecutor.”
Generally, the Special Public Prosecutor is appointed in special cases by the Govt. and more probably in those cases which are serious in nature and they have caused substantial impact on the society like Nirbhya Case, 26/11 attacks, Afzal Guru’s attack on parliament, 2G Scam, etc.
ADMINISTRATIVE CONTROL OVER PUBLIC PROSECUTORS IN INDIA
The bare reading of the sections 24 and 25 of the Code of Criminal Procedure, 1973, does not give an adequate idea about the organisational structure or the administrative control over the public prosecutors. Initially, before the Criminal Procedure Code Amendment Act, 2005, the public prosecutors in the Courts of Magistrate were deemed to be under the Police Department, whereas, in case of public prosecutors working in Session Courts, they were deemed to be under the District Magistrate.
However, the 14th Law Commission advocated the separation of the Public Prosecutors from the Police Department and to convert them into agency independent from the Police. The extract of views of the 14th Law Commission on the reform of Judicial Administration on this issue is as under:
“we see great usefulness in the suggestion, that the prosecuting agency should be separated from and made independent of its administrative counterpart, that is the Police Department, and that it should not only be responsible for the conduct of the prosecution in the court but it should also have the liberty of scrutinising the evidence particularly, in serious and important cases, before the case is actually filed in the Court. Such a measure would ensure that the evidence in support of the case is carefully examined by a properly qualified authority before a case is instituted so as to justify the expenditure of the public time and money on it. It would also ensure that the investigation is conducted on proper lines, that all the evidence needed for the establishment of the guilt of the accused has been obtained. The actual conduct of the prosecution by such an independent agency will result in a fairer and more impartial approach by the prosecutor of the case.”
Therefore, after the long demand of the Law Commission to release the public prosecutors from the clutches of the Police Department, and various decisions of the Honourable Supreme Court in favour of this issue, the Criminal Procedure Code, Amendment Act, 2005 made a directory provision in this regard, which gave discretionary power to the State Governments to establish the Directorate of Prosecution.
Directorate of Prosecution ( Section 25 A)
The Directorate of Prosecution is an agency whose purpose is to exercise control over all the Public Prosecutors in the State including in the High Court. It consists of the Director of Prosecution and Deputy Directors of Prosecution. The Director of Prosecution works directly under the Head of the Home Department of the State. The Director and Deputy Director are none other than advocates who has been practising as an advocate for more than 10 years. Their appointment is made by the State Government after concurrence with the Chief Justice of the High Court.
The Public Prosecutors including Special Public Prosecutors working in the High Court are subordinate to the Director of Prosecution. Similarly, the Public Prosecutors including the Assistant and Special Public Prosecutors working in the District are under the Deputy Director of Prosecution.
However, if the Advocate General functions as a public prosecutor, then this provision do not apply to him.
ROLE OF THE PUBLIC PROSECUTORS
The Code of Criminal Procedure, 1973 did not provide that in what spirit the Public Prosecutor shall discharge his duty. However, the principle in this regard is well settled which is to place before the court, all the facts and evidences irrespective of the fact that it favours the accused and leave the rest to the court to decide. Public Prosecutor shall not act as a mouthpiece of the either victim or the investigating authorities; neither he is there to secure the conviction by hook or by crook.
In Law Commission’s 14th Report, Vol.2 page 765   it has been observed as under:
“A Public Prosecutor shall be personally indifferent to the result of the case. His duty should consist only in placing all the available evidence irrespective of the fact whether it goes against the accused or helps him, before the court, in order to aid the court in discovering the truth. It would thus be seen that in the machinery of justice a Public Prosecutor has to play a very responsible role; the impartiality of his conduct is as vital as the impartiality of the court itself.”
Similarly in Ghirrao v. Emperor(1933) (34)  Cri.LJ 1009  it was observed that:
“The duty of the prosecutor in such a trial is not merely to secure a conviction at all costs but to place before the court whatever evidence is possessed by the prosecutor, whether it be in favour of or against the accused, and to leave the court to decide upon all such evidence ­­­­­­---  whether accused was or was not guilty of the offence alleged.”
CHALLENGES FACED BY THE PUBLIC PROSECUTORS IN THE CURRENT SCENARIO
The Public Prosecutors in India, in current scenario are facing the numerous challenges in their day to day life. Some of the challenges that are faced by them are as under:
1. Lack of job satisfaction- 
The strength of the public prosecutors in the prosecution wing is very low because of which the public prosecutor has to face the numerous challenges. As a consequence of shortage, the existing public prosecutor has to see around two to three courts daily. The workload is such that sometimes he does not get time to have his lunch. Apart from the prosecution work he also has the other obligations to fulfil like helping police in their investigation, processing the challan, giving legal opinions on matters referred to him by the bureaucrats etc. All of these not only creates the frustration in mind of the prosecutor but also prevents him from giving time to his family, friends and relatives. This gradually leads to poor job satisfaction.
In order to solve this, government shall take steps to increase the number of public prosecutors and ensure that at least there is one public prosecutor attached with respect to one court. Further, it can separate the prosecution and legal works of the prosecutor and can appoint separate prosecutors for the same and divide the work between them. This type of practice is generally followed in some areas but not everywhere. This will substantially reduce the burden on the public prosecutor and will increase his job satisfaction.
2.  Poor Co-ordination between Prosecutors and Investigating agencies-
The lack of co-ordination between the prosecutors and the police is one of the major challenges that are being faced by the public prosecutors. The police officer though required, but is hardly aware of the legal intricacies involved in the particular case. He either intentionally or unintentionally misses the various important evidences or links that are very important to particular case of which the public prosecutor is not apprised of during the investigation. The prosecutor only comes to know about the same at the time when the investigating officer submits his report/challan under section 173(2) Cr.P.C and at that time, the public prosecutor can hardly do anything.This leads to acquittal in the cases despite of the fact that such cases would have ended up in conviction if the IO had done his duty properly. Many of times, one can easily find while reading the judgments of the Supreme Court and High Courts,that the IO of the particular case has not done the investigation as required, as a consequence of which the Courts has no other option but to acquit the particular accused on basis of lack of evidence. This is the consequence of lack of co-ordination between the public prosecutors and the police and this factor is ultimately leading to the low conviction rate in India .
Therefore, there is need to have better co-ordination between the Prosecutors and the Police so that the investigation is being conducted by the IO as required which can help the public prosecutor in trial to secure the conviction in genuine cases. However, it is not going to happen unless there is political will. Law Ministry at the Central and State Levels has lot to do in this regard.
3. Lack of proper training- 
Training is very important. It serves the two purposes firstly, person becomes aware about the functions of position of which he is getting training and how to perform such functions properly. secondly, it keeps updating the trainer about the current trends.
The training of the public prosecutor both at entry level and during the service, is indispensable keeping in mind the role attached to the office. But unfortunately, the public prosecutors are not being imparted with the proper training. According to the research paper presented by the Gurpuneet Singh Randhawa and Dr. D.J Singh on challenges faced by the  Indian Prosecution System, 80% of the public prosecutors are of the view that there is need to improve the service training within the department. 
Therefore, keeping in mind the role attached to the office of the public prosecutor it is imperative that the proper training of the public prosecutors shall be conducted time to time in order to enable them to discharge the functions in more better way. There can be separate institute for the training of the public prosecutors like the judicial officers, however, the same infrastructure can be used to provide the training but the main purpose is to ensure that the public prosecutors are getting the quality training time to time to enable them to function properly.
4. Poor Pay Scale and Facilities- 
The income of the public prosecutors in India is very low as compared to the good criminal defence lawyers. The public prosecutors, in some states, are given salary which is equivalent to that of clerk, which lowers the morale. Further, it makes the post of public prosecutor less attractive in the eyes of the youth.
Governments must be liberal when it comes to the salary and other facilities to the public prosecutors because, they are backbone of the criminal justice system and if they would be kept happy, then it will definitely help and motivate them to do good in their duties.
5.  Interference from the Government: 
It is very common for the public prosecutor like police and bureaucracy to face the interference from the government. Despite of the fact that public prosecutors in India are separate agency in itself and they has to discharge their duty in spirit as above said, still this fact can’t be ignored that the interference in the working of Public Prosecutors by the Govt. is common especially in the High Profile cases involving the person having strong background or relating to the ruling party in the State or Centre.
The solution of this problem lies not with the government but with the public prosecutor himself. It will depend upon the individual public prosecutor whether he succumbs to the government pressure or not. Many of the times, the public prosecutors have discharged their duties in the proper spirit despite of the govt. pressure. So, solution of this problem lies with the individual public prosecutor himself.
CONCLUSION
To conclude, the Public Prosecutor is the indispensible part of the criminal justice system. He has to discharge his duty with the spirit of bringing the truth in front of the court irrespective of the fact that whether it is against the accused or not, so that the judge can deliver a verdict and can do justice. In short, one can say that he has to assist the Court in doing the justice. There is great responsibility attached to the office of the public prosecutor, so, it becomes imperative for the government to take care of him so that he can function smoothly and can focus on his core duty of bringing truth in front of the court.
References
1. Code of Criminal Procedure 1973, by R.V Kelkar published by Eastern Book Company.
2. Report of the 14th Law Commission, Volume 2.
3. Analysis of challenges faced by the Indian Prosecution System by Gurpuneet Singh Randhawa and Dr. D.J Singh, Research Scholar and Professor respectively, at Guru Nanak Dev University, Amritsar, India.
4. Google.
Bio- Author is the criminal lawyer practising at the Punjab and Haryana High Court and District and Sessions Courts, Mansa (Punjab).




			        ""Loved reading this piece by Varun Garg? 
			  Join LAWyersClubIndia's network for daily News Updates, Judgment Summaries, Articles, Forum Threads, Online Law Courses, and MUCH MORE!!""




 Join our Telegram group





 Join our Whatsapp group















Click here to Get More Content on LCI Android App











						Tags :Criminal Law
"
Ethical Advocacy: Should Lawyers Knowingly Defend Criminals? ,"
SYNOPSIS:

INTRODUCTION:

Indian courts believe that irrespective of whether the party is prosecution or defendant, they both have the right to be heard.
Morality and Law are always at a conflict with each other, and it is the job of lawyers to bring these two together harmoniously.


DEFENSE LAWYERS IN INDIA:

An accused is very distinct from a convict: an accused is someone who has not been proven guilty by the court of law yet.
Universal Declaration of Human Rights, 1948, ""Everyone charged with a penal offence has the right to be presumed innocent until proved guilty according to law in a public trial at which he has had all the guarantees necessary for his defense.”
Anyone can be accused of an offence, but not everyone is convicted.
Irrespective of who a person might be, they have the right to be defended by a lawyer and thus, defense lawyers have a very important role to play. (Reference to Ali v. State of Assam)
Always some cases which makes you wonder if defense lawyers should say no to defending contemptuous and hardened criminals. (Reference to Nirbhaya Rape and Murder case)
A defense lawyer should know where to fix a limit.
Theyis always faced with ethical and moral dilemmas, because ethics are what society wants him to follow, while morals are the principles which he himself decides to follow. Therefore, a constant conflict between the two.


CONCLUSION:

Defense lawyers are tasked with a very tough job of balancing professional and personal ethics.
Being a defense lawyer requires a substantial set of skills which go beyond being a just good trial lawyer.
Defense lawyers are an indispensable and a very vital part of the justice system across the globe.



INTRODUCTION:
The Indian Justice believes in the principle of Audi alteram partem, which translates to, “listen to the other side”. This means, that the Indian courts believe that irrespective of whether the party is prosecution or defendant, they both have the right to be heard. This also signifies that both the parties are equal in the eyes of law and shall not be discriminated. Even though such a provision has been in place, several people have constantly questioned the choice of an advocate to defend an offender.
After the Boston Bombing in 2013, the nurses who looked after Dzhokhar Tsarnaev in the trauma ward after hisarrest have just one simple, straightforward answer to why they looked after a terrorist, it’s their job. In the same way, a defense lawyers’ job is to defend his client who have been accused of criminal activity. Medicine and law are few of the noble professions where the moral obligations and ethical standards play a very important role. The life of a patient depends on the doctor and nurse, in the same way,life, property, assets, rights and liabilities all depend on the advocates. Morality and Law are always at a conflict with each other, and it is the job of lawyers to bring these two together harmoniously. 
DEFENSE LAWYERS IN INDIA:
One of the most celebrated lawyers of our country, Late Ram Jethmalani was in fact, a criminal lawyer.He appeared for former Tamil Nadu chief minister J Jayalalithaa's disproportionate assets case worth Rs 66.65 crore in the year 2014. He argued for 2001 Parliament attack convict Mohd. Afzal Guru demanding the commutation of his death sentence. He even defended Manu Sharma in the infamous case of Jessica Lal’s murder. Even after all this, he was one of the most successful and respected lawyers of the country. This does not have anything to do with the fact that he defended criminals. Rather, he was respected and admired purely because of his work ethic.
To understand further, we need to establish the fact that an accused is very distinct from a convict. The major difference between the two, is the fact that an accused is someone who has not been proven guilty by the court of law yet. According to the Universal Declaration of Human Rights, 1948, ""Everyone charged with a penal offence has the right to be presumed innocent until proved guilty according to law in a public trial at which he has had all the guarantees necessary for his defense.” Hence, anyone can be accused of an offence, but not everyone is convicted. In fact, in Ali v. State of Assam, the Supreme Court had ruled that a criminal defendant has a right to counsel under Article 21 of the Constitution of India. Hence representing the criminal defendants is not a matter of choice but part of profession.
Every person in India has the right to a legal counsel, even if it is Ajmal Kasab! Ajmal Kasab, the man who terrorized the whole city of Mumbai in the 2008 Mumbai attacks, was defended by Amin Solkar and Farhana Shah who were appointed by the Bombay High court.Here it clearly shows that irrespective of who a person might be, they have the right to be defended by a lawyer and thus, defense lawyers have a very important role to play.
To many people in the public, the idea of defending an accused may seem ridiculous and unethical. The role of the lawyer in court is to present the client’s best possible case, but that role is subject to the lawyer’s duties as an officer of the court and to assist in the administration of justice. In other words, lawyers are there to help judges reach a fair decision. 
A lawyer is never a mouthpiece for the accused. They do not just act for that one client but rather have the job to uphold a sacred duty to ensure that justice is done, and due process is carried out. Their task is to make sure that all the evidences are put forward by the prosecution in order to ensure that justice can really be achieved. But to be able reach justice, which is just and fair, it is imperative for the court to hear arguments of both the sides, the prosecution and the defense. And this is where the job of a defense attorney comes into the picture. Its not easy to be someone who defends a person accused of criminal activities. The prosecution has the job of proving the guilt of the accused, that is they have the ‘burden of proof’, while defense lawyers, on the other hand, have no obligation to present factual evidence. The only goal of the defense is to defend the accused, and they have to do so even if they know that the accused is guilty. The defense is allowed to confuse the witnesses and try to point out any weaknesses in the prosecutor’s case, but it is limited just to that.
It is extremely troublesome for lawyers in some situation to defend their clients, while not breaking the principle of honesty so as to protect the legal profession. Although it is obvious that even though the attorney is bound by the principle of confidentiality in general, they are not obliged to follow it when doing so causes them to become involved in criminal activities as well. Somewhere on that continuum, a defense lawyermust draw a line.They are always under the microscope as there are a lot of times when they are in a very close proximity of the criminals. Hence, being a criminal lawyer is not a cake walk. But on the other hand, there are many accused who are undoubtedly innocent but have been looped in the criminal proceedings. For instance, imagine yourself being accused of barbaric criminal activities. In such times, a prosecution won’t save you, but a defense lawyer would! Hence a defense lawyer is not someone who defends criminals but the one who defends people accused of criminal activities. 
Where the client has confessed to his attorney, yet intends to take the stand to deny his guilt, the attorney's dual roles as the advocate of his client's position in an adversary system of justice and as an officer of the court come into conflict. But a lawyer’s duty to his client are paramount.
But there are always some cases which makes you wonder if defense lawyers should say no to defending contemptuous and hardened criminals. The gruesome rape and murder of Nirbhaya on the cold wintery night of 16th December 2012 had left the whole country in shock and birthed waves of protest. Even after the Supreme Court had passed the judgement of hanging the four convicts till death, it wasn’t until 7 years later, after which the death penalty was executed. The reasons behind this long delay of justice is the defense lawyer of the convicts, A.P. Singh.
A.P. Singh holds a doctorate in criminology. He has been accused of exploiting loopholes in the system to save his clients from execution. Strictures have been passed against him by the Delhi High Court, while the Bar Council has issued notices over his conduct on several occasions. While there have been several lawyers who have defended criminals, the reasons for which A.P Singh sticks are the antiques used by him to get justice for his clients; dragging the name of the victim and her family through the mud. While everyone does have the right to a lawyer, the question which stands out is whether it should be at the cost of the victim and her/his family’s life? The legal profession is an elite field. When one person from this field resorts to activities such as that of degrading the victim and hurting the sentiments of public at large, it puts the whole fraternity to shame. Hence, it is very essential that a defense lawyer knows where to fix a limit. 
Another ethical code expected by a lawyer to be followed is that he/she should never turn down a client. But shouldn’t a lawyer have the right to say no to criminals when they know that the crime was in fact committed by them. It is understandable that there is always a confidentiality code that a lawyer should follow, but confidentiality and representing a criminal in court are two different things. Representing criminals on the cost of justice, is unfair, unjustifiable and discriminatory for the victim. 
Nonetheless, a defense lawyer is always faced with ethical and moral dilemmas, because ethics are what society wants him to follow, while morals are the principles which he himself decides to follow. Therefore, there is a constant conflict between the two.
CONCLUSION:
Defense lawyers are tasked with a cumbersome job of balancing professional and personal ethics. The truth is that the life of defense lawyer is very different from the romanticized version which we see in movies. Working as a defense lawyer means working tirelessly inside and outside the courtroom,in advance of trial and, if necessary, during trial, in order to zealously represent their clients. Being a defense lawyer requires a substantial set of skills which go beyond being a good trial lawyer; they must be good negotiators, investigators, counselors, and even social workers.Defense lawyers may be a client's only listening ear, so they must be prepared to deal with all of the stressful aspects in their client's life at that moment, not just the accused crime. Hence, defense lawyers are an indispensable and very vital part of the justice system across the globe.




			        ""Loved reading this piece by Palak Singh? 
			  Join LAWyersClubIndia's network for daily News Updates, Judgment Summaries, Articles, Forum Threads, Online Law Courses, and MUCH MORE!!""




 Join our Telegram group





 Join our Whatsapp group















Click here to Get More Content on LCI Android App











						Tags :Criminal Law
"
"Analysis of Sections 134A & 148 under Negotiable Instruments Act, 2018","
The legislature has passed the Negotiable Instruments (Amendment) Act, 2018 with the aim to further the cause of efficacy and efficiency under the NI Act. The same was notified on 2nd August 2018 and came into force on 1st September 2018. These new provisions under the NI Act are:
2.1. Section 143A: Power to Direct Interim Compensation
Under the newly inserted Section 143A of the NI Act, a new measure for the payment of interim compensation by the accused Drawer to the Complainant has been provided in cases where the Court orders for the same during the pendency of the proceedings under Section 138 of the Act.

The Extent of Application: Such order may be made by the court only in summary trials or summons cases (where the drawer pleads that he is not guilty as accused) and in any other cases, only upon framing of charges.
Scope of the Interim Compensation: The quantum of the interim compensation shall not exceed more than 20 % of the amount of the cheque.
Time Frame: The payment of the interim compensation shall be made within a period of 60 days from the date of the order. However, the Court may extend the time frame for such payment by not more than 30 days upon sufficient cause being shown by the Drawer to this effect.
In Case of Acquittal: If the drawer of the cheque is acquitted, the Court shall direct the complainant to repay the drawer the amount of interim compensation with interest at banks rates prevalent in the beginning of the financial year. The same payment is to be made within 60 days of the order or within a further period of 30 days as may be directed by the Court on sufficient cause being shown by the Complainant.

Comment
With regard to Section 143A of the Act, the payment of interim measures ensures that the interest of the Complainant is upheld in the interim period before the charges are proven against the Drawer. The intent behind this provision is to provide aid to the Complainant during the pendency of the proceedings under Section 138 of the Act, where he is already suffering the double-edged sword of loss of receivables by the dishonor of the cheque and the subsequent legal costs in pursuing the claim and offense. The quantum of such interim compensation would be up to 20% of the amount of the cheque.  This would further not preclude any civil claims of the Complainant.
Being equitable, the section also does not prejudice the Drawer in case of his acquittal by the Court. In such a case, the Court shall order the Complainant to return the amount of interim compensation to the Drawer within a period of 60-90 days along with interest on the sum. 
Per contra, if the Drawer is found guilty under Section 138, the sum of money paid in the form of interim compensation would be deductible from the final compensation payable to Complainant. Further, even the scope of this Section 143A has been circumscribed to only material stages of the trial and is not to be applied prematurely.
2.1. Section 148: Order of Payment Pending Appeal
Under this new provision, where an appeal is sought against the conviction of the drawer under Section 138 offense, the Appellate Court may order the Appellant to deposit such sum which shall be a minimum of twenty percent of the fine or compensation awarded by the trial court. Further, the same is to be in addition to the payment of interim compensation under Section 143A of the Act.

Release to Complainant: The Court may direct the release of the amount deposited by the Appellant to the Complainant at any time during the pendency of the appeal.
Time frame: The payment of the interim compensation shall be made within a period of 60 days from the date of the order. However, the Court may extend the time frame for such payment by not more than 30 days.
In case of Acquittal: If the Appellant is acquitted, the Court shall direct the complainant to repay the drawer the amount of interim compensation with interest at banks rates prevalent in the beginning of the financial year. The same payment is to be made within 60 days of the order or within a further period of 30 days as may be directed by the Court on sufficient cause being shown by the Complainant.

Comment
With regard to the new Section 148, this Section serves as a huge boon to the Complainants under the Act whose right after the determination of the guilt of the accused was anything but final. Where a challenge to the Conviction was admitted by a higher court in an appeal, a stay was put in place upon the decision of the trial court and therefore, the Complainant was again precluded from the amount of the cheque that was determined to be owed to the Complainant and was furthered fated to bear the cost and energy expenditure of further rounds of litigation. This position had severely prejudiced the rights of the Complainant under the NI Act.
To cure this defect of law, the present Section 148 was introduced. Under this provision, where an appeal is sought by the Drawer against a conviction under Section 138 of the Act, the Appellate Court may order him to deposit a sum, not below 20 % of the fine or compensation under the decision of the trial court. Such amount would also be in addition to any interim compensation paid under Section 143A of the Act. This provision is a substantial aid to the Complainant who would suffer through firstly a trial and then endless appeals that would destroy his pursuit of the Drawer under Section 138 of the Act. Under this Section the Court is free to determine the sum payable in the course of the appeal looking to the facts and stipulations of the matter before it.
Analysis
The insertion of Section 143A and 148 of the NI Act is a welcome change to the framework of the NI Act. These provisions are aimed at strengthening efficacy and expediency under the present regime that suffers from slowdowns, procedural roadblocks, and uncertainty of the process.
These provisions are meant to uphold the interests of the complainant in two key stages where there were no protections previously, providing interim compensation and ordering payment by the accused in case of an appeal against conviction. These are instances in the process of the NI Act which were misused by the ill-intentioned drawers to abuse the process of the Act and to engage in dilatory and coercive tactics in order to force the complainant to settle the claim against the drawer at substantially lower sums or to drop the claims altogether owing to the sheer amount of expenditure of time, energy and money all while meager results may be seen to materialize in the pursuit of the cheque dishonor proceedings.
For a better understanding of the provisions, it is necessary to understand the merits and challenges that these provisions entail.
Merits

The introduction of these provisions helps in tackling delays in the proceedings under the Act which is a welcome change.
Just discretion has been provided to the Court to assess whether under the facts and stipulations of the matter the imposition the compensation or payment is called for and if so, to what extent. This prevents prejudicial treatment of the Drawer and equitable treatment of parties.
These provisions are Complainant centric and are aimed at protecting their interests which stood very much prejudiced in the past. While proceedings and appeals are sub judice, it is the complainant who suffers substantial losses both in the form of loss of the cheque amount and the consequent legal costs of civil and criminal perusal of the amount of dishonor and the drawer. These provisions empower the Complainant and further the cause of Chapter XVII of the Act.
Section 148 protects the Complainant from the sting of endless appeals and stays. This Provision ensures that the essence of the stipulations under the Act is not lost to endless technical challenges driven by the intent to dilute the stipulations of the Act and to evade the due process of the law.
These provisions create a framework of certainty and stringency of provisions under the Act. The same has a deterrent effect on those who seek to preclude the rights of others through dishonor of cheques and consequent illicit and evasive tactics.
These amendments would reduce pendency in courts because of the deterrent effect on the masses along ensuring certainty of the process that was very much lacking in the past, especially enforced at key stages of the proceedings under the Act.

Challenges

Sections 143A and 148 operates in prejudice of the Accused as the imposition of such costs upon the Drawer without the final determination by the Court operates on a presumption of guilt against the Drawer.
While these provisions provide discretion to the Court to decide whether such sums are to be imposed or their quantum, the Act provides no rationale to guide the decision of the court. This unbridled discretion may lead to increased litigation and pendency in the Courts challenging the decisions under these Sections.
Though the provisions stipulate that where the Drawer is Acquitted, the Court shall order the Complainant to return the money sum received by him under Sections 143A and 148, in practice, the same provision would turn out to be very contentious in cases where the Complainant either refuses to or is unable to return the sum because of inability to do the same. This would give rise to further litigation.
Despite the merits of the stipulations, the Amendment Act does not stipulate whether the provision would take effect retrospectively or prospectively. This raises an opportunity for various litigations questioning the applicability of these provisions to matter pending under Section 138 of the Act, at the time of coming into force of the Amendment Act (1st September 2018).
Under the aforementioned provision for repayment of the sum by the Complainant to the Drawer, the Complainant must make a payment of interest along with the principal sum. This provision can act in prejudice of the Complainant who might be wary to even request the Court to order the Drawer to make payment of interim compensation or an amount under appeal as the cost of paying further interest upon the sum upon losing the bout before the court would act against the interest of the Complainant.

Conclusion
The changes brought forth by way of the 2018 amendment to the Negotiable Instruments Act, 1881 are substantial in nature and focus heavily on upholding the interests of the Complainants in such proceedings. Yet, the aforementioned Sections operate essentially upon the discretion of the judge. This raises another challenge for the complainant to prove his cause before the Court towards getting such relief. While the law should serve as a boon upon Complainants under Section138 proceedings, it reasonable to assume that the implications of these Sections are left to be worked out before the Court, given the wide ambit of Discretion bestowed upon the Court. Nonetheless, these amendments are a positive step towards a more equitable and efficacious regime and are welcomed as such.




			        ""Loved reading this piece by Raj Kumar Makkad? 
			  Join LAWyersClubIndia's network for daily News Updates, Judgment Summaries, Articles, Forum Threads, Online Law Courses, and MUCH MORE!!""




 Join our Telegram group





 Join our Whatsapp group















Click here to Get More Content on LCI Android App











						Tags :Criminal Law
"
Confession under the Indian Evidence Act ,"
Confession means
Confession, in fact, is a statement by an accused suggesting that he committed the crime charged against him.  A statement must contain specific admission of guilt or all the facts which constitute the crime in order it to be considered as a confession.
A statement of an accused will amount to a confession if it satisfies the following conditions:-

The accused must admit that he had committed the crime
The statement must indicate his involvement in the crime
It should not be made on inducement, threat or promise

Sir James Stephen says, “A confession is an admission made at any time by a person charged with a crime or suggesting an inference that he committed the crime”.  
Broadly speaking, self harming statements in criminal cases are called confessions and those in civil cases are called admissions.
Legal provisions governing confession
The Sections 24 to 30 of the Indian Evidence Act, 1872 (IEA), deal with the concept of confession.
The procedural aspects of confession are provided in Section 164, 281 and 463 of the Criminal Procedure Code, 1973 (CrPC).
Confession is admissible in evidence
An accused person of sound mind and mature age can make a confession in regard to his involvement in the crime. That statement can be admitted in evidence in a judicial proceeding.  Confession is received in evidence-based on the presumption that a person will not make an untrue statement against his own interest when it is self-harming.
A court has a duty to exclude false confessions which might be made in order to escape physical torture, save others from punishment or avoid vexation. In order to accept a confession in evidence, the exact words used by the accused must be established by cogent evidence.
Confession under threat inadmissible
A confession caused by inducement, threat or promise by a person of authority is inadmissible in evidence. If the making of the confession is based on well-grounded conjectures it will be excluded from evidence.
But confession made after the removal of such inducement, threat or promise is admissible (Section 28 of the IEA).
Confession before the police is inadmissible
Confession made to a police officer is normally inadmissible, except for recovery of facts relating to material objects, under Section 26 & 27 of the IEA.
A confession made in the presence of a Magistrate when the accused is in the custody of the Police Officer is admissible under Section 26 of the IEA.
Judicial confession
Judicial confession is the confession made to and recorded by a judicial magistrate under Section 164 of the CrPC or before the court during committal proceedings, or during the trial itself.
A confession recorded under the Customs Act, 1962 was also held by the Supreme Court to be admissible in evidence though the requirement of recording was different under the act ( Gulam Hussain v S Reynolds Suptd. Of Customs: AIR 2001 SC 2930).
The person who made confession need not be called to prove judicial confession. Judicial confession can be relied as proof of guilt against the accused if it is found to be true and made voluntarily. It can then form the basis of conviction.
Extra-Judicial confession
Extrajudicial confession is the one made before a police officer or any person other than a police officer.  
A confession made to a police officer or while he is in police custody is inadmissible. But other extra judicial confession made voluntarily can be relied upon by the court.  If it can be shown that the evidence of extra judicial confession is reliable, trustworthy and beyond reproach, conviction can be founded on it. If confession is made to a person who has no reason to state falsely it cannot be ignored.
An extra judicial confession is in the very nature of the things is a weak evidence (Makhan Singh v State of Punjab : AIR 1988 SC 1705). The acceptability of an extra judicial confession depends on the reliability of the evidence of the person to whom such confession is made.
Extra judicial confession is proved by calling as witness the person before whom the extra judicial confession is made. Extra judicial confession alone cannot be relied as a proof of guilt or conviction. It needs supporting evidence.
An extra judicial confession made by an accused to his wife cannot be taken into consideration as evidence because of the inadmissibility of communication between husband and wife under Section 122 of the IEA.
In order for any extra-judicial confession to form the basis of conviction of an accused the following principles (Sahadevan v State of TN: (2012) 6 SCC 403) must be borne in mind:-

Extrajudicial confession is weak evidence and hence it is to be examined with great care and caution
It should be made voluntary and must be truthful
It should inspire confidence
It gets greater credibility and evidentiary value when it is supported by a chain of cogent circumstances and is further corroborated by other prosecution evidence
If extra-judicial confession is the basis of conviction it should not suffer from any material discrepancies or inherent improbabilities
Such a statement should be proved by any other fact as per law

A confession that is not voluntary is inadmissible. Similarly, a confession made to a police officer, except that regarding the recovery of material objects is also inadmissible. A confession made while in police custody is also inadmissible, except for recovery.
Confession must be accepted as a whole
A confession or admission must be accepted as a whole or rejected as a whole. The court is not competent to accept only the inculpatory part while rejecting the exculpatory part (State of TN v Kutty: AIR 2001 SC 2778).
Confession relating to the recovery of weapons
If a confession made to a police officer regarding the weapons or material objects by the accused is confirmed (by subsequent facts) through the discovery of those objects, then it becomes relevant and admissible in evidence.
What Section 27 of the IEA says is that if a statement of an accused to the police when he is in police custody leads to the discovery of facts relating to material objects relevant to the offence he is allegedly charged with, then the fact consequently discovered is admissible and relevant. Therefore such a statement subsequently confirmed by discovery of the objects, may be believed by the court.
Under this section, the information revealed by the confession statement which reveals the information is the cause of discovery and the fact unearthed is the consequence. The information and the fact should be connected with each other.
The Section 27 is a proviso by way of an exception to Section 25 and 26 of the IEA. This Section also qualifies Section 24 and cut down its operation. The Section is provided for based on the view that when a fact is discovered as a consequence of information given by the accused, then the information is admissible and relevant. The discovery does not prove the guilt of the accused but that needs to be proved by other means in order to convict the accused.
What the term “facts discovered” means
The term “fact discovered” in this section is not equivalent to the material object produced but it refers to the facts relating to the place from which the object is produced and the knowledge of the accused as to it. The information deposed by the accused must relate to the subsequently discovered facts.  The discovery of fact must be only after the accused makes the statement to the police. The discovery proves the knowledge of the accused in regard to the facts subsequently discovered.
When the information given by the accused is that he would produce a knife concealed in the roof of his house and if it leads to the discovery of the fact that a knife is concealed there in the place, then it is quite clear that the whereabouts relating to the knife was well within his knowledge. If the prosecution proves that the knife is used in the commission of the offence the fact discovered is relevant to the conviction.
Information as to discovery alone admissible
If the information provided by the accused included a statement that it was with which he stabbed A, then the words are inadmissible as they do not relate to the discovery of the knife. The information relating to the discovery alone can be admissible in evidence under this Section. Therefore when a relevant fact is discovered based on a statement by an accused to the police officer the distinct portion of statement related to the discovery alone is admissible.
When an accused makes a statement of a concealed article, the facts consequently discovered as to the whereabouts of the article and the concealed article, are within the knowledge of the accused.
When confession of the accused is in the form of a compound sentence the judge must divide it into its component parts and the part that leads to the discovery alone should be considered admissible under Section 27 of the IEA.
Compulsion to draw information unacceptable
A confession in regard to recovery of objects is not admissible if it is not voluntary and under compulsion.  If Police use compulsion to draw a statement of the accused it is an infringement of Article 20 (3) of the Indian Constitution.
In a confessional statement recorded under Section 27 it is not obligatory for the investigation officer to get the signature of the accused.
Accused must be in police custody
If the recovery of material objects is made when the accused is not in police custody it is inadmissible in evidence.
The term custody here does not refer to detention or confinement but it connotes to some restraint on his movement imposed by the police.
Doctrine of Confirmation
If a recovery of weapon allegedly used in crime was made but there was no evidence regarding disclosure statement made by the accused to the police officer before the recovery was made, then the recovery is inadmissible in evidence and is of no consequence at all.  
In a case in which an accused led the Investigation Officer to a place and pointed out the place where he had thrown away the Khukri and it was discovered from the place. But the court held that it was an improper recovery under Section 27 of the IEA as there was not prior recorded information.
A mere statement that the accused led the police and the witnesses to the place where he had concealed the recovered article is not indicative of the information given by the accused.
The basic doctrine behind Section 27 of the IEA is the Doctrine of Confirmation by subsequent events.
Confession of co-accused
A confession made by a co-accused may be taken into consideration against him and other co-accused (Section 30 of IEA) if the person confessing is one facing joint trial for the same offense and the confession is duly proved and that the confession must affect him and others under the trial.
The evidence of a co-accused needs some corroboration so as for the court to rely on it for conviction.
Retracted confession 
When an accused retracts from his valid confession the court can convict him after inquiring into the value of the confession. When information leads to the discovery of material objects the statement remains valid for use in evidence even though the accused resiles from the statement later.
In a retracted confession, corroboration of some kind is, therefore, necessary to sustain a conviction. To use a retracted confession against co-accused very strong corroborative evidence is required.
Confession by an accomplice/approver
An accomplice is a person who consciously assisted in the commission of a crime. When an accomplice is given pardon by the Magistrate and so as to become a witness against his co-accused he is then called approver.
The purpose of this provision is to secure collection of fullest details relating to the crime which is not otherwise possible.
Confession by approver is not a substantive piece of evidence but it may be used to contradict or corroborate any item of evidence. It is not illegal to base a conviction on the sole testimony of an accomplice or approver. As he is a participant in the crime and he is presumed to be unworthy of credit his testimony should be corroborated for material particulars. Some additional evidence must be looked for to see whether the approver is speaking truth (Section 133 of the IEA).
Law protects accused from self-incrimination
Te Section 24 to 30 protects the accused against becoming the victim of the machination of others to self incriminate him in the crime.
The object of Section 25 of the IEA is to prevent the practice of torture by the police for the purpose of extracting confession from accused person. The police have the archaic practice of securing confession by hook or crook and the section purports to prevent it.
The mind of the accused before making a confession must be of perfect equanimity and must not have been operated upon by fear or hope or inducement. So making any confession under threat, promise or inducement makes the confession irrelevant.
Confession in the FIR inadmissible
If FIR lodged by the accused contains any confessional statement it is inadmissible in evidence. But the confessional part can be used against him as evidence of conduct under Section 8 of the IEA.
But a letter containing confession sent to a police officer by an accused was considered admissible as it was written not in the presence of the police officer.
Relevancy of a confession otherwise relevant 
If a confession is otherwise relevant under any provision of law it will not become irrelevant merely because it is made under a promise of secrecy, or deception or when he is drunk. The section 29 of the IEA says if a confession is admissible by other sections, it cannot be treated irrelevant because of the reasons such as promise of secrecy, deception, and drunkenness, stated in the section.
Notes & References

For definition of confession please see Pakala Narain Swami v Emperor: AIR 1939 PC 47
When statement amounts to confession see Veer Ibrahim v State of Maharashtra : AIR 1976 SC 1167
Untrustworthy extra judicial confession cannot be used for corroboration. Heeramba Brahma v State of Assam :AIR 1982 SC 1595
To rely on retracted extra judicial confession it has to be corroborated by independent evidence. Shakhram Shankar Bansode v State of Maharashtra : AIR 1994 SC 1594
A statement under Section 27 must be split into its components and the inadmissible components must be rejected. Inayatullah v State of Maharashtra: AIR 1976 SC 483

NB: The author of this article, now with Thrissur Bar, can also be reached at rajankila@gmail.com




			        ""Loved reading this piece by Adv K Rajasekharan? 
			  Join LAWyersClubIndia's network for daily News Updates, Judgment Summaries, Articles, Forum Threads, Online Law Courses, and MUCH MORE!!""




 Join our Telegram group





 Join our Whatsapp group















Click here to Get More Content on LCI Android App











						Tags :Criminal Law
"
Spreading Covid-19: offence under IPC?,"
""Other Countries should learn from Italy's mistake"". Italians are taking to social media to warn the rest of the world to learn from their mistakes before it's too late. Despite the alarming situation because of Covid-19, some ""famous"" people are on fault by not only risking health of people around them but also violating laws of IPC.  By the ""famous"" in the previous statement, I want to address the singer Kanika Kapoor, who returned from UK some 10 days back, and has been tested positive with covid-19 flu. At this point of time when the self-quarantine and distancing has been strongly recommended for all the citizens especially for the people returned from foreign trips. Kanika Kapoor concealed her traveling history from the authorities and went out to attend lavish parties, risking the lives of people around her.
In such a scenario, in my opinion, she has not only violated the basic citizen duties but also the IPC laws.  Doesn't matter she did it intentionally or negligently in either case she has violated Section 269 or Section 270 of the Indian Penal Code (IPC) 1860.
Section 269 of IPC talks about negligent act likely to spread infection of disease dangerous to life. The section reads as: Whoever unlawfully or negligently does any act which is, and which he knows or has reason to believe to be, likely to spread the infection of any disease dangerous to life, shall be punished with imprisonment of either description for a term which may extend to six months, or with fine, or with both.
Section 270 talks about malignant act likely to spread infection of disease dangerous to life. This section reads as: Whoever malignantly does any act which is, and which he knows or has reason to believe to be, likely to spread the infection of any disease dangerous to life, shall be punished with imprisonment of either description for a term which may extend to two years, or with fine, or with both.
Negligently or intentionally Kanika Kapoor and people like her should get repercussions of their act. In this alarming scenario when the whole world is fighting against this pandemic because of the negligence of anyone other people should not suffer.
The author is currently associated with ""American Express"" as a ""Fraud Analyst"". She can also be reached at ""www.linkedin.com/in/pratiksha-977b89110"".




			        ""Loved reading this piece by PRATIKSHA BHANDARI? 
			  Join LAWyersClubIndia's network for daily News Updates, Judgment Summaries, Articles, Forum Threads, Online Law Courses, and MUCH MORE!!""




 Join our Telegram group





 Join our Whatsapp group















Click here to Get More Content on LCI Android App











						Tags :Criminal Law
"
Making a Confession or Statement under 164 CrPC,"
Synopsis: The paper will be talking about the procedure of recording of a confession and statement under section 164 CrPC. The paper will try to answer the question regarding why confession alone is not sufficient for conviction and statements are not substantive evidence.
Magistrate can record confession or statement
Any Metropolitan Magistrate or Judicial Magistrate, not even having jurisdiction in the case, has the authority to record a confession or statement made to him by a person, in the course of an investigation or after it, but invariably prior to the inquiry or trial. This is provided for under Section 164 of the Criminal Procedure Code, 1973 ( CrPC).  
The Section allows the recording of both confessions and other non-confessional statements. It provides a special provision to record confessions when they are made freely and voluntarily but not under any pressure or influence.  A confession so recorded is more of substantive nature than a non-confessional statement. The mode of recording confessions is different from that of statements.
Any confession or statement made before the Magistrate under Section 164 CrPC may be recorded by audio-video means in the presence of the advocate of the accused person.
Confession is admission of guilt
Confession is admission suggesting the inference that the person making it committed the crime. If the maker of the statement does not admit himself to be guilty, the statement will not be a confession. However confession cannot be used for conviction when the prosecution case itself is inconsistent with it.
An accused person can appear before a Magistrate to make a statement under the above mentioned provision, without him being produced by the police when the investigation is going on.
Magistrate has discretion in recoding statement
Recording of statement under Section 161 CrPC by Police is a condition precedent for recording statement by Magistrate under Section 164 CrPC when the police officer produces the person to make a statement.
Even a private party or victim's pleader can request the Magistrate to record the statement of a person but the Magistrate has enough discretion to refuse to do so.
In fact nothing prevents a person from going to a Magistrate requesting him to record his statement in regard to an offence when the investigation is going on.
But a Magistrate has enough discretion to refuse to record a statement if the police report and other records already can disclose the fact, which the person intends to record, at trial.
Statement of the victim
The Magistrate should record the statement of the victim of sexual offences listed under Section 164 (5A) CrPC, as soon as the offence is brought to the notice of the police.
The statements of the victim shall be used in lieu of the examination in chief which need not be recorded again during trial. But the maker can be cross examined on such statements.
Procedure of recording confession or statement
The Criminal Rules of Practice in Kerala, in its Sections 70 and 71, prescribe how the confession should be recorded. 
The Magistrate should first record his reason for believing that the accused is prepared to make the statement voluntarily. Until he has explained to the accused that he is under no obligation to answer any question at all and has warned the accused that it is not intended to make him an approver and that anything he says may be used against him, he should not record any statement at all.
Before recording a statement, the Magistrate shall question the accused in order to ascertain the exact circumstances in which his confession is made and the extent to which the police have had relations with the accused before the confession is made.
The Magistrate may put to the accused some questions as follows:

Do you understand that the statement which you are going to make may be used against you?
Were you detained by the police anywhere? If so, under what circumstances?
Were you urged by the police to make a confession?

The Magistrate should record such questions put to the accused and the answer they received, before he turns to record the statement of the accused.
The recording of the statement of the accused, the administering of warning as above, and putting the questions as stated above, should never be done in the presence of the police officer or the co-accused.
Actual recording of the confession
The recording of confession shall be made in the manner examination of accused is done, as provided for in the Section 281 of the CrPC.
Recording of confession is a solemn act in which the Magistrate must satisfy himself by observing the requirements prescribed for such an act. The person confessing should be asked why he is making a statement against him.  All the questions and answers should be recorded in the first person. The Magistrate should reveal his identity to the accused as well.
In Regard to the procedure of recording, the Section 281 of the CrPC says whenever the accused is examined by a Metropolitan Magistrate, the Magistrate shall make a memorandum of the substance of the examination of the accused in the language of the court and such certificate shall be signed by the Magistrate. The memorandum shall form part of the record.
Whenever the accused is examined by any Magistrate other than a Metropolitan Magistrate or by a Court of Session, the whole of such examination including every question put to him and every answer given by him should be recorded. This recording should be done in full by the judge or magistrate. If he is unable to do so it should be done under his direction and under the superintendence of the court officer. The record shall be shown or read to the accused or to be interpreted to him, if his language is different.
No oath is needed prior to making confession, as the Section 281 CrPC does not prescribe it. Normally, the Magistrate must hear the confession first without recording it and shall then put questions to ascertain whether it is voluntary and then he may record it if he believes that it is voluntary.
While recording confession the whole of the confession made by him including every question put to him and every answer he gave, should be recorded in the style it was given. In recording the question-answer form can be used. The person making the confession shall also sign it.
The Magistrate should tell the accused that he is before a Magistrate independent of police and give assurance that he would not be under threat for not making a confession or a statement and if he makes any, it can be used against him.  This should be made clear to him in the plainest words possible rather than in a ritualistic manner.
The Magistrate shall make a memorandum at the foot of such record stating that he had explained the person that the statement he wanted to make was a voluntary statement which he was not bound to make and such a statement would liable to be used against him. The Magistrate should also sign it.
The format of the memorandum to be appended at the foot of the record of confession, as provided under Section 164 (4) as follows:
'I have explained to (name) that he is not bound to make a confession and that, if he does so, any confession he may make may be used as evidence against him and I believe that this confession was voluntarily made. It was taken in my presence and hearing, and was read over to the person making it and admitted by him to be correct, and it contains a full and true account of the statement made by him.
(Signed) A.B.
Magistrate'.
If there is non-compliance of mandatory procedure while recording confession under Section 164 (4) CrPC, such confession is not reliable. When a power is given to do a certain thing in a certain way the thing must be done in the way. Other ways of performance is forbidden.
Confession may be recorded in open court
Confession should ordinarily be recorded in open court during court hours unless there are specific reasons for doing it at Magistrate's residence, jail or other such other place. But recording a confession after court hours for want of time is not necessarily bad.
A confession recorded by the Magistrate at the police station would be inadmissible in evidence. If a person coming for recording confession from police custody he should be sent to jail custody at least for a day before his confession is recorded so as to ensure the free nature of confession, as per the criminal rules f practice mentioned above.
Oath necessary for non-confessional statements
The recording of the non-confessional statement of a person concerned can be made in the manner evidence is recorded.
The Magistrate can administer oath to the person before recording the statement. The recording shall be signed by the person making it. Mere failure to get signature may not be fatal but in controversy the omission in regard to the signature is fatal.
The Magistrate recording a confession or statement shall forward it to the Magistrate who would inquire into or try the case.
The recorded statement is a public record
Statement recorded under section 164 CrPC, is a public document under Section 74 of Indian Evidence Act, 1872 (IEA). Such statement shall presume to be genuine, true and duly taken. It is admissible in evidence under Section 80 of the IEA.
In Guruvind Palli Anna Rao and Others v State of Andhra Pradesh, it was held that the statement of witness recorded under the Section 164 CrPC, is a public document. It does not require any formal proof and there is no necessity to summon the Magistrate who records it.
Since the statement under Section 164 assumes the character of a public record, an application made by any person to obtain a copy of the statement cannot be denied. Accused is entitled to get a copy of it.
Confession alone is not sufficient for conviction
The confession alone is not sufficient to convict an accused unless the court is wholly satisfied that it is voluntary and true. The court must require corroboration in the case of a retracted confession. A confession by an accused can be used as a substantive piece if it is quite satisfying to the court in accordance with the prosecution case but a non-confessional statement by a witness cannot be used as a substantive piece.
The whole of the confessional statement is to be brought into evidence, not only the circumstances in favour of the accused but also those against him. The court can reject the improbable part if there are sufficient grounds for not to accept it or the prosecution has contradicted it.
The accused has no right to seek copy of the confessional statement at any stage before filing of charge sheet through it is not prohibited.
A statement made by an accused person under Section 164 CrPC, which does not amount to confession, can be used against the maker as an admission under Sections 18 to 21 of the IEA, if it is voluntary.
The statements are no substantive evidence
The statements made under Section 164 CrPC by any person including the accused cannot be treated as substantive evidence as the defence has no opportunity to cross examine the witnesses on the statements. The statement therefore is just like a previous statement given during investigation under Section 161 CrPC.
The statement under 161 CrPC can be used only to contradict the witness as provided under Section 162 CrPC. But the 164 statement can be used either to contradict or corroborate the witness as provided under Sections 145 and 157 of IEA. Under Section 145 of the IEA both statements under 161 and 164 of the CrPC are mere previous statements. However the Section 164 CrPC statement has some higher value than the Section 161 CrPC statement.
When a 164 CrPC statement is retracted by the person during trial it is the judge who should decide which version is true. After making the statement under Section 164 CrPC, if the witness turns hostile, the only course available to the judge is to prosecute the witness for perjury.
Principles to be followed
The essential principles that must be followed while recording 164 statements are:

The procedures prescribed must be complied with not in form but in substance
Magistrate should make a searching enquiry to ensure that there is absolutely no extraneous influence on the maker
Magistrate must enquire the motivation in making a confession or statement which may go against him
The maker must get sufficient time for reflection
The maker should be protected from possible threat for not making a statement
A non- voluntary confession is unreliable and a retracted confession cannot lead to conviction
Non- compliance of procedure will render confession unworthy of credence
During the time of reflection the maker must be wholly free from police influence
When recording the statement no police officer be in sight in the court
The court must corroborate from the confessional statement before relying on it for conviction.

Defects or irregularities in confession
In the recording of confession the Magistrate must follow all the procedural formalities. The defects and irregularities crept in while recording the confession cannot be easily rectified by any other means. So strict compliance of the procedures prescribed under Sections 164 and 281 CrPC is imperative to make a statement of confession admissible.
It should be borne in mind that the only thing that can be cured when there are defects and irregularities is its form but not its substance.
Court wants training on evidentiary value of 164 statement
A Division Bench of the High Court of Kerala in a recent judgment in Aneesh & another v State of Kerala ( Crl. A. No 95 of 2016 delivered on 28th January 2010) warned that if we unduly rely on unreliable pieces of evidence, such as statements recorded under Sections 161 and 164 of CrPC, natural consequence will be miscarriage of justice. Therefore more effective judicial training shall be scientifically structured for Sessions Judges for their effective performance. The court adds that in a significant number of cases, trial judges have been awarding severe punishment to the accused for commission of a crime that merely exists in the Judge's imagination and nowhere else.
The court points out that the above case is an excellent example in which wrongful conviction was meted out without any evidence on record and it is necessary to give appropriate training to judicial officers to analyse evidence in sessions cases with reference to the ground level facts and law. Therefore the High Court directed the Registry to send a copy of the above judgment to the Director, Kerala Judicial Academy for corrective measures in this regard.
The author, now with Thrissur Bar, can also be reached at rajankila@gmail.com.




			        ""Loved reading this piece by Adv K Rajasekharan? 
			  Join LAWyersClubIndia's network for daily News Updates, Judgment Summaries, Articles, Forum Threads, Online Law Courses, and MUCH MORE!!""




 Join our Telegram group





 Join our Whatsapp group















Click here to Get More Content on LCI Android App











						Tags :Criminal Law
"
How Serious Are The Cases of Economic Offences: Bail Or Jail? ,"
BAIL OR JAIL IN ECONOMIC OFFENCES BY SUPREME COURT
Economic Offences include Companies fraud, Corruption Cases, money laundering, tax evasion, trafficking, cyber law etc. Generally, Supreme Court held that grant of anticipatory bail is not to be done as a matter of rule, especially in matters of economic offences which constitute a class apart because at the stage of anticipatory bail, it may frustrate the investigating agency in interrogating the accused and in collecting useful information and also materials which might have been concealed.
The Court, while granting bail, is to consider the circumstances, the factors such as the nature of accusation and severity of punishment in case of conviction and the nature of supporting evidence; reasonable apprehension of tampering with the witness or apprehension of threat to the complainant and prima facie satisfaction of the court in support of the charge are to be taken into consideration. In addition to aforementioned ingredients, the Court is to see the seriousness of the offence, likelihood of the accused fleeing from justice and tampering with the prosecution witnesses. In addition to that, Triple Test for pre-aresst bail i.e. abscond, tamper with evidence or influence witnesses other aspects to be taken note is the manner in which the offence has taken place, gravity of the offence.
In a landmark decision in Sanjay Chandra Vs. CBI 2011(4) R.C.R. (Criminal) 898 Supreme Court, crystallized the balance between necessity test  and personal liberty as law in respect of regular bail in the following paragraphs:-
22. From the earliest times, it was appreciated that detention in custody pending completion of trial could be a cause of great hardship. From time to time, necessity demands that some unconvicted persons should be held in custody pending trial to secure their attendance at the trial but in such cases, ""necessity"" is the operative test. In this country, it would be quite contrary to the concept of personal liberty enshrined in the Constitution that any person should be punished in respect of any matter, upon which, he has not been convicted or that in any circumstances, he should be deprived of his liberty upon only the belief that he will tamper with the witnesses if left at liberty, save in the most extraordinary circumstances.
In the case of State v. Captain Jagjit Singh (1962) the Supreme Court enumerated relevant factors like nature and seriousness of the offence, the character of the evidence, circumstances which are peculiar to the person accused of an offence, a reasonable possibility of the presence of the accused person not being secured at the trial, reasonable apprehension of witnesses tampering, the larger interests of the public or the State etc., which arise when a court decides on bail for a non-bailable offence.
In the case of State of Rajasthan v. Balchand (1977) the Supreme Court declared that the rule is “Bail not jail”. It further stated that denial of bail is therefore an exception, to be exercised only when there are circumstances indicating absconding from justice or thwarting the course of justice or creating other troubles in the shape of repeating offences or intimidating witnesses and the like, by the accused who seeks enlargement on bail.
The Supreme Court, in the matter of Shahzad Hasan Khan v. Ishtiaq Hasan Khan (1987), has observed that “Liberty is to be secured through the process of law, which is administered keeping in mind the interest of the accused, the near and dear of the victim who lost his life and who feel helpless and believe that there is no justice in the world as also the collective interest of the community so that the parties do not lose faith in the institution and indulge in private retribution”.
In Gudikanti Narasimhulu and Others Vs. Public Prosecutor, reported in AIR 1978 Supreme Court 429, V.R. Krishna Iyer, J., observed that ""Bail or Jail?"" - at the pre-trial or post-conviction stage - largely hinged on judicial discretion. The learned Judge held that personal liberty was too precious a value of our constitutional system recognised under Article 21 that the crucial power to negate it was a great trust exercisable not casually but judicially, with lively concern for the cost to the individual and the community. It was further held that deprivation of personal freedom must be founded on the most serious considerations relevant to the welfare objectives of society specified in the Constitution. The learned Judge quoted Lord Russel who had said that bail was not to be withheld as a punishment and that the requirements as to bail were merely to secure the attendance of the prisoner at trial. According to V.R. Krishna Iyer, J., the principal rule to guide release on bail should be to secure the presence of the applicant to take judgment and serve sentence in the event of the Court punishing him with imprisonment. After holding that it makes sense to assume that a man on bail has a better chance to prepare and present his case than one remanded in custody the learned Judge observed that if public justice is to be promoted mechanical detention should be demoted.
The principles laid down by the Supreme Court in Gurcharan Singh and Others Vs. State (Delhi Administration) AIR 1978 Supreme Court 179 were followed by the Supreme Court in Miss Harsh Sawhney Vs. Union Territory reported in AIR 1978 SCC 1016 and in Mohan Singh Vs. Union Territory, Chandigarh. In Mohan Singh Vs. Union Territory, Chandigarh, reported in AIR 1978 Supreme Court 1095, even though the counsel for the State argued that the corruption of which the accused was prima facie guilty was substantial, the Supreme Court held that it was not sufficient reason to refuse bail. In paragraph 2 of the said judgment the Supreme Court held thus :-
""Counsel for the State pressed before us that the corruption of which the appellant was guilty prima facie according to the results of the investigation) was substantial. Let us assume so. Even then refusal of bail is not an indirect process of punishing an accused person before he is convicted. This is a confusion regarding the rationale of bail. This Court has explained the real basis of bail law in Gurcharan Singh Vs. State (Delhi Administration) AIR 1978 SC 179; (1978 Crl. L.J. 129).
In Kashi Nath Roy v. State of Bihar, the Hon’ble Supreme Court has reminded that,
“As embedded in the criminal jurisprudence obtaining in this country, courts exercising bail jurisdiction normally do and should refrain from indulging in elaborate reasoning in their orders in justification of grant or non-grant of bail. For, in that manner, the principle of “presumption of innocence of an accused” gets jeopardized; and the structural principle of “not guilty till proved guilty” gets destroyed, even though all sane elements have always understood that such views are tentative and not final, so as to affect the merit of the matter”.
In P. Chidambaram vs. CBI (Crl. Appeal No. 1603/2019) has held that “at the stage of granting bail, an elaborate examination of evidence and detailed reasons touching upon the merit of the case, which may prejudice the accused, should be avoided.”
In P. Chidambaram vs Directorate of Enforcement (CRIMINAL APPEAL NO.1831/2019), Hon’ble Supreme Court has considered that, despite holding the if triple test was justified whether other consideration is permissible and for which this Hon’ble Court again reiterated that basic jurisprudence relating to bail remains the same inasmuch as the grant of bail is the rule and refusal is the exception so as to ensure that the accused has the opportunity of securing fair trial. However, while considering the same the gravity of the offence is an aspect which is required to be kept in view by the Court.
In view of above, it is concluded that to convince Hon’ble Court to grant bail, it can be stated by any petitioner that he is a law-abiding citizen having deep roots in the society, he will surrender passport and is willing to abide by all conditions as may be imposed by the court while granting bail and if criminal case is based on documentary case and being a respectable citizen and will not tamper with the documentary record of the instant case which is currently in the safe and secure possession of prosecution and further state if triple test held in favour of petitioner and depending upon the role whether active or passive assigned to petitioner in FIR, he may be the liberty of bail.




			        ""Loved reading this piece by ronak? 
			  Join LAWyersClubIndia's network for daily News Updates, Judgment Summaries, Articles, Forum Threads, Online Law Courses, and MUCH MORE!!""




 Join our Telegram group





 Join our Whatsapp group















Click here to Get More Content on LCI Android App











						Tags :Criminal Law
"
Factors and Conditions of Bail in NDPS ACT 1985 Imp Case Laws,"
The Narcotics Drugs and Psychotropic Substances Act 1985 was enacted in the year 1985, with a view to consolidate and amend the law relating to narcotic drugs, incorporating stringent provisions for control and regulation of operations relating to narcotic drugs and psychotropic substances.  This act categorizes the offense into three categories:- 
1. Small Quantity:- As per section 37 of the NDPS Act, 1985 all the offenses falling under the NDPS Act are cognizable and non-bailable. Meaning thereby, if we go by section 37 of the NDPS Act,1985 even the matters pertaining to small quantity are non-bailable. However, if we go by schedule 2 of Cr.P.C 1973, the offenses punishable up to two years are bailable. There have been instances where the special courts under NDPS Act,1985 even refused to admit persons arrested for small quantity on bail by referring to the aforesaid section 37 of the NDPS Act,1985. Then Hon’ble Delhi High Court for the first time in Minnie Khadim Ali Kuhn vs State Nct Of Delhi & Ors. on 8 May, 2012 held that the matter involving small quantity are bailable irrespective of the fact that it is mentioned in the NDPS Act, 1985 that all offenses are cognizable and non-bailable. 
2. Intermediate Quantity (less than commercial) - For the offenses falling under the intermediate or less than commercial quantity stringent provisions of section 37 are not attracted and the said category is governed by Section 437 of the Code of Criminal Procedure. Commercial Quantity offenses are punishable not less than 10 years and there is an embargo of Section 37 of the NDPS, 1985 in so far as the bail in commercial quantity is concerned. As per section 37 of the NDPS ACT, 1985 bail should not be granted to an accused unless and until there are reasons to believe that the accused has not committed the offense for which he is charged with another condition that an advance notice is given to the prosecutor and the accused should not commit offenses if he be granted bail.   
Hon’ble Supreme Court in Ranjitsing Brahmajeetsing Sharma v. State of Maharashtra and another: 2005 AIR SCW 2215 while considering the provisions of Section 21 of the Maharashtra (Control of Organized Crime) Act, 1999 which are para-materia to Section 37 of the NDPS ACT, has laid down the approach to be adopted while deciding the bail application:-
“Section 21(4) of MCOCA does not make any distinction between an offense which entails a punishment of life imprisonment and imprisonment for a year or two. It does not provide that even in case a person remains behind the bars for a period exceeding three years, although his involvement may be in terms of Section 24 of the Act, the court is prohibited to enlarge him on bail. Each case, therefore, must be considered on its own facts. The question as to whether he is involved in the commission of organized crime or abetment thereof must be judged objectively. Only because some allegations have been made against a high ranking officer, which cannot be brushed aside, may not by itself be sufficient to continue to keep him behind the bars although on an objective consideration the court may come to the conclusion that the evidences against him are not such as would lead to his conviction.  In case of circumstantial evidence like the present one, not only culpability or mens rea of the accused should be prima facie established, the court must also consider the question as to whether the circumstantial evidence is such whereby all the links in the chain are complete.
The wording of Section 21(4), in our opinion, does not lead to the conclusion that the court must arrive at a positive finding that the applicant for bail has not committed an offense under the Act. If such a construction is placed, the court intending to grant bail must arrive at a finding that the applicant has not committed such an offence. In such an event, it will be impossible for the prosecution to obtain a judgment of conviction of the applicant. Such cannot be the intention of the legislature. Section 21(4) of MCOCA, therefore, must be construed reasonably. It must be so construed that the court is able to maintain a delicate balance between a judgment of acquittal and conviction and an order granting bail much before commencement of trial. Similarly, the court will be required to record a finding as to the possibility of his committing a crime after the grant of bail. However, such an offense in the future must be an offense under the Act and not any other offense. Since it is difficult to predict the future conduct of an accused, the court must necessarily consider this aspect of the matter having regard to the antecedents of the accused, his propensities and the nature and manner in which he is alleged to have committed the offence. It is furthermore trite that for the purpose of considering an application for grant of bail, although detailed reasons are not necessary to be assigned, the order granting bail must demonstrate application of mind at least in serious cases as to why the applicant has been granted or denied the privilege of bail. The duty of the court at this stage is not to weigh the evidence meticulously but to arrive at a finding on the basis of broad probabilities. However, while dealing with a special statute like MCOCA having regard to the provisions contained in Sub-section (4) of Section 21 of the Act, the Court may have to probe into the matter deeper so as to enable it to arrive at a finding that the materials collected against the accused during the investigation may not justify a judgment of conviction.
The findings recorded by the Court while granting or refusing bail undoubtedly would be tentative in nature, which may not have any bearing on the merit of the case and the trial court would, thus, be free to decide the case on the basis of evidence adduced at the trial, without in any manner being prejudiced thereby.”  Re-affirming the principles laid down by Hon’ble Supreme Court in Ranjitsing Brahmajeetsing vs State Of Maharashtra & Anr on 7 April, 2005 Delhi High Court in Ram Narayan vs State on 24 May, 2005 granted regular bail to an accused in commercial quantity. Also in Union of India v. Shiv Shanker Kesari (2007) 7 SCC 798 Hon’ble Supreme Court has explained the approach that a Court should adopt in an application for bail under Section 37 of the NDPS ACT:  “The Court while considering the application for bail with reference to Section 37 of the Act is not called upon to record a finding of not guilty. It is for the limited purpose essentially confined to the question of releasing the accused on bail that the court is called upon to see if there are reasonable grounds for believing that the accused is not guilty and records its satisfaction about the existence of such grounds. But the Court has not to consider the matter as if it is pronouncing a judgment of acquittal and recording a finding of not guilty.  Additionally, the Court has to record a finding that while on bail the accused is not likely to commit any offence and there should also exist some materials to come to such a conclusion.""  Re-affirming the principles laid down in Ranjitsing Brahmajeetsing vs State Of Maharashtra & Anr on 7 April, 2005 and Union of India v. Shiv Shanker Kesari (2007) 7 SCC 798 Delhi High Court in Amarjeet Singh vs D.R.I. on 29 May, 2009 has granted bail to an accused in commercial quantity. 
In short, the relevant consideration that might be taken into consideration is the background, the general character and the records available with the police etc. and bail could be granted by Court of law depending upon the facts and circumstances of the case. Nature of the offence and the gravity thereof and also the antecedents of the accused are the relevant consideration for the court at the time of disposing of the bail application. Even otherwise, grant of bail is a rule and its rejection is an exception, also that the accused is innocent till guilt is proved. These cardinal principles of criminal law have to be borne in mind while considering the concession of bail.




			        ""Loved reading this piece by Kapil Chandna? 
			  Join LAWyersClubIndia's network for daily News Updates, Judgment Summaries, Articles, Forum Threads, Online Law Courses, and MUCH MORE!!""




 Join our Telegram group





 Join our Whatsapp group















Click here to Get More Content on LCI Android App











						Tags :Criminal Law
"
Acquittal of the Accused before Defence Evidence,"
Acquittal before defence evidence in sessions trial is something very rarely happens in Indian courts but there is a legal provision in the Criminal Procedure Code, 1973 (CrPC), for the purpose. It is a mechanism incorporated in the law to end the criminal proceedings against the person accused of criminal offence unnecessarily, at an early opportunity in the trial process.
Prosecution starts the sessions trial
In Sessions trial, after opening of the prosecution case under Section 226 of the CrPC and the production of both oral and documentary evidence for prosecution under Section 231 of the CrPC, the prosecution concludes its evidence.
After it closes its evidence, the prosecution has normally no right to call further evidence. But if the court comes to the conclusion that it is absolutely necessary to call the witness to arrive at a just decision in the case, the court can allow further evidence under Section 311 of the CrPC.
Examination of the accused
After conclusion of the prosecution evidence and before proceeding to the defence evidence, the accused would be examined with questions generally on the case, under Section 313 CrPC.
The purpose of this examination is to enable him to explain any circumstances appearing in the evidence against him. This examination is done not on oath and the answers he gives would not be used to convict him.
The judge has unfettered power to put any question to the accused as he considers necessary without any previous warning.
Acquittal under 232 when no evidence
The prosecution and defence can, under Section 232 CrPC, argue for and against the charge proposed in the case.
On hearing the prosecution and the defence, if the judge considers that there is no evidence that the accused committed the offence, then the judge is bound to issue an order of acquittal rather than framing the charge.
The purpose of the argument under this section is to expedite conclusion of the trial, avoid unnecessary harassment of the accused and waste of public time when there is “no evidence” at all on the prosecution side. The Section 232 CrPC confers a very important statutory right upon the accused enabling him to take his chance of acquittal.
The defendant is under no duty to disclose the names of his defence witnesses till the court considers the acquittal (or non-acquittal) under Section 232 CrPC. If the accused is not acquitted under Section 232 CrPC, then the accused will be called onto enter into his defence under Section 233 CrPC.
When the judge comes to the conclusion that there is “no evidence” and acquits the accused, he has to apply his mind and give reasons of acquittal in the order. The order of acquittal is appealable. In case of non-acquittal of the accused, the judge should issue an order indicating that it was not a case of “no evidence” but a case fit for the accused to enter on his defense.
Written statement can be filed during defence
After giving statements under Section 313 CrPC by the accused no written statement concerning it can be filed.
But it is possible for an accused to file a written statement under Section 233(2) once he enters upon his defence with supporting evidence thereof.  
Judge plays a crucial role in acquittal
The acquittal under Section 232 CrPC is there only in Sessions Trial, but not in Warrant Case. The judge plays a crucial role in the acquittal of the accused at this stage. Only a learned and competent judge can take such a bold decision as he is bound to justify the decision with sufficient reasoning. Allowing the accused to proceed to further phase of trial process is an easier and less strenuous option for a judge.  
The term “no evidence” used in the section refers to “no legal evidence of proof” but not of “no evidence” or “not satisfactory” evidence. It means the evidence available would not constitute the offence charged or the essential elements of the offence are absent, even if the evidence is factual.
The acquittal of the accused under Section 232 CrPC is not possible when the prosecution adduces no evidence at all and the statement of accused under Section 313 CrPC is not recorded. In such a situation, discharge (rather than acquittal) of the accused alone is possible.
What the court must ensure
In acquittal under Section 232 CrPC, the Sessions Court must ensure that the prosecution evidence was closed under Section 231 CrPC, the hearing was held under section 232 CrPC and the mind of the court was applied under Section 232 CrPC. After that a decision on “no evidence” was taken and then a detailed order of acquittal with reasons for arriving at the decision must be passed.
If there is sufficient evidence to proceed with the trial, then the court will issue a brief order and ask the accused to enter on defence evidence. If the accused produces no evidence at all in the defence evidence, it is safer to record his statement and obtain his signature so as to avoid any denial on his part later.
Non-compliance not to vitiate proceedings
Non compliance of the procedures under Section 232 CrPC will not vitiate proceedings or invalidate it when no substantial prejudice occurs against the accused.
But when a failure of justice has in fact been occasioned by that non-compliance, it is curable under Section 465 CrPC in the appeal stage.
Conclusion
Acquittal under Section 232 CrPC is a safety valve to the innocent person unduly accused with criminal offences.
If the judge properly applies his discretion in acquitting such people at an early stage of criminal trial, it will be beneficial to the accused persons unnecessarily charged with fabricated offences and to the criminal justice system as a whole in myriad ways.
NB: The author of this article, now with Thrissur Bar, can also be reached at rajankila@gmail.com




			        ""Loved reading this piece by Adv K Rajasekharan? 
			  Join LAWyersClubIndia's network for daily News Updates, Judgment Summaries, Articles, Forum Threads, Online Law Courses, and MUCH MORE!!""




 Join our Telegram group





 Join our Whatsapp group















Click here to Get More Content on LCI Android App











						Tags :Criminal Law
"
The NDPS Act 1985 - Bail and it's Underlying Principles (Imp Case Laws),"
Alcohol and drugs are used to obtain relief from pain and misery and to attain a state of forgetfulness and with the technological advancements, western culture setting in and many other factors, this attainment seems to have touched almost 70% population in India (Specially students).
Narcotics, Drugs and Psychotropic Substances Act, 1985 was enacted in the year 1985, with a view to consolidate and amend the law relating to narcotic drugs, incorporating stringent provisions for control and regulation of operations relating to narcotic drugs and psychotropic substances.
To strike a balance between law offender and lawful persons, bail provisions are incorporated but were made very stringent and if any person is convicted for possessing or selling contraband of commercial quantity then he had to face minimum sentence of ten years.
The whole object of the arrest and detention of an accused is, obviously, to secure his appearance and to have him abide by the sentence of law. That being so, except where a statute specifically requires, the principles which should guide the courts in the exercise of their discretion to grant bail or not is the probability of the accused appearing to take the trial, and not his supposed guilt or innocence. Considerations such as the nature of indictment, the nature of evidence and the severity of punishment awardable, have their relevance only because they effect the livelihood of the prisoners failing to appear for his trial.
Though Section 37 of the NDPS Act which lays down two limitations;
One, that the court is prima facie of the view that the accused is not guilty of the offence and;
Second, that he is not likely to commit any offence while on bail but at the stage of prayer for granting bail it is open for the accused to rely upon the statutory violation or procedural irregularities of the prosecution to contend the prejudice caused to him.
In case reported in Ashkar v. State of Kerala, 2019 SCC OnLine Ker 1406 Ker HC. In NDPS case, Bail application of accused was allowed as he did not possess ‘commercial quantity’ of psychotropic substance.
In case Sukhdev Singh Vs. U. T. Chandigarh 1986 Cr.L.J. 1757 (P&H) in which the Court explain the language of the section 37 (1) (b) that the court must adopt a negative attitude towards bail but turn positive firstly if it is satisfied that there are reasonable grounds for believing that the accused is not guilty of offence under the Act and secondly that he is not likely to commit any offence while on bail. Both these test must be satisfied before bail can be granted.
Recently, Apex Court, the bench comprising Justices L. Nageswara Rao and Deepak Gupta in Sujit Tiwari vs State of Gujarat, observed that the case of the appellant herein is totally different from the other accused. The court noted that the provisions of Section 37 of the NDPS Act lays down two limitations; one, that the court is prima facie of the view that the appellant is not guilty of the offence and secondly, that he is not likely to commit any offence while on bail.
In case reported VikasSagar v. State of Himachal Pradesh, 2019 SCC OnLine HP 1524 decided by Himachal Pradesh High Court by ChanderBhusanBarowalia, J. granted bail to a 22 year old student for an offence committed under Section 21 of the Narcotic Drugs and Psychotropic Substances Act. As per the averments made by him, the petitioner claimed to be innocent and that he was falsely implicated for the case.
In short, the relevant considerations that might be taken into consideration are the background, the general character and the records available with the police, etc. and bail could be granted by Court of law depending upon the facts and circumstances of the case. Nature of the offence and the gravity thereof and also the antecedents of the accused are the relevant consideration for the court at the time of disposing of the bail application. Even otherwise, grant of bail is a rule and its rejection is an exception, also that the accused is innocent till guilt is proved. These cardinal principles of criminal law have to be borne in mind while considering concession of bail.




			        ""Loved reading this piece by ronak? 
			  Join LAWyersClubIndia's network for daily News Updates, Judgment Summaries, Articles, Forum Threads, Online Law Courses, and MUCH MORE!!""




 Join our Telegram group





 Join our Whatsapp group















Click here to Get More Content on LCI Android App











						Tags :Criminal Law
"
Discharge of an Accused in a Criminal Case,"
The usual procedure in a criminal case is that if the police investigation shows there is a prima facie criminal offence against the accused, then a final police report (Charge Sheet/Challan) is filed. The accused is then put to trial for framing of charges against him, by the Court.
However, the court can discharge the accused person before it frames the charges against him if no offence is prima facie made out.
Legal provision on discharging an accused
The Section 227 of the Criminal Procedure Code, 1973 (CrPC) deal with discharge of the accused in a Sessions Case by the Sessions Judge.
The Section 239 deals with the discharge of an accused in a warrant case by the Magistrate.
The Section 245 of the CrPC provides for discharge of an accused in a Complaint Case (instituted otherwise than on police report) by the Magistrate.
When the judge should discharge the accused
In Sessions and Warrant Cases falling under the Sections 227 and 239 of the CrPC, if the judge considers that there is no sufficient ground for proceeding against the accused upon

considering the police report along with the documents sent with it under Section 173,
making necessary examination of the accused and
after giving the prosecution and the accused an opportunity of being heard,

he can outright discharge the accused and record his reasons for so doing.
In discharging the accused the judge has to apply his judicial mind and decide whether a sufficient case for trial of the accused has been made out. The recording the reason for the discharge enables the superior court to examine the correctness of the reasons the judge held while not proceeding against the accused. In case there are suspicious circumstances the judge, exercising his wider discretion, can proceed to the trial as well.
In Complaint Cases falling under Section 245 of the CrPC, the Magistrate on hearing the prosecution and taking all evidence produced in support of the complaint if the Magistrate considers that no case against the accused has been made out he shall discharge him. In this kind of cases, the Magistrate can discharge the accused well before this stage also.
The precise purpose of the provision of discharge is to save the accused from prolonged harassment of a protracted trial when a firm accusation is not sufficiently made out against the accused.
Ingredients for Discharge
The Court will have to consider the final Police Report and the documents filed by the Police under Section 173. Then both the prosecution and the defence versions would be heard. If the Charge against the accused to be found groundless or no iota of evidence against the accused is brought out against the accused, then the accused will be discharged.
Principles applicable in discharge
The judge while considering the question of framing the charges has the undoubted power to sift and weigh the evidence to find out whether a prima facie case against the accused has been made out or not.
If the materials produced before the court discloses a grave suspicion the court is justified in framing the charge and proceeding with the trial.
The test to determine a prima facie case is dependent on the facts of the case. If two views are possible the judge can discharge him when the materials do not show some sort of suspicion in regard to commission of the offence. The suspicion need not be a grave one.
while exercising the function of charging or discharging the accused, the judge should consider broader probabilities of the case, total effect of the evidence and the documents produced before him, the basic infirmities appearing in the case, and so on.
Applicability of Discharge
The discharge under Section 239 CrPC is applicable to Warrant Cases (Cases of a serious nature) alone.
In many of the cases, the Final Report filed by the Police under Section 173 of the CrPC can be assailed in the court when it does not show the material particulars pertaining to the offences alleged. If vital elements of the crime are not made out in the police report, then the court is liable to discharge the accused as no prima facie case is made out.
 In such a situation the court is left with no other way other than discharging the accused.
Documents perused by the Court
At the stage of framing of charge, the prosecution evidence does not commence. So the Magistrate has to confine his application of mind primarily to the materials placed before it by the Investigation Officer to arrive at a proper decision. If the court finds that the accused might have committed the offence it can frame the charge, though such a conclusion is not good enough to convict the accused.  At the stage of framing of charge, the court cannot go into the material details of the evidence on record and cannot make a roving enquiry into the evidence.
Thus the Complainant’s allegations, Witness Statements and Charge Sheet prepared by the police after investigation, are the crucial materials to be considered by the Court while deciding the issue of discharge of the accused.
Contents of a Discharge Petition
The petition should assert that no material particulars of the offence have been specified in the F.I.R and the Charge sheet. It can point out the vagueness in allegations in F.I.R and Charge sheet. It can also show how the F.I.R and Charge Sheet do not show prima facie evidence of the allegation.
It can point out how the prosecution version of the case do not go consistent with the testimony of the prosecution witnesses. Contradictions present in the versions of the prosecution and witnesses can be highlighted. The difference between the allegations in the charge sheet and the FIR can be made out.
What a prima facie case means
The term prima-facie in the context of discharge means that there must not be a single shred of evidence against the accused. Even though some suspicion exists against the accused he can be discharged when the suspicion is not so grave.
Difference between acquittal and discharge
An acquittal under the provisions of CrPC is conceptually quite different from discharge.
After framing a charge there can be only one of the two possibilities in a trial: the accused is either convicted or acquitted. On framing of charge, if no evidence is led by the prosecution the court cannot convict the accused. Then an order of acquittal alone can be passed. It is not discharge.
But before framing the charge, the court need not conduct any elaborate enquiry. It only considers whether no sufficient ground exists for proceedings against the accused or not. If it finds no reason to proceed, it will discharge the accused, otherwise the court will frame the charge and proceed with the trial of the accused.
NB: The author, now with Thrissur Bar, can also be reached at rajankila@gmail.com




			        ""Loved reading this piece by Adv K Rajasekharan? 
			  Join LAWyersClubIndia's network for daily News Updates, Judgment Summaries, Articles, Forum Threads, Online Law Courses, and MUCH MORE!!""




 Join our Telegram group





 Join our Whatsapp group















Click here to Get More Content on LCI Android App











						Tags :Criminal Law
"
"All About Framing a Charge in a Criminal Case, an Important Skill!","
What is a charge in a criminal case?
A charge in a criminal case is a written notice in which precise and specific accusation against the accused in regard to the offence is stated. It is the foundation of the criminal trial.  The charge conveys the accused the accusation which the prosecution intends to prove against him in the court. It enables him to prepare for his defense in regard to the accusation.
The charge is drawn up in the form of a statement and contains the description of the offence alleged to have been committed. The prosecution needs to tender evidence only on matters put in the charge and not on any other matter. Therefore the charge enables the accused to know the accusation against him in the case and remain ready to give evidence in his defense once the prosecution produces its evidence.
At the stage of framing of charge the court is not expected to foresee whether the prosecution will be able to prove the case against the accused. On the other hand the judge needs to be convinced that there exists a prima facie case.
Legal provisions
The Sections 211 to 214 of the Criminal Procedure Code, 1973 (CrPC) deal with what the charge should contain. The Sections 216 -217 state the power of the court to alter the charge. The section 218 says that for every distinct offence there should be a charge and every distinct charge must be tried separately. Section 219, 220 and 221 are exceptions to this rule.
The Section 221 deals with circumstances in which the accused can be convicted of an offence for which he was not charged with. The Section 224 deals with the effect of withdrawal of the remaining charges on conviction on one of the several charges. Sections 215 and 464 speak about errors or commissions in stating the offence.
Court should frame changes
It is the court which has to frame the charge. The concerned public prosecutor should verify the charge and request the court to amend and correct the charge if required. In framing the charge the court will have to confine its focus on the documents referred to in the police report or the documents a complainant files. There is no necessity to hear the accused at this state of framing of charge, except for discharge.
No reason need to be recorded for framing charge but for discharging the accused the magistrate need to record reasons. Neither there is need for appreciating evidence at this stage nor need witnesses to be called.
Altering or adding charges
The court can alter or add any charge before the judgment but a charge cannot be dropped but the accused should be acquitted in such a case of dropping of a charge. The court can exercise the power of addition or modification of charges under Section 216 of the CrPC only when there is some material before the court. The words “add to” in the section mean addition of new charge. An erroneous or improper charge may be corrected by re-framing it properly. The prosecution or a party cannot apply for deleting a charge or adding a new charge. But the prosecutor can request the court to amend or correct a charge if required.
The alteration or addition of charge shall be read to the accused. If the alteration or addition of charge prejudices the accused in setting up his defence the court can conduct a new trial. When the prosecution files an application for framing of additional charge the court has to decide the request. Alteration of charge without explaining it to the accused is illegal.
Requirements of a charge
Every charge shall contain the offence with which the accused is charged. The offence must be described in the charge by the name the offence is called in the law. Examples of   such offences are murder, cheating etc.
In some other cases specific details need to be given in the charge. The charge in respect to conspiracy must be specific. Stating that the accused conspired is not good enough a description in charge.  The particulars of the conspiracy should be noted so as the accused get a clear picture of the charge. When forgery is the charge it must state that the false document was fraudulently prepared to cause wrongful gain. In 504 IPC the objectionable words should be set out unless the accused is perfectly aware of them. When housebreaking is for hurt it cannot be charged for house breaking for adultery. Similarly if 302 of Indian Penal Code (IPC) is not framed but only 304 IPC is framed then he cannot be convicted for 302 IPC as it would cause prejudice to him.
When framing the charge the court should be satisfied that the prima facie ingredients of the offence alleged in the complaint are made out.
When the law does not have a name
If the law does not give any name to the offence but only describes it then the description of offence as provided in the law must be stated. The section and the name of the offence must be stated. The charge must be written in the language of the court.
If the punishment to the accused is liable to be enhanced on account of previous punishment, then the facts, date and place of such conviction should be stated.
Charge must include time, place & the victim
The time, place and person against whom the offence was committed, must be stated in the charge. The manner of committing the offence is also essential.
In several offences, failure to give the nature and particulars of the offence with certainty and accuracy is detrimental. In offences like arson, no particulars except the date, time and place are required. If the offence is criminal breach of trust, or misappropriation the date between which it was committed must be stated.
A charge does not turn invalid because of wrong mentioning of time. Particulars of committing the offence should also be there in the charge. The charge should provide a correct picture of the offence. The charge should refer to the section punishing and not the section defining the offence.
Charge is used as a statement of a specific offence and not as the statement of an entire series of offences. But it may include more heads than one in some cases. If charge is having two or more heads each charge must separately be detailed.
No formal charge is needed in summons case or summary trial. But in warrant and sessions cases charge needs to be framed. However there is no impediment for the court to frame charges even in summons cases.
Errors should not prejudice accused.
Any error in stating the charge or any omission in stating the offence shall not be material unless such error or omission misleads the accused in setting up his defence or causes a failure of justice.
A technical breach of judicial procedure should not result in failure of justice. Unless there is prejudice to the accused any error or irregularity is not fatal and it should not vitiate the trial. But this does not mean that the judges and Magistrates can overlook or ignore the provisions relating to charge wholly. The rule ought to be observed normally.
Similarly when wrong charge is framed and the accused is convicted it cannot remain valid. Therefore it should be set aside.
Joinder of charges
Normal rule is that for every offence there shall be a separate charge. Every such distinct charge shall be tried separately.  Distinct charge means it is non-identical and not interrelated with another in any way.  
However certain persons may be charged and tried together.  All person accused of the same offence, persons accused of an offence and persons accused of its abetment, persons accused of more than one offence of the same kind, persons accused of different offences in one transaction etc, can be charged and tried jointly.
If the accused applies for in writing and if the Magistrate thinks he should not be prejudiced, the Magistrate can try all or any number of charges together against such person. If a case is for murder and robbery then both interrelated offences cannot be split up into two. Similarly when an accused committed murder under section 302 and theft under section 380 the judge cannot separate both the charges and try for one only. The accused however has no right to claim joinder of charges or of offenders.
When there were two sessions cases - one on a police complaint and another on a criminal complaint - arose out of the same transaction, the Supreme Court, in Kevalkrishna v SurajBhan ( AIR 1980 SC 1780), decided both should be tried together so as to avoid conflicting judgments. But the prosecution version in a police report case and a complaint case are materially different, both cannot be clubbed together.
Joint trial for three offences in one year
When a person is accused of more than one offence of the same kind committed within one year in respect of same or other person he may be charged and tried in one case.
That means three offences of the same kind within one year can be tied together.
One trial for many offences in one transaction
If a person does more than one offence in one series of acts or same transaction, then he can be tried in one trial for all such offences. The offences in one transaction must have been so connected in such a way it constitutes a continuous whole.
Offence committed is doubtful
When an offence committed on a single act or a series of acts is doubtful in nature as to the section under which it falls, the accused can be charged for having committed all or any of them.
In such cases, even if an alternative charge is framed depending upon evidence he can be convicted in the offence not included in the charge, which might have been charged in normal course.
Persons jointly tried
All persons who have done an offence together may be charged jointly. Persons accused of an offence and abetting the offence can be tried together in joinder of charges. Persons accused of more than one offence of the same kind committed jointly within a period of 12 months can be joined for trial. Persons accused of theft, exhortation, cheating or criminal misappropriation and persons accused of receiving, retaining or assisting in disposal or concealment of property in a commission of offences can be tried together.
Similarly, persons accused of receiving and disposing of stolen property can be jointly tried. Persons engaging in offences relating to counterfeit coins and stamps can be tried together.
If any accused person desires to be tried together based on his written application if it would not prejudice him, he can be tried with others in a joint trial.
Withdrawal of charges
If a person accused is convicted for one of the several distinct charges before the other charges are tried, if the prosecution or complainant withdraw the remaining charges with permission of the court, such withdrawal would have the effect of acquittal unless the conviction is set side in the appeal.
This does not apply to cases falling under section 220 (3), 224 (4) or 221`(1) of the CrPC. But it applies to cases under Section 219 or 220 (1) of the CrPC.
Such permission for withdrawal is possible only when there is joinder of charges in the same case but it is not possible when separate charges of distinct offences are tried separately in different cases.
A model of charge with two heads - Example
I, (name and office of the Sessions Judge) hereby charge you (name of the accused person) as follows:
First - That you, on or about the ------- day of ---------- at -----------, committed murder by causing the death of ------------, and thereby committed an offence punishable under Section 302 of the Indian Penal Code, and within the cognizance of this Court of Session.
Secondly – That you, on or about the ---------- day of ----------- at ----------- by causing the death of ----------------, committed culpable homicide not amounting to murder, and thereby committed an offence punishable under Section 304 of the Indian Penal code, and within the cognizance of this Court of Session.
And I hereby direct that you be tried by this court on the said charge.
(Signature and Seal of the Sessions Judge)
Conclusion
Framing of charges in a criminal case is as important as framing of issues in a civil case. Both put the firm foundation in the respective court case. It is an area in which the advocates must have sound knowledge.
Improper framing of issues or charges can cause havoc in judicial proceedings. It may lead to failure in justice on account of improper decisions arising out of improper framing of issues or charges.
NB: The author, now with Thrissur Bar, can also be reach at rajankila@gmail.com




			        ""Loved reading this piece by Adv K Rajasekharan? 
			  Join LAWyersClubIndia's network for daily News Updates, Judgment Summaries, Articles, Forum Threads, Online Law Courses, and MUCH MORE!!""




 Join our Telegram group





 Join our Whatsapp group















Click here to Get More Content on LCI Android App











						Tags :Criminal Law
"
Supreme Court on Parameters of Anticipatory Bail,"
When any person apprehends that police is going to arrest him/her on false or motivated charges then before arrest he has the right to move the court of Session or the High Court under section 438 of the code of Criminal Procedure for grant of bail in the event of his arrest, and the court may, if it thinks fit, direct that in the event of such arrest, he shall be released on bail and anticipatory bail can be granted by Sessions Court and High Court.
The provision of anticipatory bail has many dimensions but in practical, a large number of undertrials are languishing in jail for a long time even for allegedly committing very minor offences because section 438 Cr.P.C. has not been allowed its full play. However, scope of power under section 438 CrPC was dealt in detail by Hon’ble Supreme Court Constitution Bench in Gurbaksh Singh Sibbia and Ors. v. State of Punjab [(1980) 2 SCC565] where scope of judicial discretion in the matter of anticipatory bail and its importance was emphasized by the bench courts in general used to erroneously invoke such power only in exceptional or rare cases. No general guidelines has been laid down by Hon’ble Supreme Court for invoking power under section 438 CrPC for releasing accused but it has been held in various cases to consider below factors before granting benefit of bail to accused.
It all depends upon whether there is any prima facie or reasonable ground to believe that the accused had committed the offence; nature of allegations- Severity/gravity of the allegations or severity of the punishment in the event of conviction; further chances of the accused absconding from the processes of law or whether the accused has roots in the society; whether habitual offender; chances of the accused creating hurdles in the fair investigation or the trial; chance of witness or evidence tampered; case required custodial interrogation. Another fact about likelihood of the offence being repeated; nature of evidence, which has been gathered by the investigating agency and if the offence is proved the maximum sentence, which it may entail and last but not least about frivolity in prosecution should always be considered.
It was held by  Apex Court in Maneka Gandhi v. Union of India, (1978) 1 SCC 248, that in order to meet the challenge of Article 21 of the Constitution, the procedure established by law for depriving a person of his liberty must be fair, just and reasonable. That Constitution Bench of Honourable Apex Court in the case of Gurbaksh Singh Sibbia and Others v. State of Punjab -(1980) 2 SCC 565 emphasized that provision of anticipatory bail enshrined in Section 438 of the Code is conceptualised under Article 21 of the Constitution which relates to personal liberty. Therefore, such a provision calls for liberal interpretation of Section 438 of the Code in light of Article 21 of the Constitution.
The proper course of action ought to be that after evaluating the averments and accusation available on the record if the court is inclined to grant anticipatory bail then an interim bail be granted and notice be issued to the public prosecutor and after hearing the public prosecutor the court may either reject the bail application or confirm the initial order of granting bail. During this, the court would certainly be entitled to impose conditions for the grant of bail and public prosecutor or complainant would be at liberty to move the same court for cancellation or modifying the conditions of bail any time if liberty granted by the court is misused.
In case of refusal of Anticipatory bail by Session Court then petition before High Court lies and in case both courts reject the petition for anticipatory bail, then against the rejection order by Hon’ble High Court, the remedy lies by filing Special leave petition under Article 136 of Constitution of India before Apex Court. Recent decision of the Supreme Court in the case of P Chidambaram v. Directorate of Enforcement yet again gives rise to the extensive debate between custodial interrogation and anticipatory bail. The most comprehensive analysis of the nature and scope of Section 438 is contained in the Constitution Bench judgment of Gurbaksh Singh Sibbia (supra). This decision emphasises that Section 438 has to be interpreted that principle of presumption of innocence in favour of the accused and power exercised under Section 438 cannot be interpreted in a manner that creates fetters or unnecessary restrictions. It is common knowledge that custodial interrogation is the weapon wielded by investigating agencies to secure clinching evidence against an accused. On the other hand, anticipatory bail is the shield deployed by an accused to avoid the inclemency of arrest and custody. In short, anticipatory bail is an important shield given to innocent to protect themselves from false and motivated cases to protect their personal liberty as setforth under Article 21 of Constitution of India.




			        ""Loved reading this piece by Kapil Chandna? 
			  Join LAWyersClubIndia's network for daily News Updates, Judgment Summaries, Articles, Forum Threads, Online Law Courses, and MUCH MORE!!""




 Join our Telegram group





 Join our Whatsapp group















Click here to Get More Content on LCI Android App











						Tags :Criminal Law
"
